<?xml version="1.0" encoding="windows-1251"?>
<string_table>
  <string id="st_achievement_10_descr">
    <text>What an embarrassment to your opponent! Killed for the tenth time, he couldn't get you even once. Hopefully he doesn't take this as an unnecessary cruelty, but as motivation to practice.</text>
  </string>
  <string id="st_achievement_10_name">
    <text>Killing time</text>
  </string>
  <string id="st_achievement_11_descr">
    <text>Two kills with one bullet? Badass!</text>
  </string>
  <string id="st_achievement_11_name">
    <text>Skewer</text>
  </string>
  <string id="st_achievement_12_descr">
    <text>You represent instant death for the enemy. A double kill with a hunting rifle? Not bad, not bad at all...</text>
  </string>
  <string id="st_achievement_12_name">
    <text>Two shots - Two kills</text>
  </string>
  <string id="st_achievement_13_descr">
    <text>You have become first of the legendary stalkers of the Zone.</text>
  </string>
  <string id="st_achievement_13_name">
    <text>Career</text>
  </string>
  <string id="st_achievement_14_descr">
    <text>Exoskeletons are no match for your trusty knife.</text>
  </string>
  <string id="st_achievement_14_name">
    <text>Can Opener</text>
  </string>
  <string id="st_achievement_15_descr">
    <text>They thought they got you? Hah, not like that! You were two steps from death, and still you managed to lay out five of them.</text>
  </string>
  <string id="st_achievement_15_name">
    <text>Diehard</text>
  </string>
  <string id="st_achievement_16_descr">
    <text>You just buried them in a mound of lead. Five kills in five seconds - impressive!</text>
  </string>
  <string id="st_achievement_16_name">
    <text>Unyielding Fury</text>
  </string>
  <string id="st_achievement_17_descr">
    <text>When they said "Not till you see the whites of their eyes" - you took it to heart. To kill them twice like that without dying, - now that's something!</text>
  </string>
  <string id="st_achievement_17_name">
    <text>Oculist</text>
  </string>
  <string id="st_achievement_18_descr">
    <text>They could be waiting behind that corner, but they'll never be a problem. Even while running you could shoot the eyes off a crow.</text>
  </string>
  <string id="st_achievement_18_name">
    <text>Lightning Reflex</text>
  </string>
  <string id="st_achievement_19_descr">
    <text>Let the enemy run, let him run like his life depends on it! Even an olympic athlete can't outrun bullets.</text>
  </string>
  <string id="st_achievement_19_name">
    <text>Catch the runner</text>
  </string>
  <string id="st_achievement_1_descr">
    <text>A real bloody battle... You killed 20 men without breaking a sweat!</text>
  </string>
  <string id="st_achievement_1_name">
    <text>Carnage</text>
  </string>
  <string id="st_achievement_20_descr">
    <text>Let all three of them have snipers, your masterful skills took them all out.</text>
  </string>
  <string id="st_achievement_20_name">
    <text>The best shooter</text>
  </string>
  <string id="st_achievement_21_descr">
    <text>Leave the barbaric methods to the enemies. You managed to prove you don't need to fire a single shot to win.</text>
  </string>
  <string id="st_achievement_21_name">
    <text>Pacifist</text>
  </string>
  <string id="st_achievement_22_descr">
    <text>What's distance to an experienced sniper like you? You could hit a bullseye at over 120 meters.</text>
  </string>
  <string id="st_achievement_22_name">
    <text>Deadly accuracy</text>
  </string>
  <string id="st_achievement_23_descr">
    <text>He got you. But, imagine the look on his face when he finds a live grenade next to your backpack!</text>
  </string>
  <string id="st_achievement_23_name">
    <text>Parting Gift</text>
  </string>
  <string id="st_achievement_24_descr">
    <text>They killed your friends, and earned your wrath. Three corpses for three corpses - they got off lightly.</text>
  </string>
  <string id="st_achievement_24_name">
    <text>Vengeful</text>
  </string>
  <string id="st_achievement_25_descr">
    <text>You're a guardian angel to your artifact carrier. Killing anyone who tried to get him, you saved your friend's life twice over.</text>
  </string>
  <string id="st_achievement_25_name">
    <text>Cherub</text>
  </string>
  <string id="st_achievement_26_descr">
    <text>You stood your ground and held your team's pride! This victory didn't come easy to the enemy.</text>
  </string>
  <string id="st_achievement_26_name">
    <text>Save Face</text>
  </string>
  <string id="st_achievement_27_descr">
    <text>You really know where it will show up? Either way, you managed to grab the artifact only seconds after it appeared.</text>
  </string>
  <string id="st_achievement_27_name">
    <text>Stalker's Intuition</text>
  </string>
  <string id="st_achievement_28_descr">
    <text>Real lucky... You managed to kill the enemy with the last bullet in the magazine! Well, better him than you, right?</text>
  </string>
  <string id="st_achievement_28_name">
    <text>Lucky</text>
  </string>
  <string id="st_achievement_29_descr">
    <text>One after another, you killed eight of them. You shook their hands afterward, not afraid of a rematch.</text>
  </string>
  <string id="st_achievement_29_name">
    <text>Blacklist</text>
  </string>
  <string id="st_achievement_2_descr">
    <text>This time, no one could get you: they just couldn't deal with such a careful and cunning enemy. You managed 15 points in one match without dying!</text>
  </string>
  <string id="st_achievement_2_name">
    <text>Paranoia</text>
  </string>
  <string id="st_achievement_30_descr">
    <text>You love to do your work discreetly, so you always use a silencer. They never knew what hit them.</text>
  </string>
  <string id="st_achievement_30_name">
    <text>Silent Death</text>
  </string>
  <string id="st_achievement_3_descr">
    <text>The enemy lost hard: not only did you win, but you have twice the score of their best player.</text>
  </string>
  <string id="st_achievement_3_name">
    <text>Utter Domination</text>
  </string>
  <string id="st_achievement_4_descr">
    <text>The daring plan to capture the artifact worked! You bankrolled your team less than three minutes after the start of the game.</text>
  </string>
  <string id="st_achievement_4_name">
    <text>Blitzkrieg</text>
  </string>
  <string id="st_achievement_5_descr">
    <text>You didn't leave your opponents any chance! They couldn't get even one artifact.</text>
  </string>
  <string id="st_achievement_5_name">
    <text>Flawless Victory</text>
  </string>
  <string id="st_achievement_6_descr">
    <text>You won it all: most kills, most captured artifacts, fewest deaths... That's the way to do it!</text>
  </string>
  <string id="st_achievement_6_name">
    <text>All-rounder champion</text>
  </string>
  <string id="st_achievement_7_descr">
    <text>The cold steel of your combat knife is but an extension of your own body. In three minutes you gutted 3 enemies!</text>
  </string>
  <string id="st_achievement_7_name">
    <text>Berserker</text>
  </string>
  <string id="st_achievement_8_descr">
    <text>Even the most experienced enemy has a weak spot. You sure found his "Achilles' heel" when you shot him with your pistol - in the eye.</text>
  </string>
  <string id="st_achievement_8_name">
    <text>"Achilles' Heel"</text>
  </string>
  <string id="st_achievement_9_descr">
    <text>As the bullets whiz by you, you walk through a rain of hot death. Your knife. Your target. His face.</text>
  </string>
  <string id="st_achievement_9_name">
    <text>Faster than a speeding bullet</text>
  </string>
  <string id="st_sp_achievement_1_descr">
    <text>Whenever anything new appears in the Zone, you're there to check it out. Finding new, unresearched anomalies, you help science understand the Zone.</text>
  </string>
  <string id="st_sp_achievement_1_name">
    <text>Pioneer</text>
  </string>
  <string id="st_sp_achievement_2_hint">
    <text>The stalkers seem to have grown fond of you. As thanks they leave you ammo at your personal stash in Yanov station.</text>
  </string>
  <string id="st_sp_achievement_2_descr">
    <text>You don't avoid dangerous mutants, you lead the hunts on them, and are quite good at it. A good hunter is always respected among stalkers.</text>
  </string>
  <string id="st_sp_achievement_2_name">
    <text>Mutant Hunter</text>
  </string>
  <string id="st_sp_achievement_3_hint">
    <text>The stalkers seem to have grown fond of you. As thanks they leave you medicaments at your personal stash in Skadovsk station.</text>
  </string>
  <string id="st_sp_achievement_3_descr">
    <text>You have uncovered the mystery of the missing stalkers at Skadovsk station - the guilty party isn't mutants, but the most dangerous animal of all - human. Your quest for the truth has earned the respect of many stalkers.</text>
  </string>
  <string id="st_sp_achievement_3_name">
    <text>Investigator</text>
  </string>
  <string id="st_sp_achievement_4_hint">
    <text>The stalkers seem to have grown fond of you. At their request, Owl has given you a discount and Beard gives better prices for artifacts.</text>
  </string>
  <string id="st_sp_achievement_4_descr">
    <text>By taking out Sultan and his bandits, you have grown popular amongst the stalkers. Everyone is happy to see you at Skadovsk station.</text>
  </string>
  <string id="st_sp_achievement_4_name">
    <text>True Bro</text>
  </string>
  <string id="st_sp_achievement_5_hint">
    <text>The bandits now respect you. Owl, fearing for his life, has given you a discount and Beard now gives you protection money.</text>
  </string>
  <string id="st_sp_achievement_5_descr">
    <text>You helped Sultan take the initiative and take control of Beard's dealings. You are feared and respected in Zaton.</text>
  </string>
  <string id="st_sp_achievement_5_name">
    <text>Authority</text>
  </string>
  <string id="st_sp_achievement_6_hint">
    <text>Soroka's loot, acquired through treason and lies has been given to the one who deserves it. His stuff has been deposited in your stash in Yanov.</text>
  </string>
  <string id="st_sp_achievement_6_descr">
    <text>You didn't let the traitor escape justice. Soroka has been putting people in harm's way with no regrets. Punishment awaits him now.</text>
  </string>
  <string id="st_sp_achievement_6_name">
    <text>Champion of Justice</text>
  </string>
  <string id="st_sp_achievement_7_hint">
    <text>Stalkers have taken a liking to you. Bandits will try to rob you throughout the Zone.</text>
  </string>
  <string id="st_sp_achievement_7_descr">
    <text>You have found every type of artifact known to the scientists of the Zone. You have earned the respect of the stalkers, and the covetous eye of the bandits.</text>
  </string>
  <string id="st_sp_achievement_7_name">
    <text>Seeker</text>
  </string>
  <string id="st_sp_achievement_8_hint">
    <text>Cardan can now make a unique mod, which will let you run in an exoskeleton, by adding hydraulic assists to the servos.</text>
  </string>
  <string id="st_sp_achievement_8_descr">
    <text>Cardan now has tools for all jobs and can now make previously unworkable mods.</text>
  </string>
  <string id="st_sp_achievement_8_name">
    <text>Master Modder</text>
  </string>
  <string id="st_sp_achievement_9_hint">
    <text>Nitro can now make a unique mod for the tactical helm: an infrared scanner that can let you detect people nearby.</text>
  </string>
  <string id="st_sp_achievement_9_descr">
    <text>Nitro now has the instruments of every technician's dreams and can now make the most high-tech modifications.</text>
  </string>
  <string id="st_sp_achievement_9_name">
    <text>Master Technician</text>
  </string>
  <string id="st_sp_achievement_10_hint">
    <text>Your great experience has lead to your ability to find rare artifacts.</text>
  </string>
  <string id="st_sp_achievement_10_descr">
    <text>You have left no stone unturned in your quest at the center of the Zone. You can practically navigate anomaly fields blind.</text>
  </string>
  <string id="st_sp_achievement_10_name">
    <text>Master Stalker</text>
  </string>
  <string id="st_sp_achievement_11_hint">
    <text>Your leadership skills help keep your groups alive longer.</text>
  </string>
  <string id="st_sp_achievement_11_descr">
    <text>By having to work with a team, you have proven your leadership skills.</text>
  </string>
  <string id="st_sp_achievement_11_name">
    <text>Leader</text>
  </string>
  <string id="st_sp_achievement_12_hint">
    <text>Because of your diplomatic skills, Freedom, Duty, stalkers, and even bandits have come to respect you.</text>
  </string>
  <string id="st_sp_achievement_12_descr">
    <text>You can solve any problem without picking up a gun. You find it is not necessary to measure strength when things can be solved with conversation. Then again, some will still shoot first and ask questions later.</text>
  </string>
  <string id="st_sp_achievement_12_name">
    <text>Diplomat</text>
  </string>
  <string id="st_sp_achievement_13_descr">
    <text>You've worked with the scientists so long, you may as well be a graduate student. Every inhabitant of the science bunker feels comfortable talking to you.</text>
  </string>
  <string id="st_sp_achievement_13_name">
    <text>Scientific associate</text>
  </string>
  <string id="st_sp_achievement_14_hint">
    <text>You are on much better terms with Duty. If you find yourself in a tight spot, their fighters will try to help you out. Nitro the technician is fond of Duty, and will give you a discount. However, this has strained your relationship with Freedom and Hawaiian, leading to higher prices.</text>
  </string>
  <string id="st_sp_achievement_14_descr">
    <text>You have often helped the Duty and have some de-facto authority with their fighters and friends. Don't forget, not everyone is fond of Duty.</text>
  </string>
  <string id="st_sp_achievement_14_name">
    <text>Friend of Duty</text>
  </string>
  <string id="st_sp_achievement_15_hint">
    <text>You are on much better terms with Freedom. If you find yourself in a tight spot, their fighters will try to help you out. Hawaiian is fond of Freedom and will give you a discount. However, this has strained your relationship with Duty, and Nitro the technician, leading to higher prices.</text>
  </string>
  <string id="st_sp_achievement_15_descr">
    <text>You have often helped the Freedom and have some de-facto authority with their fighters and friends. Don't forget, not everyone is fond of Freedom.</text>
  </string>
  <string id="st_sp_achievement_15_name">
    <text>Friend of Freedom</text>
  </string>
  <string id="st_sp_achievement_16_hint">
    <text>The stalkers at Yanov greatly value the balance between Duty and Freedom, which is why their technician and trader have given you discounts.</text>
  </string>
  <string id="st_sp_achievement_16_descr">
    <text>You have shown no preference to either group, and always acted like a neutral stalker. You have made no new enemies, but no new friends either.</text>
  </string>
  <string id="st_sp_achievement_16_name">
    <text>The Hand of Balance</text>
  </string>
  <string id="st_sp_achievement_17_hint">
    <text>Traders will more often have rare items for you.</text>
  </string>
  <string id="st_sp_achievement_17_descr">
    <text>Although you're not often short of cash, you're not the real frugal type either. In fact, you've been known to splurge on rare items. These types of clients make a trader very happy.</text>
  </string>
  <string id="st_sp_achievement_17_name">
    <text>Valued Customer</text>
  </string>
  <string id="st_sp_achievement_18_hint">
    <text>Given the notes, Strelok has found a new reason to live and reach his goal, no matter the cost.</text>
  </string>
  <string id="st_sp_achievement_18_descr">
    <text>You truly plan ahead - after finding the notes Strelok's group left behind, you returned them to their rightful owner.</text>
  </string>
  <string id="st_sp_achievement_18_name">
    <text>Keeper of Secrets</text>
  </string>
  <string id="st_sp_achievement_19_descr">
    <text>You managed to last through a blowout without hiding indoors - the anabiotic pills saved you. There seems to be a side effect on your psyche though, a strange calm in your mind. The whole world seems to be in focus.</text>
  </string>
  <string id="st_sp_achievement_19_name">
    <text>Marked by the Zone</text>
  </string>
  <string id="st_sp_achievement_20_hint">
    <text>Owl has given you a discount, as a thanks for being a great informant and colleague.</text>
  </string>
  <string id="st_sp_achievement_20_descr">
    <text>No matter what info fell into your hands, you always knew a buyer for it. Without withholding info from those who may need it, you none the less kept the bottom line in mind.</text>
  </string>
  <string id="st_sp_achievement_20_name">
    <text>Informant</text>
  </string>
  <string id="st_sp_achievement_21_hint">
    <text>You have made friends with the stalkers of the zone. If you find yourself in a tight spot, they will try to rescue you. Their medics have seen fit to give you a discount.</text>
  </string>
  <string id="st_sp_achievement_21_descr">
    <text>You always had a medkit to spare for anyone in trouble. Stalkers may have no central leadership, but most have heard of your selflessness and are happy to help you out.</text>
  </string>
  <string id="st_sp_achievement_21_name">
    <text>Friend of stalkers</text>
  </string>
  <string id="st_sp_achievement_1_hint">
    <text>Thanks to your data gathering techniques, Professors Herman and Ozersky have managed to synthesize an experimental anabiotic.</text>
  </string>
  <string id="st_sp_achievement_19_hint">
    <text>Even without anabiotic pills, you have a good chance of surviving a blowout, if you're in good condition otherwise.</text>
  </string>
  <string id="st_sp_achievement_13_hint">
    <text>Seeing a useful assistant in you, Professor Herman is offering you exclusive equipment, designated by the state only for the bunker's personnel. Novikov has also gotten so used to you that he only charges for parts when performing modifications.</text>
  </string>
</string_table>