<?xml version="1.0" encoding="utf-8"?>
<string_table>

	<!-- UI STRINGS FOR CLOSED CAPTION MODS -->

	<string id="ui_mm_play_igm">
		<text>Play cutscenes</text>
	</string>
	<string id="ui_mm_cc_igm">
		<text>Subtitles in cutscenes</text>
	</string>
	<string id="ui_mm_cc_npc">
		<text>Subtitles in game</text>
	</string>
	<string id="ui_mm_cc_icc">
		<text>Closed captions in game</text>
	</string>
	<string id="ui_mm_cc_captioning">
		<text>Captioning in game</text>
	</string>
	<string id="ui_mm_cc_none">
		<text>No subtitles</text>
	</string>
	<string id="ui_mm_cc_speechonly">
		<text>Subtitles (speech only)</text>
	</string>
	<string id="ui_mm_cc_all">
		<text>Closed captions</text>
	</string>


	<!-- STRING TABLE ADDITIONS FOR GAME -->

	<string id="st_sending_msg">
		<text>Sending Message</text>
	</string>
	<string id="st_memo">
		<text>Memo</text>
	</string>
	<string id="st_msgfrom_err1">
		<text>[sender unknown]</text>
	</string>
	<string id="st_msgfrom_err2">
		<text>&lt;!DATA_ERROR!&gt;</text>
	</string>
	<string id="st_msgfrom_err3">
		<text>=?Network failure</text>
	</string>
	<string id="st_joker_name">
		<text>Joker</text>
	</string>
	<string id="st_ssu_general_name">
		<text>SBU General</text>
	</string>


	<!-- CLOSED CAPTIONS FOR GAME -->

	<string id="ambient-blowout_begin">
		<text>[blowout begins]</text>
	</string>
	<string id="device-door_start">
		<text>[door opening]</text>
	</string>
	<string id="device-door_closing">
		<text>[door closing]</text>
	</string>
	<string id="device-radio_call">
		<text>[radio call]</text>
	</string>
	<string id="ambient-pripyat-pri_a25_blow_up_door_peep">
		<text>[bomb countdown beeps]</text>
	</string>
	<string id="ambient-pripyat-pri_a25_freezer_knock">
		<text>[knocking on metal]</text>
	</string>


	<!-- CLOSED CAPTIONS FOR 'CALL OF PRIPYAT' -->

	<!-- Zaton -->

	<string id="characters_voice-scenario-zaton-zat_a2_base_alarm">
		<text>Attention stalkers! Skadovsk is under attack. We have sealed the hatches until it's quiet again.</text>
	</string>
	<string id="characters_voice-scenario-zaton-zat_a2_base_guard_1">
		<text>Lower your gun man, it's our camp here you know.</text>
	</string>
	<string id="characters_voice-scenario-zaton-zat_a2_base_guard_1_pda">
		<text>Lower your gun man, it's our camp here you know.</text>
	</string>
	<string id="characters_voice-scenario-zaton-zat_a2_base_guard_2">
		<text>It's safe here man so calm down and holster your weapon.</text>
	</string>
	<string id="characters_voice-scenario-zaton-zat_a2_base_guard_2_pda">
		<text>It's safe here man so calm down and holster your weapon.</text>
	</string>
	<string id="characters_voice-scenario-zaton-zat_a2_base_guard_3">
		<text>Wank your gun elsewhere, it's a camp here.</text>
	</string>
	<string id="characters_voice-scenario-zaton-zat_a2_base_guard_3_pda">
		<text>Wank your gun elsewhere, it's a camp here.</text>
	</string>
	<string id="characters_voice-scenario-zaton-zat_a2_base_megaphone_1">
		<text>No gun swinging on this ship, stalker. Would you kindly holster your weapon?</text>
	</string>
	<string id="characters_voice-scenario-zaton-zat_a2_base_megaphone_2">
		<text>Skadovsk cargo ship is a safe place so you can hide your weapon.</text>
	</string>
	<string id="characters_voice-scenario-zaton-zat_a2_base_megaphone_3">
		<text>Holster your weapon stalker if you want to get to the cargo ship.</text>
	</string>
	<string id="characters_voice-scenario-zaton-zat_a2_base_relax">
		<text>Attention stalkers, entry to Skadovsk is allowed again.</text>
	</string>
	<string id="characters_voice-scenario-zaton-zat_a2_linker_b29_take_order">
		<text>Great! Take the dough!</text>
	</string>
	<string id="characters_voice-scenario-zaton-zat_a2_stalker_barmen_after_surge">
		<text>Phew, thank God the blowout is over guys. Everyone okay?</text>
	</string>
	<string id="characters_voice-scenario-zaton-zat_a2_stalker_barmen_farewell_1">
		<text>Come back once you got anything of interest. Our Skadovsk is not sailing away.</text>
	</string>
	<string id="characters_voice-scenario-zaton-zat_a2_stalker_barmen_farewell_2">
		<text>If you find an artifact, come here and show it to me.</text>
	</string>
	<string id="characters_voice-scenario-zaton-zat_a2_stalker_barmen_farewell_angry_1">
		<text>Is that it? You know where the exit is.</text>
	</string>
	<string id="characters_voice-scenario-zaton-zat_a2_stalker_barmen_farewell_angry_2">
		<text>Leave me already. I have things to worry about besides leeches like you.</text>
	</string>
	<string id="characters_voice-scenario-zaton-zat_a2_stalker_barmen_greeting_1">
		<text>Well, hello! What good wind brings you here?</text>
	</string>
	<string id="characters_voice-scenario-zaton-zat_a2_stalker_barmen_greeting_2">
		<text>Welcome aboard of our swamp icebreaker!</text>
	</string>
	<string id="characters_voice-scenario-zaton-zat_a2_stalker_barmen_greeting_angry_1">
		<text>Even though the ship is not afloat, the rats are still here... What do you need?</text>
	</string>
	<string id="characters_voice-scenario-zaton-zat_a2_stalker_barmen_greeting_angry_2">
		<text>What do you need?</text>
	</string>
	<string id="characters_voice-scenario-zaton-zat_a2_stalker_barmen_surge_phase_1">
		<text>Attention stalkers! Blowout is imminent! I repeat, the blowout is imminent! Seek shelter immediately.</text>
	</string>
	<string id="characters_voice-scenario-zaton-zat_a2_stalker_barmen_surge_phase_2">
		<text>Attention stalkers! The blowout is approaching. Find a hole to hide in, your life depends on it.</text>
	</string>
	<string id="characters_voice-scenario-zaton-zat_a23_about_x8">
		<text>It mentions central lab X8. Probably, information on secret research in the Zone can be found there. Our analysts have been looking into it for a long time.</text>
	</string>
	<string id="characters_voice-scenario-zaton-zat_b100_heli_2_maps">
		<text>Apparently, the crew died while still in the air, the helicopter was falling uncontrolled. The on-board computer was more lucky. So let's see if it's of any use. Aha, local map with some markings - this would be useful.</text>
	</string>
	<string id="characters_voice-scenario-zaton-zat_b101_both_heli_info">
		<text>Same thing with electronics here, but the blowout protection system is OK. Hmm... what could it be?...</text>
	</string>
	<string id="characters_voice-scenario-zaton-zat_b101_one_heli_info">
		<text>All electronics inside are burnt, even insulation is melted.</text>
	</string>
	<string id="characters_voice-scenario-zaton-zat_b103_merc_come_here_now">
		<text>Now come here, let's talk.</text>
	</string>
	<string id="characters_voice-scenario-zaton-zat_b103_merc_come_here_now_pda">
		<text>Now come here, let's talk.</text>
	</string>
	<string id="characters_voice-scenario-zaton-zat_b103_merc_count_1">
		<text>One!</text>
	</string>
	<string id="characters_voice-scenario-zaton-zat_b103_merc_count_1_pda">
		<text>One!</text>
	</string>
	<string id="characters_voice-scenario-zaton-zat_b103_merc_count_2">
		<text>Two!</text>
	</string>
	<string id="characters_voice-scenario-zaton-zat_b103_merc_count_2_pda">
		<text>Two!</text>
	</string>
	<string id="characters_voice-scenario-zaton-zat_b103_merc_count_3">
		<text>Three!</text>
	</string>
	<string id="characters_voice-scenario-zaton-zat_b103_merc_count_3_pda">
		<text>Three!</text>
	</string>
	<string id="characters_voice-scenario-zaton-zat_b103_merc_hide_weapon_1">
		<text>Lower your gun already.</text>
	</string>
	<string id="characters_voice-scenario-zaton-zat_b103_merc_hide_weapon_1_pda">
		<text>Lower your gun already.</text>
	</string>
	<string id="characters_voice-scenario-zaton-zat_b103_merc_hide_weapon_2">
		<text>Lower your gun I said. I count to three!</text>
	</string>
	<string id="characters_voice-scenario-zaton-zat_b103_merc_hide_weapon_2_pda">
		<text>Lower your gun I said. I count to three!</text>
	</string>
	<string id="characters_voice-scenario-zaton-zat_b103_merc_talk_to_commander_1">
		<text>I'm not in the mood to chat. Talk to the commander.</text>
	</string>
	<string id="characters_voice-scenario-zaton-zat_b103_merc_talk_to_commander_2">
		<text>Talk to the commander.</text>
	</string>
	<string id="characters_voice-scenario-zaton-zat_b103_merc_warning">
		<text>You deaf?! Get back or get shot!</text>
	</string>
	<string id="characters_voice-scenario-zaton-zat_b103_merc_warning_pda">
		<text>You deaf?! Get back or get shot!</text>
	</string>
	<string id="characters_voice-scenario-zaton-zat_b106_dont_receipt_reward">
		<text>We're done, time to go back. You were useless so you don't get any reward.</text>
	</string>
	<string id="characters_voice-scenario-zaton-zat_b106_dont_receipt_reward_pda">
		<text>We're done, time to go back. You were useless so you don't get any reward.</text>
	</string>
	<string id="characters_voice-scenario-zaton-zat_b106_garmata_refuse_talk">
		<text>Leave me. Go talk to the leader.</text>
	</string>
	<string id="characters_voice-scenario-zaton-zat_b106_garmata_story_reply">
		<text>I asked everywhere and no use. Nobody heard anything, like he never existed.</text>
	</string>
	<string id="characters_voice-scenario-zaton-zat_b106_gonta_hunt_complete">
		<text>OK, boys, we're done here, let's go back. And you don't forget to report to Huntsman at Yanov. Tell him about the chimera to get your cut.</text>
	</string>
	<string id="characters_voice-scenario-zaton-zat_b106_gonta_hunt_complete_pda">
		<text>OK, boys, we're done here, let's go back. And you don't forget to report to Huntsman at Yanov. Tell him about the chimera to get your cut.</text>
	</string>
	<string id="characters_voice-scenario-zaton-zat_b106_gonta_hunt_great">
		<text>You did well! Ever thought to become a chimera hunter?</text>
	</string>
	<string id="characters_voice-scenario-zaton-zat_b106_gonta_hunt_great_pda">
		<text>You did well! Ever thought to become a chimera hunter?</text>
	</string>
	<string id="characters_voice-scenario-zaton-zat_b106_gonta_hunt_kill">
		<text>OK this is the place. The beast is very close, I sense it. Once you see it shoot in the head. Don't get too close or it would smell you even in sleep.</text>
	</string>
	<string id="characters_voice-scenario-zaton-zat_b106_gonta_hunt_plan">
		<text>Here's the plan: the chimera hunts at night and sleeps in the morning. We have good chances at dawn while it's resting. We will sneak close and finish it while it sleeps. We should gather at 3.00 at the bar.</text>
	</string>
	<string id="characters_voice-scenario-zaton-zat_b106_gonta_hunt_sneak">
		<text>We must approach carefully so it won't smell us.</text>
	</string>
	<string id="characters_voice-scenario-zaton-zat_b106_gonta_see_chimera">
		<text>Are you sleeping well, beast? Crab said hello.</text>
	</string>
	<string id="characters_voice-scenario-zaton-zat_b106_gonta_story_angry">
		<text>That bitch will be sorry he got away.</text>
	</string>
	<string id="characters_voice-scenario-zaton-zat_b106_gonta_story_ask">
		<text>So any news about Soroka?</text>
	</string>
	<string id="characters_voice-scenario-zaton-zat_b106_gonta_story_calm">
		<text>Medic said you'll get better in no time. You rest now and gather your strength, you'll need it.</text>
	</string>
	<string id="characters_voice-scenario-zaton-zat_b106_gonta_to_actor">
		<text>Hey stalker! I need to talk to you.</text>
	</string>
	<string id="characters_voice-scenario-zaton-zat_b14_robbery_after_pay_snd_1">
		<text>Turn around! I said turn around slowly, fucker! And get the fuck out while you still breathe, got it?!</text>
	</string>
	<string id="characters_voice-scenario-zaton-zat_b14_robbery_after_pay_snd_1_pda">
		<text>Turn around! I said turn around slowly, fucker! And get the fuck out while you still breathe, got it?!</text>
	</string>
	<string id="characters_voice-scenario-zaton-zat_b14_robbery_after_pay_snd_2">
		<text>Are you fucking deaf? Get the fuck out!</text>
	</string>
	<string id="characters_voice-scenario-zaton-zat_b14_robbery_after_pay_snd_2_pda">
		<text>Are you fucking deaf? Get the fuck out!</text>
	</string>
	<string id="characters_voice-scenario-zaton-zat_b14_robbery_after_pay_snd_3">
		<text>That's it you're fucking dead bastard!</text>
	</string>
	<string id="characters_voice-scenario-zaton-zat_b14_robbery_after_pay_snd_3_pda">
		<text>That's it you're fucking dead bastard!</text>
	</string>
	<string id="characters_voice-scenario-zaton-zat_b14_robbery_kill_actor_snd_1">
		<text>Now you'll give me everything bitch!</text>
	</string>
	<string id="characters_voice-scenario-zaton-zat_b14_robbery_kill_actor_snd_1_pda">
		<text>Now you'll give me everything bitch!</text>
	</string>
	<string id="characters_voice-scenario-zaton-zat_b14_robbery_kill_actor_snd_2">
		<text>You're fucking dead bitch!</text>
	</string>
	<string id="characters_voice-scenario-zaton-zat_b14_robbery_kill_actor_snd_2_pda">
		<text>You're fucking dead bitch!</text>
	</string>
	<string id="characters_voice-scenario-zaton-zat_b14_robbery_kill_actor_snd_3">
		<text>Give me the artifact, freak!</text>
	</string>
	<string id="characters_voice-scenario-zaton-zat_b14_robbery_kill_actor_snd_3_pda">
		<text>Give me the artifact, freak!</text>
	</string>
	<string id="characters_voice-scenario-zaton-zat_b14_robbery_punch">
		<text>You motherfucker!</text>
	</string>
	<string id="characters_voice-scenario-zaton-zat_b14_robbery_stand_still_snd">
		<text>That's right, stand still and don't move if you want to live, motherfucker!</text>
	</string>
	<string id="characters_voice-scenario-zaton-zat_b14_robbery_stop_snd">
		<text>Stop, drop your gun! Stand still, got it?</text>
	</string>
	<string id="characters_voice-scenario-zaton-zat_b14_scene_1_give_item">
		<text>Hey, Beard, look what I found at the old dredger. What do you say?</text>
	</string>
	<string id="characters_voice-scenario-zaton-zat_b14_scene_1_linker_reply">
		<text>Yeah that's a strange thing... Never seen anything like it before. Here, I buy it.</text>
	</string>
	<string id="characters_voice-scenario-zaton-zat_b14_scene_1_stalker_bye">
		<text>Sure. If you'll have more job you know where to find me.</text>
	</string>
	<string id="characters_voice-scenario-zaton-zat_b14_scene_1_stalker_offended">
		<text>Right, keep walking. You'll be sorry for treating my comrade like that.</text>
	</string>
	<string id="characters_voice-scenario-zaton-zat_b14_scene_1_stalker_teach_actor">
		<text>Oh it's you... I need the dough as badly as you do, see?</text>
	</string>
	<string id="characters_voice-scenario-zaton-zat_b18_noah_breakdown">
		<text>Aah... it's here! It's the end! Mutants... mutants everywhere!</text>
	</string>
	<string id="characters_voice-scenario-zaton-zat_b18_noah_gave_first_artefact">
		<text>When the mutants will flood the Zone this shit won't save you. Here, take it! And get lost.</text>
	</string>
	<string id="characters_voice-scenario-zaton-zat_b18_noah_gave_second_artefact">
		<text>Ha! You think it can protect you from the blowout? Here, have it and get your frightened ass out of here!</text>
	</string>
	<string id="characters_voice-scenario-zaton-zat_b18_noah_go_away">
		<text>Then get out! Psycho...</text>
	</string>
	<string id="characters_voice-scenario-zaton-zat_b18_noah_greetings_1">
		<text>Stay away, freaking mutants!</text>
	</string>
	<string id="characters_voice-scenario-zaton-zat_b18_noah_greetings_2">
		<text>Get lost monsters before I killed you all...</text>
	</string>
	<string id="characters_voice-scenario-zaton-zat_b18_noah_greetings_3">
		<text>More mutants... Fuck off bastards!</text>
	</string>
	<string id="characters_voice-scenario-zaton-zat_b18_noah_no_talk_1">
		<text>Leave me!</text>
	</string>
	<string id="characters_voice-scenario-zaton-zat_b18_noah_no_talk_2">
		<text>Be on your way!</text>
	</string>
	<string id="characters_voice-scenario-zaton-zat_b18_noah_no_talk_3">
		<text>Get lost!</text>
	</string>
	<string id="characters_voice-scenario-zaton-zat_b20_noah_instructions">
		<text>Watch me carefully then follow in my steps.</text>
	</string>
	<string id="characters_voice-scenario-zaton-zat_b20_noah_jumped">
		<text>You did good! Visit me later if you need anything.</text>
	</string>
	<string id="characters_voice-scenario-zaton-zat_b20_noah_pda">
		<text>Aha, there you are, fucking mutants!... So you climbed up there and think Noah can't get you? He-he! Looks like you don't know I have a personal way near the northern village... You're screwed, bastards!</text>
	</string>
	<string id="characters_voice-scenario-zaton-zat_b215_stalker_guide_farewell_1">
		<text>Well, good luck!</text>
	</string>
	<string id="characters_voice-scenario-zaton-zat_b215_stalker_guide_farewell_2">
		<text>Fair wind to you!</text>
	</string>
	<string id="characters_voice-scenario-zaton-zat_b215_stalker_guide_greeting_1">
		<text>Hello.</text>
	</string>
	<string id="characters_voice-scenario-zaton-zat_b215_stalker_guide_greeting_2">
		<text>Hello stalker.</text>
	</string>
	<string id="characters_voice-scenario-zaton-zat_b22_stalker_medic_diary">
		<text>Entry #12: The research is finished soon... Someone over at the base is already starting to suspect something. Gluhar and Danila agreed to go on a bloodsucker hunt... I need to sort the blood flasks and find out which ones of them are contaminated, and then hide the clean ones... [quickly] Someone's coming. [a sound of turning recorder off/on] Entry #13... Probably my last. Everything went wrong. First this stupidly curious hunter, and now Gluhar. It would be naive to ask for forgiveness. They will come. Nevertheless... [snigger] what's the difference? The hemoglobin dependency will kill me soon. Better to be shot than to die slowly due to sickness.</text>
	</string>
	<string id="characters_voice-scenario-zaton-zat_b22_stalker_medic_farewell_1">
		<text>Yeah right, farewell.</text>
	</string>
	<string id="characters_voice-scenario-zaton-zat_b22_stalker_medic_farewell_2">
		<text>Yeah, goodbye.</text>
	</string>
	<string id="characters_voice-scenario-zaton-zat_b22_stalker_medic_greeting_1">
		<text>What is it this time? Are you injured or irradiated?</text>
	</string>
	<string id="characters_voice-scenario-zaton-zat_b22_stalker_medic_greeting_2">
		<text>Not now... Yes?</text>
	</string>
	<string id="characters_voice-scenario-zaton-zat_b22_stalker_medic_hello">
		<text>I knew I couldn't hide for long... You have questions I presume? Ask away.</text>
	</string>
	<string id="characters_voice-scenario-zaton-zat_b28_heli_3_evacuation_points">
		<text>So, the data from on-board... aha, Skat-3's both engines stopped. Well, what else?... A map with supposed evacuation points B2, B28, B205 marked. Interesting.</text>
	</string>
	<string id="characters_voice-scenario-zaton-zat_b29_stalker_rival_1_order_ready">
		<text>Order complete. Take the artifact.</text>
	</string>
	<string id="characters_voice-scenario-zaton-zat_b29_stalker_rival_2_order_ready">
		<text>I found it. Here's the artifact.</text>
	</string>
	<string id="characters_voice-scenario-zaton-zat_b3_tech_drink_no_more">
		<text>'Sup stalker?</text>
	</string>
	<string id="characters_voice-scenario-zaton-zat_b3_tech_drunk">
		<text>Come on, what do you need?</text>
	</string>
	<string id="characters_voice-scenario-zaton-zat_b3_tech_drunk_discount">
		<text>What? You left something?</text>
	</string>
	<string id="characters_voice-scenario-zaton-zat_b3_tech_no_sleep_1">
		<text>Mm? Whatcha? Hey let me sleep, huh...</text>
	</string>
	<string id="characters_voice-scenario-zaton-zat_b3_tech_no_sleep_2">
		<text>To hell with you! Leave me!</text>
	</string>
	<string id="characters_voice-scenario-zaton-zat_b3_tech_no_sleep_3">
		<text>It's that... let's have another one!</text>
	</string>
	<string id="characters_voice-scenario-zaton-zat_b3_tech_see_produce_62">
		<text>Whaaa? Sixty-two? Can't be!...</text>
	</string>
	<string id="characters_voice-scenario-zaton-zat_b3_tech_sober">
		<text>Hi...</text>
	</string>
	<string id="characters_voice-scenario-zaton-zat_b3_tech_take_first_dose">
		<text>To the strength of hands!</text>
	</string>
	<string id="characters_voice-scenario-zaton-zat_b3_tech_take_second_dose">
		<text>To... the work to go smoothly!</text>
	</string>
	<string id="characters_voice-scenario-zaton-zat_b3_tech_take_third_dose">
		<text>To... the greater good!</text>
	</string>
	<string id="characters_voice-scenario-zaton-zat_b30_owl_about_trouble">
		<text>It's me, Owl. Get over here quickly, we need to talk! It's about our business.</text>
	</string>
	<string id="characters_voice-scenario-zaton-zat_b30_owl_stalker_trader_farewell_1">
		<text>Move, move! There's nothing for you here!</text>
	</string>
	<string id="characters_voice-scenario-zaton-zat_b30_owl_stalker_trader_farewell_2">
		<text>Walk, walk! Get out already.</text>
	</string>
	<string id="characters_voice-scenario-zaton-zat_b30_owl_stalker_trader_greeting_1">
		<text>So, got anything new?</text>
	</string>
	<string id="characters_voice-scenario-zaton-zat_b30_owl_stalker_trader_greeting_2">
		<text>Why are you hanging about? You got anything -- bring it on. You got nothing -- get lost.</text>
	</string>
	<string id="characters_voice-scenario-zaton-zat_b33_stalker_snag_greeting_gun">
		<text>Wow what a gun! Let me take a look will you?</text>
	</string>
	<string id="characters_voice-scenario-zaton-zat_b38_stalker_cop_about_lair_bloodsucker">
		<text>I've seen a bloodsucker enter this building. Gotta be where the lair is. How about we check it out?</text>
	</string>
	<string id="characters_voice-scenario-zaton-zat_b38_stalker_cop_another_one">
		<text>Watch out! Another one!</text>
	</string>
	<string id="characters_voice-scenario-zaton-zat_b38_stalker_cop_appear">
		<text>You heard it?... Ah forget it.</text>
	</string>
	<string id="characters_voice-scenario-zaton-zat_b38_stalker_cop_bloodsuckers_no_sleep">
		<text>Shit, they're waking up! Run!</text>
	</string>
	<string id="characters_voice-scenario-zaton-zat_b38_stalker_cop_bloodsuckers_sleep">
		<text>Shh! Damn it's full of bloodsuckers. They're sleeping or something? Now careful, don't make a sound.</text>
	</string>
	<string id="characters_voice-scenario-zaton-zat_b38_stalker_cop_come_here_1">
		<text>Look, it must be a way to the cellar.</text>
	</string>
	<string id="characters_voice-scenario-zaton-zat_b38_stalker_cop_come_here_2">
		<text>That was easy. Come on, let's take a look!</text>
	</string>
	<string id="characters_voice-scenario-zaton-zat_b38_stalker_cop_down_floor">
		<text>You allright? Okay, let's check inside.</text>
	</string>
	<string id="characters_voice-scenario-zaton-zat_b38_stalker_cop_fear_end">
		<text>Phew... we actually made it. Damn what a quiet hour.</text>
	</string>
	<string id="characters_voice-scenario-zaton-zat_b38_stalker_cop_find_lair_pda">
		<text>I think I found the lair. Get over here!</text>
	</string>
	<string id="characters_voice-scenario-zaton-zat_b38_stalker_cop_hit_1">
		<text>Watch where you shooting!</text>
	</string>
	<string id="characters_voice-scenario-zaton-zat_b38_stalker_cop_hit_2">
		<text>Fuck, you hit me!</text>
	</string>
	<string id="characters_voice-scenario-zaton-zat_b38_stalker_cop_jump_down_1">
		<text>Well, we've got to jump... Follow me!</text>
	</string>
	<string id="characters_voice-scenario-zaton-zat_b38_stalker_cop_jump_down_2">
		<text>Looks like an exit! Jump!</text>
	</string>
	<string id="characters_voice-scenario-zaton-zat_b38_stalker_cop_kill_1">
		<text>Right, got him! But I've seen two of them so stay alert.</text>
	</string>
	<string id="characters_voice-scenario-zaton-zat_b38_stalker_cop_kill_2">
		<text>Okay, this one's the last.</text>
	</string>
	<string id="characters_voice-scenario-zaton-zat_b38_stalker_cop_not_a_hunter">
		<text>No hunter here... Jesus! Check it out, it's claw marks. The guys we found before weren't clawed. Weird.</text>
	</string>
	<string id="characters_voice-scenario-zaton-zat_b38_stalker_cop_not_a_hunter_1">
		<text>Hey look it's weird. It's the claw marks.</text>
	</string>
	<string id="characters_voice-scenario-zaton-zat_b38_stalker_cop_not_a_hunter_2">
		<text>None of the previous corpses were like this.</text>
	</string>
	<string id="characters_voice-scenario-zaton-zat_b38_stalker_cop_not_a_hunter_3">
		<text>Well, no Danila here, let's get out of here.</text>
	</string>
	<string id="characters_voice-scenario-zaton-zat_b38_stalker_cop_notice">
		<text>Watch carefully, they could be anywhere.</text>
	</string>
	<string id="characters_voice-scenario-zaton-zat_b38_stalker_cop_see_bloodsucker">
		<text>There is... something! Cover me, okay?</text>
	</string>
	<string id="characters_voice-scenario-zaton-zat_b38_stalker_cop_sit">
		<text>Get down!</text>
	</string>
	<string id="characters_voice-scenario-zaton-zat_b38_stalker_cop_tell_about_quest">
		<text>So we could not find Danila here. I think I might know where he is. I should check it out and you go tell the others about those damn suckers. We've got to do something about it.</text>
	</string>
	<string id="characters_voice-scenario-zaton-zat_b38_stalker_cop_tell_stalker_about_lair">
		<text>Tell this to Beard. If anyone can find a way to deal with those bastards it's him.</text>
	</string>
	<string id="characters_voice-scenario-zaton-zat_b38_stalker_cop_try">
		<text>My area of expertise, I also have had enough practice, yea.</text>
	</string>
	<string id="characters_voice-scenario-zaton-zat_b39_joker_pda_record">
		<text>Now I am absolutely sure that the artifact is not down here! It should be on the tree itself! I think it's possible to climb up it from the hill. I just hope there are no monsters around. Sigh, it sucks that after the quarrel with Barge and Cardan I have to go here alone... But as soon as I get the artifact, they will understand who they should have listened to!</text>
	</string>
	<string id="characters_voice-scenario-zaton-zat_b40_merc_combat">
		<text>Right, kill the bastard!</text>
	</string>
	<string id="characters_voice-scenario-zaton-zat_b40_merc_combat_pda">
		<text>Right, kill the bastard!</text>
	</string>
	<string id="characters_voice-scenario-zaton-zat_b40_merc_go_away_1">
		<text>Turn around and walk away stalker! You have no business here.</text>
	</string>
	<string id="characters_voice-scenario-zaton-zat_b40_merc_go_away_1_pda">
		<text>Turn around and walk away stalker! You have no business here.</text>
	</string>
	<string id="characters_voice-scenario-zaton-zat_b40_merc_go_away_2">
		<text>Get out of here stalker while you can walk!</text>
	</string>
	<string id="characters_voice-scenario-zaton-zat_b40_merc_go_away_2_pda">
		<text>Get out of here stalker while you can walk!</text>
	</string>
	<string id="characters_voice-scenario-zaton-zat_b42_controller_warning_1">
		<text>Get out man.</text>
	</string>
	<string id="characters_voice-scenario-zaton-zat_b42_controller_warning_2">
		<text>Leave while you can.</text>
	</string>
	<string id="characters_voice-scenario-zaton-zat_b44_stalker_barge_pda">
		<text>Cardan's an old drunkard! When he drinks, he won't lift his ass off the chair - yeah, right, "we need to take our time"... idiot! He even lashed out at Joker and me - we are too young and inexperienced, blah blah... Damn! Joker's one of a kind as well: he just left off without saying a word! While I took my time calming Cardan down, he disappeared in an unknown direction. And what should I do now with this old idiot, drink vodka? Even this vodka is shit... phew... and how well it all began!</text>
	</string>
	<string id="characters_voice-scenario-zaton-zat_b5_bandit_dealer_speak_1">
		<text>In short, we got ya some artifacts and we can get more. And we want top notch guns and stuff, you dig?</text>
	</string>
	<string id="characters_voice-scenario-zaton-zat_b5_bandits_see_actor">
		<text>Hey! Who's that dick?!</text>
	</string>
	<string id="characters_voice-scenario-zaton-zat_b5_dealer_angry">
		<text>You brought tail, idiots!</text>
	</string>
	<string id="characters_voice-scenario-zaton-zat_b5_dealer_bandit_speak_1">
		<text>Come on, show it.</text>
	</string>
	<string id="characters_voice-scenario-zaton-zat_b5_dealer_bandit_speak_2">
		<text>Here's the deal bros: whatever Duty have I have as well. The best of guns and equipment you can find, as usual.</text>
	</string>
	<string id="characters_voice-scenario-zaton-zat_b5_dealer_kill_bandits">
		<text>Kill them all. I don't need any witnesses.</text>
	</string>
	<string id="characters_voice-scenario-zaton-zat_b5_dealer_see_clients">
		<text>Here they are.</text>
	</string>
	<string id="characters_voice-scenario-zaton-zat_b5_dealer_to_actor_fire">
		<text>Kill them all!</text>
	</string>
	<string id="characters_voice-scenario-zaton-zat_b5_dealer_wait_clients">
		<text>We'll wait here for the clients to arrive.</text>
	</string>
	<string id="characters_voice-scenario-zaton-zat_b5_dealer_want_speak_with_actor">
		<text>I need to talk to you, stalker.</text>
	</string>
	<string id="characters_voice-scenario-zaton-zat_b5_dealer_want_speak_with_actor_pda">
		<text>I need to talk to you, stalker.</text>
	</string>
	<string id="characters_voice-scenario-zaton-zat_b5_dealer_who_there">
		<text>Who else is there?</text>
	</string>
	<string id="characters_voice-scenario-zaton-zat_b5_stalkers_all_clear_go">
		<text>Okay it's all clear now. Kill them!</text>
	</string>
	<string id="characters_voice-scenario-zaton-zat_b5_stalkers_all_clear_go_pda">
		<text>Okay it's all clear now. Kill them!</text>
	</string>
	<string id="characters_voice-scenario-zaton-zat_b5_stalkers_refuse_talk">
		<text>Ask the leader.</text>
	</string>
	<string id="characters_voice-scenario-zaton-zat_b5_stalkers_watch_out_sentry">
		<text>Don't let them see you.</text>
	</string>
	<string id="characters_voice-scenario-zaton-zat_b5_stalkers_watch_out_sentry_pda">
		<text>Don't let them see you.</text>
	</string>
	<string id="characters_voice-scenario-zaton-zat_b5_sultan_angry">
		<text>Stalkers? What the fuck?!</text>
	</string>
	<string id="characters_voice-scenario-zaton-zat_b5_sultan_kill_stalkers">
		<text>Kill'em, bros!</text>
	</string>
	<string id="characters_voice-scenario-zaton-zat_b51_stalker_nimble_greeting_1">
		<text>Greetings stalker. Would you like to place an order?</text>
	</string>
	<string id="characters_voice-scenario-zaton-zat_b51_stalker_nimble_greeting_2">
		<text>Hi! Want to order something?</text>
	</string>
	<string id="characters_voice-scenario-zaton-zat_b51_stalker_nimble_greeting_3">
		<text>Hello. What do you want to purchase?</text>
	</string>
	<string id="characters_voice-scenario-zaton-zat_b51_stalker_nimble_greeting_order_not_ready_1">
		<text>Do not worry, your order will arrive a bit later.</text>
	</string>
	<string id="characters_voice-scenario-zaton-zat_b51_stalker_nimble_greeting_order_not_ready_2">
		<text>Come later, the merchandise has not arrived yet.</text>
	</string>
	<string id="characters_voice-scenario-zaton-zat_b51_stalker_nimble_greeting_order_not_ready_3">
		<text>Order is not ready. Later, okay?</text>
	</string>
	<string id="characters_voice-scenario-zaton-zat_b51_stalker_nimble_greeting_order_ready_1">
		<text>Order complete. Get your stuff!</text>
	</string>
	<string id="characters_voice-scenario-zaton-zat_b51_stalker_nimble_greeting_order_ready_2">
		<text>I have the merchandise, you can have it.</text>
	</string>
	<string id="characters_voice-scenario-zaton-zat_b51_stalker_nimble_greeting_order_ready_3">
		<text>Take your stuff stalker! I delivered it.</text>
	</string>
	<string id="characters_voice-scenario-zaton-zat_b51_stalker_nimble_order">
		<text>Order is ready, you can take it.</text>
	</string>
	<string id="characters_voice-scenario-zaton-zat_b52_port_bandits_after_pay_snd_1">
		<text>Now get the fuck out of here, loser, before I change my mind!</text>
	</string>
	<string id="characters_voice-scenario-zaton-zat_b52_port_bandits_after_pay_snd_1_pda">
		<text>Now get the fuck out of here, loser, before I change my mind!</text>
	</string>
	<string id="characters_voice-scenario-zaton-zat_b52_port_bandits_after_pay_snd_2">
		<text>What are you, deaf, why are you here? Get fuckin lost!</text>
	</string>
	<string id="characters_voice-scenario-zaton-zat_b52_port_bandits_after_pay_snd_2_pda">
		<text>What are you, deaf, why are you here? Get fuckin lost!</text>
	</string>
	<string id="characters_voice-scenario-zaton-zat_b52_port_bandits_after_pay_snd_3">
		<text>No, I say that's bullshit, dickhead, and I'm gonna smack ya down to prove it, okay?</text>
	</string>
	<string id="characters_voice-scenario-zaton-zat_b52_port_bandits_after_pay_snd_3_pda">
		<text>No, I say that's bullshit, dickhead, and I'm gonna smack ya down to prove it, okay?</text>
	</string>
	<string id="characters_voice-scenario-zaton-zat_b52_port_bandits_kill_actor_snd_1">
		<text>Stay, ya scarecrow, or you'll get stuffed, understood?</text>
	</string>
	<string id="characters_voice-scenario-zaton-zat_b52_port_bandits_kill_actor_snd_1_pda">
		<text>Stay, ya scarecrow, or you'll get stuffed, understood?</text>
	</string>
	<string id="characters_voice-scenario-zaton-zat_b52_port_bandits_kill_actor_snd_2">
		<text>Bros, he let us down, so let's put him down!</text>
	</string>
	<string id="characters_voice-scenario-zaton-zat_b52_port_bandits_kill_actor_snd_2_pda">
		<text>Bros, he let us down, so let's put him down!</text>
	</string>
	<string id="characters_voice-scenario-zaton-zat_b52_port_bandits_kill_actor_snd_3">
		<text>Bros, this jerk's stickin' to his piece, he wants to keep it!</text>
	</string>
	<string id="characters_voice-scenario-zaton-zat_b52_port_bandits_kill_actor_snd_3_pda">
		<text>Bros, this jerk's stickin' to his piece, he wants to keep it!</text>
	</string>
	<string id="characters_voice-scenario-zaton-zat_b52_port_bandits_see_actor">
		<text>Look, bros! Here's the guy with that valuable piece. Listen, man, stop right there, and don't try anything!</text>
	</string>
	<string id="characters_voice-scenario-zaton-zat_b52_port_bandits_stand_still_snd">
		<text>Heyya, I said stop! I'm comin' to ya!</text>
	</string>
	<string id="characters_voice-scenario-zaton-zat_b52_port_bandits_stand_still_snd_pda">
		<text>Heyya, I said stop! I'm comin' to ya!</text>
	</string>
	<string id="characters_voice-scenario-zaton-zat_b53_artefact_hunter_2_come_on">
		<text>Don't be afraid! Forward!</text>
	</string>
	<string id="characters_voice-scenario-zaton-zat_b53_artefact_hunter_2_come_on_continue">
		<text>I told you it will protect you! Go on.</text>
	</string>
	<string id="characters_voice-scenario-zaton-zat_b53_artefact_hunter_help">
		<text>Stalker! Help!</text>
	</string>
	<string id="characters_voice-scenario-zaton-zat_b7_bandit_boss_sultan_farewell_1">
		<text>See you later.</text>
	</string>
	<string id="characters_voice-scenario-zaton-zat_b7_bandit_boss_sultan_farewell_2">
		<text>Talk to you later.</text>
	</string>
	<string id="characters_voice-scenario-zaton-zat_b7_bandit_boss_sultan_greeting_1">
		<text>Look who's here.</text>
	</string>
	<string id="characters_voice-scenario-zaton-zat_b7_bandit_boss_sultan_greeting_2">
		<text>Look who rolled up.</text>
	</string>
	<string id="characters_voice-scenario-zaton-zat_b7_raider_after_bad">
		<text>We've killed 'em at last. But you ain't helped nuthin'.</text>
	</string>
	<string id="characters_voice-scenario-zaton-zat_b7_raider_after_ok">
		<text>We've killed 'em at last. Man, you know how to fight!</text>
	</string>
	<string id="characters_voice-scenario-zaton-zat_b7_raider_sneak_comments_1">
		<text>Get ready, bros.</text>
	</string>
	<string id="characters_voice-scenario-zaton-zat_b7_raider_sneak_comments_2">
		<text>Keep it quiet, bros.</text>
	</string>
	<string id="characters_voice-scenario-zaton-zat_b7_raider_sneak_comments_3">
		<text>Don't worry... We're here to back you up.</text>
	</string>
	<string id="characters_voice-scenario-zaton-zat_b7_raiders_attack">
		<text>Here we go!</text>
	</string>
	<string id="characters_voice-scenario-zaton-zat_b7_raiders_ready_to_go">
		<text>What are you doing, we've been waiting a hundred years now.</text>
	</string>
	<string id="characters_voice-scenario-zaton-zat_b7_raiders_ready_to_go_pda">
		<text>What are you doing, we've been waiting a hundred years now.</text>
	</string>
	<string id="characters_voice-scenario-zaton-zat_b7_raiders_sneak_confuse">
		<text>That's them, right? Or have they hidden, or what?</text>
	</string>
	<string id="characters_voice-scenario-zaton-zat_b7_raiders_to_boss">
		<text>Listen up, mister, Sultan wants to talk to you now.</text>
	</string>
	<string id="characters_voice-scenario-zaton-zat_b7_stalker_after_bad">
		<text>These freaks are finally dead! And you're not a man of action I see.</text>
	</string>
	<string id="characters_voice-scenario-zaton-zat_b7_stalker_after_ok">
		<text>These freaks are finally dead, thanks for help!</text>
	</string>
	<string id="characters_voice-scenario-zaton-zat_b7_stalkers_attack">
		<text>Get them!</text>
	</string>


	<!-- Jupiter -->

	<string id="characters_voice-scenario-jupiter-jup_a10_vano_need_help">
		<text>Damn, what should I do?... If I go to them again, I'll get into debt. If I don't go, I'm as good as dead...</text>
	</string>
	<string id="characters_voice-scenario-jupiter-jup_a9_actor_conservation_info">
		<text>Let's see... After the underground pass was sealed, it was filled with some kind of gas.</text>
	</string>
	<string id="characters_voice-scenario-jupiter-jup_a9_actor_power_info">
		<text>This is the entrance to the underground pass. Starting up the generator would make it possible to open the gateway.</text>
	</string>
	<string id="characters_voice-scenario-jupiter-jup_a9_actor_way_info">
		<text>That's the map of the underground passage "Pripyat-1" - the primary evidence of existence of an underground way into Pripyat.</text>
	</string>
	<string id="characters_voice-scenario-jupiter-jup_b15_zulus_ready">
		<text>Here's the deal: we are going together. If you find any members, send them to me, I'll make a squad out of them. When everything's alright, report to me. We'll grab Nitro and go to Jupiter.</text>
	</string>
	<string id="characters_voice-scenario-jupiter-jup_b202_bandit_pda">
		<text>Sultan, I've got this rotten maggot! He's got his fill from me! Now he'll think twice before trying to mess with the bros!</text>
	</string>
	<string id="characters_voice-scenario-jupiter-jup_b202_snag_pda">
		<text>I need to disappear so those bastards won't find me! The loot I stashed in the sewer behind the station should be enough for now. They are probably looking for me already. Too bad they will never find me.</text>
	</string>
	<string id="characters_voice-scenario-jupiter-jup_b217_stalker_guide_welcome">
		<text>We've arrived. This station, Yanov, is the only safe place around Jupiter. I'm leaving you here. If you need me, I'll be in the bar.</text>
	</string>
	<string id="characters_voice-scenario-jupiter-jup_b217_stalker_tech_welcome">
		<text>So this is your first time here? Hm, I'm also new here. Name's Nitro, nice to meet you. I'm on the technical side, can repair anything you want. However, I have few tools, so if you find anything, bring it over here as soon as possible. In case you need technical help, feel free to visit me at our, Duty half.</text>
	</string>
	<string id="characters_voice-scenario-jupiter-jup_b219_actor_go">
		<text>Move!</text>
	</string>
	<string id="characters_voice-scenario-jupiter-jup_b219_actor_ready">
		<text>Everyone's ready, open it.</text>
	</string>
	<string id="characters_voice-scenario-jupiter-jup_b219_duty_ready">
		<text>Ready! Squad?</text>
	</string>
	<string id="characters_voice-scenario-jupiter-jup_b219_duty_to_tech">
		<text>Clear!</text>
	</string>
	<string id="characters_voice-scenario-jupiter-jup_b219_monolith_ready">
		<text>Me too. Ready.</text>
	</string>
	<string id="characters_voice-scenario-jupiter-jup_b219_soldier_ready">
		<text>Oh, I don't like it all.</text>
	</string>
	<string id="characters_voice-scenario-jupiter-jup_b219_stalker_ready">
		<text>Ready as always!</text>
	</string>
	<string id="characters_voice-scenario-jupiter-jup_b219_tech_damn">
		<text>Ah, damn it!</text>
	</string>
	<string id="characters_voice-scenario-jupiter-jup_b219_tech_opening">
		<text>Go, boys!</text>
	</string>
	<string id="characters_voice-scenario-jupiter-jup_b219_tech_ready">
		<text>So? Are you ready?</text>
	</string>
	<string id="characters_voice-scenario-jupiter-jup_b219_tech_success">
		<text>That's it! It was easy for me.</text>
	</string>
	<string id="characters_voice-scenario-jupiter-jup_b219_tech_to_duty">
		<text>Good luck boys!</text>
	</string>
	<string id="characters_voice-scenario-jupiter-jup_b46_duty_founder_pda_diary">
		<text>...Wherever you go, you always return to the same place. This goddamn fog... impossible to get used to... Chepurnoy disappeared without a trace. Strange. Maybe he found an exit?... Day six, we are out of water... The colonel has lost it: he shot two people and then sent a bullet through his own brains... I am alone now. Alone inside this godforsaken anomaly... Why the hell did I sever connections to the Center! They could have retrieved me, huh? Retirement, a summer house, fishing - and there would be no Duty... Really, interesting, how would it have turned out?... But damn it all. Captain Tkachenko is already long dead... And the Duty General Tkachenko will leave now, forever... to the upper tundra, to the places rich in deer... that's justice for you.</text>
	</string>
	<string id="characters_voice-scenario-jupiter-jup_b46_spatial_bubble_sos_1">
		<text>[static] ... find the exit. Requesting help, we are almost out of ... [static]</text>
	</string>
	<string id="characters_voice-scenario-jupiter-jup_b46_spatial_bubble_sos_2">
		<text>[static] ... out of food, and water ran out two days ago. Requesting help. I repeat, requesting help! Save ... [static]</text>
	</string>
	<string id="characters_voice-scenario-jupiter-jup_b46_spatial_bubble_sos_3">
		<text>[static] ... need help immediately! We won't hold out for more than three ... [static]</text>
	</string>
	<string id="characters_voice-scenario-jupiter-jup_b9_blackbox_records">
		<text>Skat-4, over! Answer, Skat-4! Squad Skat-4, attention! This is Skat-1 speaking. In case of an emergency, the designated evacuation point is B28. I repeat, B28!</text>
	</string>
	<string id="characters_voice-scenario-jupiter-jup_b9_heli_1_blackbox">
		<text>Two bodies... Looks like they died on the way down. No valuable belongings, everything was taken away. The helicopter computer is wiped of all information, but the black box is untouched. I think a good technician would be able to extract info from it.</text>
	</string>


	<!-- Underpass -->

	<string id="characters_voice-scenario-underpass-pas_b400_sokolov_about_control_gates_1">
		<text>It's blocked, and there is no button. Yeah, that's some situation. Seems like someone's going to have to go to the control room.</text>
	</string>
	<string id="characters_voice-scenario-underpass-pas_b400_sokolov_about_control_gates_1_pda">
		<text>It's blocked, and there is no button. Yeah, that's some situation. Seems like someone's going to have to go to the control room.</text>
	</string>
	<string id="characters_voice-scenario-underpass-pas_b400_vano_about_control_gates_1">
		<text>Eeeeh, the gates are closed, yes? Well, I dunno, listen... Maybe you can open it from the control room?</text>
	</string>
	<string id="characters_voice-scenario-underpass-pas_b400_vano_about_control_gates_1_pda">
		<text>Eeeeh, the gates are closed, yes? Well, I dunno, listen... Maybe you can open it from the control room?</text>
	</string>
	<string id="characters_voice-scenario-underpass-pas_b400_vano_about_underpass">
		<text>Now what, my dear friend? Should we get going?</text>
	</string>
	<string id="characters_voice-scenario-underpass-pas_b400_vano_about_underpass_pda">
		<text>Now what, my dear friend? Should we get going?</text>
	</string>
	<string id="characters_voice-scenario-underpass-pas_b400_wanderer_about_control_gates_1">
		<text>Gate is locked. I suggest we try to open it from the control room.</text>
	</string>
	<string id="characters_voice-scenario-underpass-pas_b400_wanderer_about_control_gates_1_pda">
		<text>Gate is locked. I suggest we try to open it from the control room.</text>
	</string>
	<string id="characters_voice-scenario-underpass-pas_b400_wanderer_about_underpass">
		<text>Let's go!</text>
	</string>
	<string id="characters_voice-scenario-underpass-pas_b400_wanderer_about_underpass_pda">
		<text>Let's go!</text>
	</string>
	<string id="characters_voice-scenario-underpass-pas_b400_zulus_about_control_gates_1">
		<text>The gates are blocked, and there is no button. Do we have any volunteers who can go to the control room and check there?</text>
	</string>
	<string id="characters_voice-scenario-underpass-pas_b400_zulus_about_control_gates_1_pda">
		<text>The gates are blocked, and there is no button. Do we have any volunteers who can go to the control room and check there?</text>
	</string>
	<string id="characters_voice-scenario-underpass-pas_b400_zulus_about_underpass">
		<text>Well, let's get going!</text>
	</string>
	<string id="characters_voice-scenario-underpass-pas_b400_zulus_about_underpass_pda">
		<text>Well, let's get going!</text>
	</string>


	<!-- Pripyat -->

	<string id="characters_voice-scenario-pripyat-pri_a15_actor_introduce">
		<text>Major Degtyarev, SBU. Investigating the failure of the operation "Farvater".</text>
	</string>
	<string id="characters_voice-scenario-pripyat-pri_a15_actor_introduce_squad">
		<text>Stalkers assisted me on my way to Pripyat.</text>
	</string>
	<string id="characters_voice-scenario-pripyat-pri_a15_actor_leave_him">
		<text>Leave it Captain, let him go.</text>
	</string>
	<string id="characters_voice-scenario-pripyat-pri_a15_actor_need_talk_with_commander">
		<text>I have information for Kovalsky. Guide me to him.</text>
	</string>
	<string id="characters_voice-scenario-pripyat-pri_a15_army_go">
		<text>Follow me.</text>
	</string>
	<string id="characters_voice-scenario-pripyat-pri_a15_army_go_with_me">
		<text>Fine. Follow me.</text>
	</string>
	<string id="characters_voice-scenario-pripyat-pri_a15_army_hide_weapon">
		<text>Put down your weapons, now!</text>
	</string>
	<string id="characters_voice-scenario-pripyat-pri_a15_army_joke">
		<text>That's some mixed company.</text>
	</string>
	<string id="characters_voice-scenario-pripyat-pri_a15_army_leave">
		<text>Oh, fuck it then.</text>
	</string>
	<string id="characters_voice-scenario-pripyat-pri_a15_army_stop">
		<text>You! Stop!</text>
	</string>
	<string id="characters_voice-scenario-pripyat-pri_a15_army_who_a_you">
		<text>Who are you? Why do you need the Colonel?</text>
	</string>
	<string id="characters_voice-scenario-pripyat-pri_a15_sokolov_conjecture">
		<text>I knew it's not that simple.</text>
	</string>
	<string id="characters_voice-scenario-pripyat-pri_a15_sokolov_introduce">
		<text>Don't shoot! I am Lieutenant Sokolov, co-pilot of Skat-4, on my way to point B28.</text>
	</string>
	<string id="characters_voice-scenario-pripyat-pri_a15_sokolov_wonder">
		<text>Do you know Kovalsky?</text>
	</string>
	<string id="characters_voice-scenario-pripyat-pri_a15_vano_speech_one">
		<text>And what did you think, that we're here for some fresh air, yes? Why point guns, dear friend, can't you see we're not enemies? I and my comrades... ehm... we came here a hard way. It was a long trip.</text>
	</string>
	<string id="characters_voice-scenario-pripyat-pri_a15_wanderer_about_actor">
		<text>I don't care who works for whom.</text>
	</string>
	<string id="characters_voice-scenario-pripyat-pri_a15_zulus_go">
		<text>...and with SBU as well.</text>
	</string>
	<string id="characters_voice-scenario-pripyat-pri_a15_zulus_no_business_with_army">
		<text>I have no business with military...</text>
	</string>
	<string id="characters_voice-scenario-pripyat-pri_a15_zulus_not_me">
		<text>Without me.</text>
	</string>
	<string id="characters_voice-scenario-pripyat-pri_a15_zulus_wonder">
		<text>SBU?... What the fuck?</text>
	</string>
	<string id="characters_voice-scenario-pripyat-pri_a16_base_alarm">
		<text>Attention, this is Colonel Kovalsky! Base is under attack. Entry is not allowed until the threat is neutralized.</text>
	</string>
	<string id="characters_voice-scenario-pripyat-pri_a17_monolith_preacher">
		<text>We praise Thee that exposed designs of our enemy to Thine servants! May Thine light shine on the souls of those who gave their lives in service! To battle, guardians of Monolith, to battle! Let us avenge our fallen brothers, be them blessed in eternal unity with Monolith! Death to those who reject His holy power!</text>
	</string>
	<string id="characters_voice-scenario-pripyat-pri_a17_recon_squad_actor_dont_hide">
		<text>They might see you, comrade Major.</text>
	</string>
	<string id="characters_voice-scenario-pripyat-pri_a17_recon_squad_actor_dont_hide_pda">
		<text>They might see you, comrade Major.</text>
	</string>
	<string id="characters_voice-scenario-pripyat-pri_a17_recon_squad_after_monolith_clear">
		<text>Clear! Move!</text>
	</string>
	<string id="characters_voice-scenario-pripyat-pri_a17_recon_squad_after_monolith_clear_pda">
		<text>Clear! Move!</text>
	</string>
	<string id="characters_voice-scenario-pripyat-pri_a17_recon_squad_attack_now_1">
		<text>Wait for them to get to the center of the yard.</text>
	</string>
	<string id="characters_voice-scenario-pripyat-pri_a17_recon_squad_attack_now_1_pda">
		<text>Wait for them to get to the center of the yard.</text>
	</string>
	<string id="characters_voice-scenario-pripyat-pri_a17_recon_squad_attack_now_2">
		<text>Target engaged!</text>
	</string>
	<string id="characters_voice-scenario-pripyat-pri_a17_recon_squad_attack_now_2_pda">
		<text>Target engaged!</text>
	</string>
	<string id="characters_voice-scenario-pripyat-pri_a17_recon_squad_attack_now_3">
		<text>They're leaving!</text>
	</string>
	<string id="characters_voice-scenario-pripyat-pri_a17_recon_squad_attack_now_3_pda">
		<text>They're leaving!</text>
	</string>
	<string id="characters_voice-scenario-pripyat-pri_a17_recon_squad_attack_now_4">
		<text>Get ready, they'll see us! Fire!</text>
	</string>
	<string id="characters_voice-scenario-pripyat-pri_a17_recon_squad_attack_now_4_pda">
		<text>Get ready, they'll see us! Fire!</text>
	</string>
	<string id="characters_voice-scenario-pripyat-pri_a17_recon_squad_commander_order_hide1">
		<text>Ice, get on the roof, rest of you follow me.</text>
	</string>
	<string id="characters_voice-scenario-pripyat-pri_a17_recon_squad_commander_order_hide1_pda">
		<text>Ice, get on the roof, rest of you follow me.</text>
	</string>
	<string id="characters_voice-scenario-pripyat-pri_a17_recon_squad_commander_order_hide2">
		<text>Take your positions everyone.</text>
	</string>
	<string id="characters_voice-scenario-pripyat-pri_a17_recon_squad_commander_order_hide2_pda">
		<text>Take your positions everyone.</text>
	</string>
	<string id="characters_voice-scenario-pripyat-pri_a17_recon_squad_commander_ready_to_fire">
		<text>Waiting your order comrade Major.</text>
	</string>
	<string id="characters_voice-scenario-pripyat-pri_a17_recon_squad_commander_ready_to_fire_pda">
		<text>Waiting your order comrade Major.</text>
	</string>
	<string id="characters_voice-scenario-pripyat-pri_a17_recon_squad_commander_to_prapor">
		<text>What the fuck! Did someone tell them our plans? Yeah, we should report to Kovalsky.</text>
	</string>
	<string id="characters_voice-scenario-pripyat-pri_a17_recon_squad_commander_to_prapor_pda">
		<text>What the fuck! Did someone tell them our plans? Yeah, we should report to Kovalsky.</text>
	</string>
	<string id="characters_voice-scenario-pripyat-pri_a17_recon_squad_monolith_ambush">
		<text>Ambush! Take cover!</text>
	</string>
	<string id="characters_voice-scenario-pripyat-pri_a17_recon_squad_monolith_ambush_pda">
		<text>Ambush! Take cover!</text>
	</string>
	<string id="characters_voice-scenario-pripyat-pri_a17_recon_squad_nice_shoot">
		<text>Nice shot, comrade Major.</text>
	</string>
	<string id="characters_voice-scenario-pripyat-pri_a17_recon_squad_nice_shoot_pda">
		<text>Nice shot, comrade Major.</text>
	</string>
	<string id="characters_voice-scenario-pripyat-pri_a17_recon_squad_order_to_check">
		<text>Let's search them. Cover us, Ice.</text>
	</string>
	<string id="characters_voice-scenario-pripyat-pri_a17_recon_squad_order_to_check_pda">
		<text>Let's search them. Cover us, Ice.</text>
	</string>
	<string id="characters_voice-scenario-pripyat-pri_a17_recon_squad_prapor_to_commander">
		<text>Hey, those assholes expected us.</text>
	</string>
	<string id="characters_voice-scenario-pripyat-pri_a17_recon_squad_prapor_to_commander_pda">
		<text>Hey, those assholes expected us.</text>
	</string>
	<string id="characters_voice-scenario-pripyat-pri_a17_recon_squad_sniper_out">
		<text>Ice, wake up!</text>
	</string>
	<string id="characters_voice-scenario-pripyat-pri_a17_recon_squad_sniper_out_pda">
		<text>Ice, wake up!</text>
	</string>
	<string id="characters_voice-scenario-pripyat-pri_a17_recon_squad_talk_with_commander">
		<text>You should ask the Captain.</text>
	</string>
	<string id="characters_voice-scenario-pripyat-pri_a18_actor_report">
		<text>Damn if I know what's happening here, Colonel. There was a bunch of monolithians in the building. They were staring at a heap of trash, talking to it. I have inspected this trash and I think it's an antenna of some kind. Apparently, someone is contacting the monolithians through it and it's like some revelation to them.</text>
	</string>
	<string id="characters_voice-scenario-pripyat-pri_a18_kovalskiy_guard">
		<text>This is very strange. Obviously someone is controlling these fanatics. We'll talk about it later.</text>
	</string>
	<string id="characters_voice-scenario-pripyat-pri_a18_kovalskiy_squad">
		<text>This is very strange. Someone is controlling these fanatics. We'll talk about it later. The sentry is still missing, report immediately if you find anything. Over and out.</text>
	</string>
	<string id="characters_voice-scenario-pripyat-pri_a18_monolith_pray_1">
		<text>Monolith, we can't hear you.</text>
	</string>
	<string id="characters_voice-scenario-pripyat-pri_a18_monolith_pray_2">
		<text>Why did you leave us, Monolith?</text>
	</string>
	<string id="characters_voice-scenario-pripyat-pri_a18_monolith_pray_3">
		<text>We're waiting for your orders, Monolith.</text>
	</string>
	<string id="characters_voice-scenario-pripyat-pri_a18_shelly_hello">
		<text>Lieutenant Skelya, awaiting your orders.</text>
	</string>
	<string id="characters_voice-scenario-pripyat-pri_a18_sokolov_fight">
		<text>Holy shit, how many of them are here?</text>
	</string>
	<string id="characters_voice-scenario-pripyat-pri_a18_sokolov_hello">
		<text>Well I think it's safer with you.</text>
	</string>
	<string id="characters_voice-scenario-pripyat-pri_a18_sokolov_on_place">
		<text>We have arrived.</text>
	</string>
	<string id="characters_voice-scenario-pripyat-pri_a18_vano_fight">
		<text>Shoot them before they wake up!</text>
	</string>
	<string id="characters_voice-scenario-pripyat-pri_a18_vano_hello">
		<text>When I heard you need a hand, I volunteered immediately! Show the way!</text>
	</string>
	<string id="characters_voice-scenario-pripyat-pri_a20_actor_about_next_task">
		<text>The recon squad has located a group of Monolith at the bookshop.</text>
	</string>
	<string id="characters_voice-scenario-pripyat-pri_a20_actor_no_data">
		<text>The recon squad was observing the Monolith movements. No large groups were located, just some patrols.</text>
	</string>
	<string id="characters_voice-scenario-pripyat-pri_a20_actor_report_about_squad">
		<text>I found the squad. They were shot dead. Whoever did this left no trace.</text>
	</string>
	<string id="characters_voice-scenario-pripyat-pri_a20_colonel_about_sentry">
		<text>I don't get it... They have attacked unexpectedly and left no trace. Weird... Major, we have located the sentry's beacon, it's near the grocery. Check it out, but be careful. I count on you, Major. Over and out.</text>
	</string>
	<string id="characters_voice-scenario-pripyat-pri_a20_colonel_ask_check_recon_squad">
		<text>Major, we need to find the recon team. Some weird shit is going on here... Be careful, Major.</text>
	</string>
	<string id="characters_voice-scenario-pripyat-pri_a20_colonel_give_next_task_1">
		<text>It's the damned fanatics. We need to deal with them.</text>
	</string>
	<string id="characters_voice-scenario-pripyat-pri_a20_colonel_give_next_task_1_a21_sentry_task">
		<text>Blasted fanatics, hope they burn in hell. And we have another problem -- a sentry has gone missing, we lost contact. It is time for us to strike back at those bastards.</text>
	</string>
	<string id="characters_voice-scenario-pripyat-pri_a20_colonel_send_reinforcement">
		<text>OK, I'll send two men with you, they'll wait for you at the location. Over and out.</text>
	</string>
	<string id="characters_voice-scenario-pripyat-pri_a20_colonel_send_reinforcement_a21_about_sentry">
		<text>OK, I'll send two men with you, they'll wait for you at the location. And one more thing... we've located the sentry's beacon. It's somewhere near the grocery. Check it out if possible. I count on you, Major. Over and out.</text>
	</string>
	<string id="characters_voice-scenario-pripyat-pri_a20_colonel_talk_in_radio">
		<text>Squad! Squad, over! What is happening?</text>
	</string>
	<string id="characters_voice-scenario-pripyat-pri_a20_colonel_task_done">
		<text>I don't get it... how could they attack so unexpectedly and leave no trace? Weird... I need to think what to do next, Major. Over.</text>
	</string>
	<string id="characters_voice-scenario-pripyat-pri_a20_communication_with_recon_squad">
		<text>Oh, the recon squad is contacting me...</text>
	</string>
	<string id="characters_voice-scenario-pripyat-pri_a20_recon_squad_attacked">
		<text>No! What the fuck?! Stop! Stop, fuck! God dammit! Someone take him out! N-no! Ah! Ah...</text>
	</string>
	<string id="characters_voice-scenario-pripyat-pri_a20_sokolov_with_garick_new_way_to_pripyat_1">
		<text>It was nothing special, it takes some skill and a bit of luck. We got lucky or, maybe, it was a reward from the Zone for my patience. I wasted enough time with the scientists.</text>
	</string>
	<string id="characters_voice-scenario-pripyat-pri_a20_sokolov_with_garick_new_way_to_pripyat_2">
		<text>I can't believe you made it to Pripyat in one piece! I bet you have a cool story to tell!</text>
	</string>
	<string id="characters_voice-scenario-pripyat-pri_a20_sokolov_with_garick_new_way_to_pripyat_3">
		<text>Right, I had enough of Herman as well.</text>
	</string>
	<string id="characters_voice-scenario-pripyat-pri_a21_actor_to_base_find_and_terminate_controller">
		<text>The sentry is dead. He acted weird, tried to shoot me. I have located and destroyed a controller in the vicinity.</text>
	</string>
	<string id="characters_voice-scenario-pripyat-pri_a21_actor_to_base_find_controller">
		<text>The sentry is dead. He acted weird, tried to shoot me. I have located a controller in the vicinity and had to retreat.</text>
	</string>
	<string id="characters_voice-scenario-pripyat-pri_a21_actor_to_base_terminate_controller">
		<text>The controller is destroyed.</text>
	</string>
	<string id="characters_voice-scenario-pripyat-pri_a21_base_to_actor_find_and_terminate_controller">
		<text>Understood, Major. It seems that the controller got to him by the brains... He was a good fellow. Apparently, the same shit has happened to the recon team, they shot each other because of this beast. Thank you. Over and out.</text>
	</string>
	<string id="characters_voice-scenario-pripyat-pri_a21_base_to_actor_terminate_controller">
		<text>Understood, Major. It seems that the controller got to him by the brains... Damn, you've got to do something about this beast.</text>
	</string>
	<string id="characters_voice-scenario-pripyat-pri_a21_colonel_base_about_sentry">
		<text>Major, this is Kovalsky. We have more trouble. Come back, I'll tell you more.</text>
	</string>
	<string id="characters_voice-scenario-pripyat-pri_a21_colonel_give_sentry_task">
		<text>Major, this is Kovalsky. We have more trouble, one of the sentries is not responding. You know the former grocery building? That's where his beacon is. Check it out if possible. Over and out.</text>
	</string>
	<string id="characters_voice-scenario-pripyat-pri_a21_colonel_lets_talk">
		<text>Ah, it's you, Major. Come in, come in.</text>
	</string>
	<string id="characters_voice-scenario-pripyat-pri_a22_actor_to_base_find_squad_member">
		<text>Tell the Colonel I found one of your guys. It seems he got blown up by his own grenade. There is no signs of battle.</text>
	</string>
	<string id="characters_voice-scenario-pripyat-pri_a22_base_to_actor_has_rfi_coordinates">
		<text>Kovalsky here. Understood, Major, listen, I have good news for a change. We were able to locate the source of interference finally. It is in the kindergarten building.</text>
	</string>
	<string id="characters_voice-scenario-pripyat-pri_a22_colonel_about_rfi_and_lost_suad">
		<text>The radio operator says the source of interference is nearby, he is trying to pinpoint the location now. I've sent a squad to search the area, but we lost contact... Not even beacons...</text>
	</string>
	<string id="characters_voice-scenario-pripyat-pri_a22_colonel_about_situation">
		<text>Major, this operation went FUBAR since the crash. We are surrounded, cut from the command and it's only getting worse. I do not expect evacuation anytime soon, and at this rate there will be no one alive to evacuate anyway. I lost control of the situation... We need to contact the command urgently.</text>
	</string>
	<string id="characters_voice-scenario-pripyat-pri_a22_colonel_give_task">
		<text>One of your priorities, Major, is to restore the radio connection with headquarters. It is actually your first priority, I presume. I have a personal request as well. Could you find my men?</text>
	</string>
	<string id="characters_voice-scenario-pripyat-pri_a22_colonel_to_actor_need_talk">
		<text>Major, listen, I need to talk to you... one-to-one.</text>
	</string>
	<string id="characters_voice-scenario-pripyat-pri_a25_actor_all_doors_locked">
		<text>I'm near the building, but all the entrances seem to be blocked.</text>
	</string>
	<string id="characters_voice-scenario-pripyat-pri_a25_kovalski_take_explosive">
		<text>The guys who were looking for the source of interference had explosives. Find it and use it to enter the building.</text>
	</string>
	<string id="characters_voice-scenario-pripyat-pri_a28_actor_scene_end">
		<text>Strelok and the Skat squad are killed. Get ready to take-off.</text>
	</string>
	<string id="characters_voice-scenario-pripyat-pri_a28_actor_scene_end_when_strelok_dead">
		<text>That's it, Strelok is dead, get ready to take-off.</text>
	</string>
	<string id="characters_voice-scenario-pripyat-pri_a28_actor_to_ssu_1">
		<text>Major Degtyarev here.</text>
	</string>
	<string id="characters_voice-scenario-pripyat-pri_a28_actor_to_ssu_2">
		<text>For now I have retrieved documents on research performed in the Zone. Also, we have been contacted by a Stalker nicknamed Strelok who visited the CNPP, he is willing to cooperate.</text>
	</string>
	<string id="characters_voice-scenario-pripyat-pri_a28_actor_to_ssu_with_heli_info">
		<text>I do. I have reliable information and it coincides with Strelok's claims. Helicopters were struck by anomalies which changed their locations after a blowout. Inaccurate maps were the cause of failure.</text>
	</string>
	<string id="characters_voice-scenario-pripyat-pri_a28_actor_to_ssu_without_heli_info">
		<text>Strelok claims the helicopters crashed due to anomalies. The fact they change location after a blowout was not taken in account when creating maps for the operation.</text>
	</string>
	<string id="characters_voice-scenario-pripyat-pri_a28_actor_to_strelok">
		<text>Get in the chopper! I hope it was worth it...</text>
	</string>
	<string id="characters_voice-scenario-pripyat-pri_a28_center_to_colonel_1">
		<text>Kovalsky, what's wrong with the connection?</text>
	</string>
	<string id="characters_voice-scenario-pripyat-pri_a28_center_to_colonel_2">
		<text>Understood. Okay, listen, the Farvater operation is now under control of SBU. Is Major Degtyarev with you?</text>
	</string>
	<string id="characters_voice-scenario-pripyat-pri_a28_center_to_colonel_3">
		<text>He is your superior from now on. His command will speak to him now.</text>
	</string>
	<string id="characters_voice-scenario-pripyat-pri_a28_colonel_about_heli">
		<text>They made it, devils! They finally made it... Strelok, you were right.</text>
	</string>
	<string id="characters_voice-scenario-pripyat-pri_a28_colonel_about_snork">
		<text>We are short on time! Everyone, check your weapons! Fire at will!</text>
	</string>
	<string id="characters_voice-scenario-pripyat-pri_a28_colonel_actor_talk">
		<text>Major, may I talk to you?</text>
	</string>
	<string id="characters_voice-scenario-pripyat-pri_a28_colonel_after_surge">
		<text>The blowout is over. Lieutenant, contact the command.</text>
	</string>
	<string id="characters_voice-scenario-pripyat-pri_a28_colonel_cannot_wait">
		<text>Major, we cannot wait anymore.</text>
	</string>
	<string id="characters_voice-scenario-pripyat-pri_a28_colonel_clear_the_deck">
		<text>Prepare for action!</text>
	</string>
	<string id="characters_voice-scenario-pripyat-pri_a28_colonel_close_by">
		<text>Move! We're almost there!</text>
	</string>
	<string id="characters_voice-scenario-pripyat-pri_a28_colonel_evacuation">
		<text>Squad, move out!</text>
	</string>
	<string id="characters_voice-scenario-pripyat-pri_a28_colonel_fire_will">
		<text>Soldiers! Fire at will! Forward!</text>
	</string>
	<string id="characters_voice-scenario-pripyat-pri_a28_colonel_go_left">
		<text>Soldiers! Move left, watch each other!</text>
	</string>
	<string id="characters_voice-scenario-pripyat-pri_a28_colonel_instructions">
		<text>Well, boys, you got it? Listen to my orders! Do not disperse, keep together. Cherish the stalker as the apple of your eye. Any questions?... Good, get ready to depart.</text>
	</string>
	<string id="characters_voice-scenario-pripyat-pri_a28_colonel_ok_go_here">
		<text>To the arch!</text>
	</string>
	<string id="characters_voice-scenario-pripyat-pri_a28_colonel_ready_to_go">
		<text>Everyone stay alert! Follow orders precisely! We are almost there. Move!</text>
	</string>
	<string id="characters_voice-scenario-pripyat-pri_a28_colonel_see_helicopter">
		<text>Fuck it's Monolith! Soldiers! Do not spare your ammo! Fire at will! Keep moving toward the helicopters!</text>
	</string>
	<string id="characters_voice-scenario-pripyat-pri_a28_colonel_strelok_out">
		<text>Damn it, Strelok is dead! We have to fight our way through. Forward!</text>
	</string>
	<string id="characters_voice-scenario-pripyat-pri_a28_colonel_to_center_1">
		<text>There was a blowout, comrade General. Radio was dead.</text>
	</string>
	<string id="characters_voice-scenario-pripyat-pri_a28_colonel_to_center_2">
		<text>Yes.</text>
	</string>
	<string id="characters_voice-scenario-pripyat-pri_a28_colonel_to_center_3">
		<text>Roger.</text>
	</string>
	<string id="characters_voice-scenario-pripyat-pri_a28_colonel_wait_actor">
		<text>Where are you, Major? We must deliver Strelok to the choppers!</text>
	</string>
	<string id="characters_voice-scenario-pripyat-pri_a28_colonel_wait_actor_go">
		<text>Major, we are moving on.</text>
	</string>
	<string id="characters_voice-scenario-pripyat-pri_a28_colonel_wait_actor_go_pda">
		<text>Major, we are moving on.</text>
	</string>
	<string id="characters_voice-scenario-pripyat-pri_a28_colonel_wait_actor_long">
		<text>Major, we cannot wait for you.</text>
	</string>
	<string id="characters_voice-scenario-pripyat-pri_a28_colonel_wait_actor_long_pda">
		<text>Major, we cannot wait for you.</text>
	</string>
	<string id="characters_voice-scenario-pripyat-pri_a28_colonel_wait_actor_pda">
		<text>Where are you, Major? We must deliver Strelok to the choppers!</text>
	</string>
	<string id="characters_voice-scenario-pripyat-pri_a28_colonel_wait_actor_return">
		<text>Well, let's move on.</text>
	</string>
	<string id="characters_voice-scenario-pripyat-pri_a28_colonel_wait_actor_return_pda">
		<text>Well, let's move on.</text>
	</string>
	<string id="characters_voice-scenario-pripyat-pri_a28_colonel_we_close">
		<text>We are closing in!</text>
	</string>
	<string id="characters_voice-scenario-pripyat-pri_a28_colonel_will_time">
		<text>Roger! We'll hurry!</text>
	</string>
	<string id="characters_voice-scenario-pripyat-pri_a28_colonel_zombied_attack">
		<text>Now every zombie in Pripyat knows we are here! We must move faster! Squad! At the double!</text>
	</string>
	<string id="characters_voice-scenario-pripyat-pri_a28_colonel_zombied_first">
		<text>Evade them! Squad, move right along the building!</text>
	</string>
	<string id="characters_voice-scenario-pripyat-pri_a28_continuation">
		<text>Holy shit, you still here? Well, if you need anything, find me at the base. I am back and I have brought stalkers this time.</text>
	</string>
	<string id="characters_voice-scenario-pripyat-pri_a28_evac_com_cant_wait">
		<text>We cannot wait, we have orders! We will take off if attacked!</text>
	</string>
	<string id="characters_voice-scenario-pripyat-pri_a28_evac_com_helicopter_run_time">
		<text>Skat! We cannot wait! We are taking off in a minute!</text>
	</string>
	<string id="characters_voice-scenario-pripyat-pri_a28_evac_com_helicopter_run_time_pda">
		<text>Skat! We cannot wait! We are taking off in a minute!</text>
	</string>
	<string id="characters_voice-scenario-pripyat-pri_a28_evac_com_ready">
		<text>Major, we are ready to take off!</text>
	</string>
	<string id="characters_voice-scenario-pripyat-pri_a28_evac_com_scene_end_when_strelok_dead">
		<text>Roger!</text>
	</string>
	<string id="characters_voice-scenario-pripyat-pri_a28_evac_com_to_helicopter">
		<text>To the choppers! Move!</text>
	</string>
	<string id="characters_voice-scenario-pripyat-pri_a28_evac_com_to_helicopter_pda">
		<text>To the choppers! Move!</text>
	</string>
	<string id="characters_voice-scenario-pripyat-pri_a28_evac_com_where_you">
		<text>Skat squad! Where are you?</text>
	</string>
	<string id="characters_voice-scenario-pripyat-pri_a28_evac_come_close">
		<text>Comrade Major, we are under heavy fire! Enemy is unknown! We won't hold for long!</text>
	</string>
	<string id="characters_voice-scenario-pripyat-pri_a28_evac_come_close_pda">
		<text>Comrade Major, we are under heavy fire! Enemy is unknown! We won't hold for long!</text>
	</string>
	<string id="characters_voice-scenario-pripyat-pri_a28_medic_about_snork">
		<text>Them again. Should we go around the building?</text>
	</string>
	<string id="characters_voice-scenario-pripyat-pri_a28_signaller_after_surge_1">
		<text>Yes!</text>
	</string>
	<string id="characters_voice-scenario-pripyat-pri_a28_signaller_after_surge_2">
		<text>Command is on the air!</text>
	</string>
	<string id="characters_voice-scenario-pripyat-pri_a28_ssu_to_actor_1">
		<text>Major, do you read? Over!</text>
	</string>
	<string id="characters_voice-scenario-pripyat-pri_a28_ssu_to_actor_2">
		<text>Good. You are in charge of operation Farvater from now on. Kovalsky and the Skat squad will assist you. Report on current situation.</text>
	</string>
	<string id="characters_voice-scenario-pripyat-pri_a28_ssu_to_actor_3">
		<text>Understood. Accept his proposal. Do you have information on the cause of the helicopter crashes?</text>
	</string>
	<string id="characters_voice-scenario-pripyat-pri_a28_ssu_to_actor_5">
		<text>We will consider this now. This means we have time before the next blowout. You and the stalker will be picked up at the B28 point. The Skat squad is evacuated as well, the helicopters are taking off as we speak. Over and out.</text>
	</string>
	<string id="characters_voice-scenario-pripyat-pri_a28_strelok_dont_stop">
		<text>Don't stop! Run!</text>
	</string>
	<string id="characters_voice-scenario-pripyat-pri_a28_strelok_go_over_anomaly">
		<text>More zombies ahead!</text>
	</string>
	<string id="characters_voice-scenario-pripyat-pri_a28_strelok_run">
		<text>Run!</text>
	</string>
	<string id="characters_voice-scenario-pripyat-pri_b301_zulus_after_fight">
		<text>Nice shooting!</text>
	</string>
	<string id="characters_voice-scenario-pripyat-pri_b301_zulus_after_fight_pda">
		<text>Nice shooting!</text>
	</string>
	<string id="characters_voice-scenario-pripyat-pri_b301_zulus_hello_in_combat">
		<text>Watch your back! They're coming from everywhere!</text>
	</string>
	<string id="characters_voice-scenario-pripyat-pri_b301_zulus_hello_in_combat_pda">
		<text>Watch your back! They're coming from everywhere!</text>
	</string>
	<string id="characters_voice-scenario-pripyat-pri_b301_zulus_surrounded_1">
		<text>Eat this!</text>
	</string>
	<string id="characters_voice-scenario-pripyat-pri_b301_zulus_surrounded_2">
		<text>Ha, thought you got me?!</text>
	</string>
	<string id="characters_voice-scenario-pripyat-pri_b301_zulus_surrounded_3">
		<text>Freaks!</text>
	</string>
	<string id="characters_voice-scenario-pripyat-pri_b305_actor_ask_about_burning_antenn">
		<text>A famous stalker... You are the one who turned off the Brain Scorcher, right?</text>
	</string>
	<string id="characters_voice-scenario-pripyat-pri_b305_actor_check_signal">
		<text>I'll check it out.</text>
	</string>
	<string id="characters_voice-scenario-pripyat-pri_b305_actor_dont_see_anyone">
		<text>I don't see anyone.</text>
	</string>
	<string id="characters_voice-scenario-pripyat-pri_b305_actor_emission_starts">
		<text>Blowout soon!</text>
	</string>
	<string id="characters_voice-scenario-pripyat-pri_b305_actor_go">
		<text>Okay, I will.</text>
	</string>
	<string id="characters_voice-scenario-pripyat-pri_b305_actor_it_is_underground">
		<text>It is under ground!</text>
	</string>
	<string id="characters_voice-scenario-pripyat-pri_b305_actor_need_center_to_know">
		<text>Report this to command ASAP.</text>
	</string>
	<string id="characters_voice-scenario-pripyat-pri_b305_actor_understand">
		<text>Understood.</text>
	</string>
	<string id="characters_voice-scenario-pripyat-pri_b305_actor_we_have_problems">
		<text>We have a problem. The helicopters are crashing for unknown reason.</text>
	</string>
	<string id="characters_voice-scenario-pripyat-pri_b305_actor_wondered">
		<text>I see...</text>
	</string>
	<string id="characters_voice-scenario-pripyat-pri_b305_army_what_freezer">
		<text>Ha! Holy shit! Now that's something new. In a fridge!</text>
	</string>
	<string id="characters_voice-scenario-pripyat-pri_b305_kirilov_about_garik">
		<text>Yeah, and Garik is off to Yanov to get provision, he said not to expect him for a few days.</text>
	</string>
	<string id="characters_voice-scenario-pripyat-pri_b305_kirilov_about_garik_vano">
		<text>Yeah, and Vano is off to Yanov with Garik, he said he'll be back with presents!</text>
	</string>
	<string id="characters_voice-scenario-pripyat-pri_b305_kirilov_about_strelok_1">
		<text>Thanks for help! The Colonel wants to see you.</text>
	</string>
	<string id="characters_voice-scenario-pripyat-pri_b305_kirilov_give_coordinates">
		<text>Yes, I do, comrade Colonel! But the signal is broken, its source is moving.</text>
	</string>
	<string id="characters_voice-scenario-pripyat-pri_b305_kirilov_give_new_coordinates">
		<text>I have the signal again! Transmitting coordinates.</text>
	</string>
	<string id="characters_voice-scenario-pripyat-pri_b305_kirilov_glad">
		<text>Wow, that's something! You made it back? We gave up hope to see our doctor again already.</text>
	</string>
	<string id="characters_voice-scenario-pripyat-pri_b305_kirilov_ok">
		<text>OK...</text>
	</string>
	<string id="characters_voice-scenario-pripyat-pri_b305_kirilov_order_agree">
		<text>Yes, comrade Colonel!</text>
	</string>
	<string id="characters_voice-scenario-pripyat-pri_b305_kirilov_signal_lost">
		<text>I lost it!</text>
	</string>
	<string id="characters_voice-scenario-pripyat-pri_b305_kirilov_signal_next_to_actor">
		<text>I got it! It's near you.</text>
	</string>
	<string id="characters_voice-scenario-pripyat-pri_b305_kirilov_source_is_near">
		<text>It's really really close! Moving toward our base.</text>
	</string>
	<string id="characters_voice-scenario-pripyat-pri_b305_kirilov_strange_signal">
		<text>Comrade Colonel! A signal source is located not far from here. The signal is encrypted, I was unable to decipher it yet.</text>
	</string>
	<string id="characters_voice-scenario-pripyat-pri_b305_kirilov_what_freezer">
		<text>What fridge? Where did you find a fridge?</text>
	</string>
	<string id="characters_voice-scenario-pripyat-pri_b305_kirilov_what_happen">
		<text>So what did happen?</text>
	</string>
	<string id="characters_voice-scenario-pripyat-pri_b305_kirilov_what_next">
		<text>What?</text>
	</string>
	<string id="characters_voice-scenario-pripyat-pri_b305_kirilov_where_you_been">
		<text>So? Where have you been?</text>
	</string>
	<string id="characters_voice-scenario-pripyat-pri_b305_kovalskiy_about_anomaly_map">
		<text>But we did have an accurate map of anomalies... The helicopters were protected as much as possible!</text>
	</string>
	<string id="characters_voice-scenario-pripyat-pri_b305_kovalskiy_about_deal">
		<text>Unless the cause is found, there will be no helicopters. Sounds like we'll have to walk out of here.</text>
	</string>
	<string id="characters_voice-scenario-pripyat-pri_b305_kovalskiy_ask_coordinates">
		<text>Do you have the coordinates, Major?</text>
	</string>
	<string id="characters_voice-scenario-pripyat-pri_b305_kovalskiy_attack_case_prepare">
		<text>Major, this is Kovalsky. Come back. We must prepare for an attack. They will not surprise us this time.</text>
	</string>
	<string id="characters_voice-scenario-pripyat-pri_b305_kovalskiy_let_center_know">
		<text>I will contact the command once the blowout is over.</text>
	</string>
	<string id="characters_voice-scenario-pripyat-pri_b305_kovalskiy_news">
		<text>The command contacted me, I reported the information we gathered so far. There will be no choppers for now. We are to hold position and wait further orders. There are SBU observers at headquarters now so you can talk to them.</text>
	</string>
	<string id="characters_voice-scenario-pripyat-pri_b305_kovalskiy_order_kirilov">
		<text>Lieutenant, contact the headquarters as soon as possible.</text>
	</string>
	<string id="characters_voice-scenario-pripyat-pri_b305_kovalskiy_talk_in_safe_place">
		<text>Come on, we'll talk in the shelter.</text>
	</string>
	<string id="characters_voice-scenario-pripyat-pri_b305_kovalskiy_think_of_attack">
		<text>Monolith again?!</text>
	</string>
	<string id="characters_voice-scenario-pripyat-pri_b305_kovalskiy_who_are_you">
		<text>Who are you?!</text>
	</string>
	<string id="characters_voice-scenario-pripyat-pri_b305_kovalskiy_wondered">
		<text>Now what?</text>
	</string>
	<string id="characters_voice-scenario-pripyat-pri_b305_medik_dont_know_what_say">
		<text>Hm. I don't know what to say...</text>
	</string>
	<string id="characters_voice-scenario-pripyat-pri_b305_medik_excuse">
		<text>Where... I would like to see what you'd find.</text>
	</string>
	<string id="characters_voice-scenario-pripyat-pri_b305_medik_in_freezer">
		<text>You are not going to believe this... In a fridge.</text>
	</string>
	<string id="characters_voice-scenario-pripyat-pri_b305_medik_talk_later">
		<text>Yeah, sort of... I'll tell you later.</text>
	</string>
	<string id="characters_voice-scenario-pripyat-pri_b305_strelok_about_anomaly_randomize">
		<text>You should've noticed this already. Anomalies change their location after a blowout, some disappear, but some are created. Your map was out of date before you received it.</text>
	</string>
	<string id="characters_voice-scenario-pripyat-pri_b305_strelok_about_heli">
		<text>The cause is simple, really. There are no less anomalies in the air than on the ground and even more of them near the center of the Zone.</text>
	</string>
	<string id="characters_voice-scenario-pripyat-pri_b305_strelok_about_zone_destroying">
		<text>Yeah that was the plan... I am here to talk to your superiors, I have information that would allow them to control and to destroy the Zone.</text>
	</string>
	<string id="characters_voice-scenario-pripyat-pri_b305_strelok_give_up">
		<text>Don't shoot, I am going to the main entrance!</text>
	</string>
	<string id="characters_voice-scenario-pripyat-pri_b305_strelok_how_to_get_away">
		<text>The blowouts never come one after another. If you scan the area right after a blowout and map the anomalies, the helicopters should be able to evacuate everyone before the next blowout happens.</text>
	</string>
	<string id="characters_voice-scenario-pripyat-pri_b305_strelok_introduse">
		<text>I am Strelok.</text>
	</string>
	<string id="characters_voice-scenario-pripyat-pri_b35_both_done_end">
		<text>Both targets down! Nice job. Retreat!</text>
	</string>
	<string id="characters_voice-scenario-pripyat-pri_b35_envoy_sighted">
		<text>Wow, there's another squad! Let's see who's the envoy.</text>
	</string>
	<string id="characters_voice-scenario-pripyat-pri_b35_kovalski_calls_guide">
		<text>Kirillov, this is Kovalsky. I need you to accompany the Major.</text>
	</string>
	<string id="characters_voice-scenario-pripyat-pri_b35_merc_leader_sighted">
		<text>The one near the main entrance must be their leader.</text>
	</string>
	<string id="characters_voice-scenario-pripyat-pri_b35_primary_target_down">
		<text>Primary target down!</text>
	</string>
	<string id="characters_voice-scenario-pripyat-pri_b35_primary_target_lost_end">
		<text>Primary target lost! Retreat!</text>
	</string>
	<string id="characters_voice-scenario-pripyat-pri_b35_rendevous_done">
		<text>They are leaving! Fire!</text>
	</string>
	<string id="characters_voice-scenario-pripyat-pri_b35_rendevous_in_process">
		<text>Targets are near the main entrance.</text>
	</string>
	<string id="characters_voice-scenario-pripyat-pri_b35_rendevous_started">
		<text>Comrade Major! The mercenaries have arrived.</text>
	</string>
	<string id="characters_voice-scenario-pripyat-pri_b35_secondary_target_down">
		<text>Secondary target down!</text>
	</string>
	<string id="characters_voice-scenario-pripyat-pri_b35_secondary_target_lost_end">
		<text>Secondary target lost! Retreat!</text>
	</string>
	<string id="characters_voice-scenario-pripyat-pri_b35_targets_lost_end">
		<text>Both targets lost! Retreat!</text>
	</string>

</string_table>
