<?xml version="1.0" encoding="windows-1251"?>
<string_table>
  <string id="dm_anomalies_10">
    <text>There is a place in Zaton where burner anomalies formed underwater. It is called "Boiler", due to the steam rising from under the ground. To take this steam lightly though, is a mistake. Experienced stalkers say the steam is worse to the unprepared than the regular burners. Although the temperature is lower, there is a lot more energy released. The artifacts found around these are generally the regular fire based artifacts.</text>
  </string>
  <string id="dm_anomalies_11">
    <text>They say the ravines and caves are a good place: plenty of artifacts, but there are also plenty of anomalies. At the bottom, the poisonous anomalies will make your eyes burn even through a gas mask.</text>
  </string>
  <string id="dm_anomalies_12">
    <text>The "Ash Heap" is a small graveyard by Kopachi. It is very dangerous there; many burner anomalies, and zombies are frequently spotted there. Although most avoid it, it is said artifacts are not rare to spot in this place.</text>
  </string>
  <string id="dm_anomalies_13">
    <text>They say there are many artifacts to be found at the old transit station. Although there are few trains and buses left, the stuff that's around is very radioactive. And, of course, there are many electro anomalies to be found.</text>
  </string>
  <string id="dm_anomalies_14">
    <text>In the "Rotten Woods", there are trees disfigured by the acidic anomalies there. Those that have been there say there is so much gas it obscures your vision. Skilled stalkers however, have been able to find many artifacts around there.</text>
  </string>
  <string id="dm_anomalies_15">
    <text>If you're going for specific artifacts, the acidic ones are in high demand. The best place to find them is the "Concrete Bathtub". Few wander there, due to its proximity to the Jupiter factory.</text>
  </string>
  <string id="dm_anomalies_16">
    <text>Not far from Jupiter, a road collapsed. They call this place "Tar", due to the way the blacktop has melted. There are many anomalies in the ravine, mostly burners mixed in with gravity based anomalies. It is speculated that both types of artifacts can be found here as well.</text>
  </string>
  <string id="dm_anomalies_17">
    <text>There is a small pond behind the cement factory called "Flux". The pond is quickly turning into a full-blown swamp due to the mass of chemical anomalies in the water. Although this means there are plenty of artifacts to be found here, some say it is a breeding ground for monsters of the Zone.</text>
  </string>
  <string id="dm_anomalies_18">
    <text>You should check in the old cement factory. There are tons of anomalies, but it's worth it. Of course, there are easier places to dig up artifacts, but those places tend to be crowded by other treasure hunters. There on the other hand, your only company will be the mice in the basement.</text>
  </string>
  <string id="dm_anomalies_19">
    <text>Check by the "Pineoak". That's that big tree looking thing that's grown above the valley with the chemical anomalies. Everyone calls it that: some smart guy figured out that the whole mess of tree had bark from fir trees and some from oak trees. If you're going out that way, I suggest taking plenty of chemical protection, and a couple of shotgun shells. The dogs seem to go crazy in those hills.</text>
  </string>
  <string id="dm_anomalies_2">
    <text>You don't always have to crawl through anomalies to find artifacts. Someone told me a story of how they found an artifact in an open field. A stalker's detector starts going crazy, so he figures it has a blown capacitor. He replaces it, it starts working, and lo and behold, an artifact practically falls into his hands. Man, what luck. The Zone is like that though: sometimes it deals out a punishment, and sometimes a gift.</text>
  </string>
  <string id="dm_anomalies_20">
    <text>I heard from some experienced stalkers that artifacts sometimes tumble outside the anomaly fields. Maybe, your detector starts acting up, you run for it, and all of a sudden it's not there anymore. It is pointless to run - the Zone decides who gets the reward.</text>
  </string>
  <string id="dm_anomalies_21">
    <text>No one has yet had the nerve to hunt for artifacts in Pripyat. Everyone I know just got here, they're being careful.</text>
  </string>
  <string id="dm_anomalies_22">
    <text>Who knows where to look for them here?  No one's explored Pripyat decently...</text>
  </string>
  <string id="dm_anomalies_23">
    <text>I'd check the underground tunnels; they say there are lots of them under the city.</text>
  </string>
  <string id="dm_anomalies_24">
    <text>No one knows much about this place, aside from what Garik has said. He told me about a place, where a grapevine grew out of an acidic anomaly, as tall as a 10 story house. He's probably exaggerating, but I'd still like to check that vine out.</text>
  </string>
  <string id="dm_anomalies_3">
    <text>Most likely - check the poisonous swamp. There are lots of gravitational anomalies, but they're easy to find and avoid, thanks to the stuff they do to the water. The chemical anomalies on the other hand, there's almost no air to breathe down there, and it'll corrode your suit in seconds, faster than sulfuric acid.</text>
  </string>
  <string id="dm_anomalies_5">
    <text>At the burned down village, on the hill, there's a ton of burner anomalies, so it goes without saying there's a ton of fire-based artifacts as well. They say you gotta check the houses; the new stuff appears inside after blowouts.</text>
  </string>
  <string id="dm_anomalies_6">
    <text>There's probably a lot in the caves under the burned down village... If you walk up the hill with a detector, it goes crazy the whole time. Getting in is easy - just jump down - but getting out is tricky, there are tons of anomalies in there. Mostly people have noted gravitational and chemical anomalies, but some say there are even "Comets" down there.</text>
  </string>
  <string id="dm_anomalies_7">
    <text>Have you seen the "Circus" anomaly field?  There's a giant trampoline anomaly there, and two "Comets" circling around it. Get a good look from a distance since there's tons of burners close up. There's got to be some good artifacts there, but watch out for the Burner Poltergeist, that bastard, he'll try to torch you as soon as you get close.</text>
  </string>
  <string id="dm_anomalies_9">
    <text>Well, if you're interested in gravity-based artifacts, check out the "Fang" anomaly. You'd have a hard time missing it, the ground's messed up real bad from the anomalies, part of the hill has just disappeared. The caves, I've heard, are teeming with snorks, but they seem to keep indoors.</text>
  </string>
  <string id="dm_anomalies_do_not_know_1">
    <text>In the Zone, man, in the Zone. Just - don't give up.</text>
  </string>
  <string id="dm_anomalies_do_not_know_2">
    <text>Good question. If you find out, share that info with me, will you?</text>
  </string>
  <string id="dm_anomalies_do_not_know_3">
    <text>What, where... More importantly, if you find a good fishing spot, don't tell anyone.</text>
  </string>
  <string id="dm_anomalies_general">
    <text>Where can I find artifacts?</text>
  </string>
  <string id="dm_anomalies_no_more_1">
    <text>I already told you.</text>
  </string>
  <string id="dm_anomalies_no_more_2">
    <text>I don't know much more.</text>
  </string>
  <string id="dm_anomalies_no_more_3">
    <text>That's all I know. Ask someone else.</text>
  </string>
  <string id="dm_hello_0">
    <text>Hello, brother.</text>
  </string>
  <string id="dm_hello_1">
    <text>Hey!</text>
  </string>
  <string id="dm_hello_10">
    <text>Hello, stalker.</text>
  </string>
  <string id="dm_hello_11">
    <text>Hello.</text>
  </string>
  <string id="dm_hello_12">
    <text>What's up?</text>
  </string>
  <string id="dm_hello_13">
    <text>What do you want?</text>
  </string>
  <string id="dm_hello_14">
    <text>Tell me.</text>
  </string>
  <string id="dm_hello_15">
    <text>Good day, comrade Major!</text>
  </string>
  <string id="dm_hello_16">
    <text>Good day!</text>
  </string>
  <string id="dm_hello_17">
    <text>I'm all ears, Comrade Major.</text>
  </string>
  <string id="dm_hello_2">
    <text>Well, hello.</text>
  </string>
  <string id="dm_hello_3">
    <text>What do you want?</text>
  </string>
  <string id="dm_hello_4">
    <text>Oh, look who showed up.</text>
  </string>
  <string id="dm_hello_5">
    <text>Hey, stalker. What do you want?</text>
  </string>
  <string id="dm_hello_6">
    <text>Howdy.</text>
  </string>
  <string id="dm_hello_7">
    <text>Great, man.</text>
  </string>
  <string id="dm_hello_8">
    <text>Oh, hey, bro.</text>
  </string>
  <string id="dm_hello_9">
    <text>Hey.</text>
  </string>
  <string id="dm_hello_general">
    <text>Hi!</text>
  </string>
  <string id="dm_help_0">
    <text>Buddy, help!</text>
  </string>
  <string id="dm_help_1">
    <text>Brother, help me, I'm dying...</text>
  </string>
  <string id="dm_help_10">
    <text>I need medical attention!</text>
  </string>
  <string id="dm_help_11">
    <text>Medkit! Quick!</text>
  </string>
  <string id="dm_help_2">
    <text>Help me, bro... Oh god, it hurts!</text>
  </string>
  <string id="dm_help_3">
    <text>Friend, medkit... give me a medkit...</text>
  </string>
  <string id="dm_help_4">
    <text>Bro... ohm... Bro, save me!</text>
  </string>
  <string id="dm_help_5">
    <text>Help me, bro... Don't... Don't let me die like this...</text>
  </string>
  <string id="dm_help_6">
    <text>Stalker, help me... give me a medkit...</text>
  </string>
  <string id="dm_help_7">
    <text>I'm hurt... Help!</text>
  </string>
  <string id="dm_help_8">
    <text>I need a medkit!</text>
  </string>
  <string id="dm_help_9">
    <text>MEDKIT!</text>
  </string>
  <string id="dm_information_1">
    <text>Have you heard about the construction barge east of Skadovsk? They say, at night, there's a strange glow in it... Strange, even for the zone. Anyway, I dunno: should I check it out - maybe something valuable on board, or perhaps sit on my ass so it doesn't get shot up.</text>
  </string>
  <string id="dm_information_10">
    <text>Yeah, everything is old. Take, for example, the abandoned convoy on the bridge - everything's rusty as hell, along with the bridge. But, it's still worth a look, if it wasn't for the mutants and anomalies.</text>
  </string>
  <string id="dm_information_11">
    <text>Did you hear that Sultan, that bastard, wanted to force Beard into paying protection money? Bad enough that we let their little gang of bandits roam around here, now he wants to start really messing around. He picked the wrong guy to mess with! They say, Beard along with some fellow stalkers really showed him what for... he's not getting his little bandit authority.</text>
  </string>
  <string id="dm_information_12">
    <text>Shit, did you hear? Sultan, that asshole, has Beard under his thumb now... God knows how he managed it, but it looks like Beard is paying him protection money now. How could this happen? You turn around for one second, and now Skadovsk is a lowlife hangout.</text>
  </string>
  <string id="dm_information_13">
    <text>Bro, have you heard about the Oasis? They say it's a wondrous place: difficult to find and even more difficult to get to. They also say there's a lake: you take a swim in it, and you are healed... and any wounds disappear. But these are just rumors. See how many experienced stalkers have trudged their way to the center of the Zone? Some are looking for the artifact mother lode, some are just curious, but some are specifically looking for this "Oasis". According to legend, it is somewhere in these parts.</text>
  </string>
  <string id="dm_information_14">
    <text>I've heard they said the end of the Zone is near... Someone found the Oasis and took the artifact "Heart of the Oasis". Now, supposedly, the Zone is moving to a different dimension and no stalker can get out of here anymore... Just kidding. In truth, someone did find a new artifact, and the scientists are researching it right now in the bunker.</text>
  </string>
  <string id="dm_information_15">
    <text>Have you heard about Topol? Sounds like he found some danger for his crew, and naturally, they all gladly agreed to walk right into it. Well, it looks like they ran into a controller down there and almost got their brains cooked. They'd all be shambling around, yelling incoherently if it wasn't for some hero they dragged along. Topol said, as he was coming out of the trance, he sees this guy sitting by the controller, cutting its ears off.</text>
  </string>
  <string id="dm_information_16">
    <text>Did you hear about the Kopachi village? During the first Chernobyl explosion, it was so irradiated that they decided to just bury the whole thing. Nothing left of the houses but mounds of radioactive dirt. They say it was a creepy place, and people still have no idea what's happening there now. Everyone seems to just avoid it, scared... but who knows; maybe the artifact mother lode is right there?</text>
  </string>
  <string id="dm_information_17">
    <text>You know, I heard that at Yanov there are currently two stalkers who can predict blowouts. One is Chiropractor, our medic, and the other is Zulu, a former Dutyer. He hasn't been former Duty for long... When the Duty guys first got to Yanov, some Freedom guys had already been there. Of course, Duty didn't stay under the radar for long, and fighting soon broke out. So they're dropping like flies on both sides, and even get some of the stalkers shot. All of a sudden, though, Zulu starts yelling to everyone that a blowout is on the way. With no other way out, the two sides called a ceasefire and hid out at Yanov station. After that, Zulu left Duty and set up camp by the station, on the tower.</text>
  </string>
  <string id="dm_information_18">
    <text>There's a lot of talk, but not much to most of it. The Zone makes it so easy to become a storyteller; there are more of them than there are flies. Strangely, the one story that many seem to agree on is the one from the stalkers who went to Yanov Station. They said they saw a UFO out there! According to them, it looked like a black disk, about five meters in diameter. Normally people would just assume it was an airplane and not make much of it, but they had a former pilot there who said he'd never seen anything like it.</text>
  </string>
  <string id="dm_information_2">
    <text>All the news recently have been sad. The good stalkers disappear one by one, and then they find the corpses without a drop of blood. A whole nest of bloodsuckers, dammit. If only we could find their den and fill them full of lead, right in the tentacles! What are we supposed to do now, rely on the buddy system? So much of independent stalkers, huh.</text>
  </string>
  <string id="dm_information_20">
    <text>Here's a fresh one. The guys from Freedom found a PDA that belonged to the legendary founder of Duty. And you know what? Turns out, he just fooled his unit into thinking that the army had left them in the Zone, and that's how he managed to gather everyone up! Except, the Zone doesn't tolerate those who lie and cheat - he got caught in a teleporter bubble, and ended up in four different places at once... not a pretty sight. Here I was, thinking I should give Duty a try; hah, let them march without me.</text>
  </string>
  <string id="dm_information_21">
    <text>Another Duty detachment... Out of thin freaking air. Just think about it, one of their groups leaves Yanov Station, another one shows up, three times bigger. What are they doing? Cloning each other? Well, they'll get what's coming to them. They probably can't tell each other apart anyway.</text>
  </string>
  <string id="dm_information_22">
    <text>Another Freedom detachment... Out of thin freaking air. Just think about it, one of their groups leaves Yanov Station, another one shows up, three times bigger. What are they doing? Giving the new guys weed to join? Well, they'll get what's coming to them. Let them puff their grass, take root, and spread like weeds.</text>
  </string>
  <string id="dm_information_23">
    <text>You know Gonta and his guys? They had it pretty bad a while ago - Danila disappeared, Crab got hurt... Although, now things are looking up. They're doing lots of work for the eggheads. Well, good for them I suppose. Easy job and legal status.</text>
  </string>
  <string id="dm_information_24">
    <text>Do you know the three stalkers Mityay, Torby, and Bear? I heard they found work with the scientists, taking measurements. Who knows what that means, but I doubt those eggheads are up to any good. No matter though - they'll get through it, and get themselves official Zone passes just you wait.</text>
  </string>
  <string id="dm_information_25">
    <text>Ever heard of Spartacus and his boys? They are not at Skadovsk anymore but guarding the scientists' bunker. Mutants on the right, bandits on the left, these guys know their job well. At least the science team have nothing to worry about.</text>
  </string>
  <string id="dm_information_26">
    <text>Have you seen the mercs hanging around the substation workshop? They're gone now. The rumors are that they went to Jupiter to guard the science bunker. From what I've heard, the mercs that guarded it before them just disappeared. Kind of a good tendency of theirs if you ask me - one set disappears and gets replaced by another... Another couple of times more and they'll be gone from the Zone completely.</text>
  </string>
  <string id="dm_information_27">
    <text>According to eyewitnesses, the bunker scientists are now under the protection of soldiers from Duty... I wonder what they hope to gain from that? Think they're hoping the eggheads will thank them by giving them a plasma rifle or something to hunt rats with? Freaking rent-a-cops...</text>
  </string>
  <string id="dm_information_28">
    <text>They say the scientist bunker is now guarded by Freedomers. I wonder, aren't the scientists afraid their guards will simply smoke their precious specimen? Well, at least they'll have a smokescreen in case of assault.</text>
  </string>
  <string id="dm_information_29">
    <text>Have you been to Jupiter? The place with the factory where they made radio devices? It's an awful place. Fuck knows what is happening there - the anomalies and mutants are the same as everywhere else... But I still never venture there. Call it instinct, but I smell something terrible going on there.</text>
  </string>
  <string id="dm_information_3">
    <text>Hey! It's you! That guy who found out about the doctor on Skadovsk and cleaned up his mess? Thank you for that. Who knows I could be the next one to get on his table. I thought all the mutants in the Zone were abominations, but now I see that men can truly be worse than mutants. Dog eats dog as they say.</text>
  </string>
  <string id="dm_information_30">
    <text>I should be asking you "what's new?". After your journey through the Jupiter tunnel, there are rumors going about your visit to the center of the Zone. Imagine the ruckus that caused! Some people even thought of following you. However, Nitro said that the gate you used has closed forever, and he won't be able to open it again. Of course, some lunatics thought of blowing up the darn thing, but they are yet to find enough dynamite, as well as something to breathe with down there.</text>
  </string>
  <string id="dm_information_31">
    <text>Oh, you heard about Garik? That stalker who worked for the scientists. You can't say he's "unaccounted for" anymore as he got himself an official pass to the Zone! You'd think he would grab his loot and leave the Zone but he just went off to Pripyat. We thought he'd disappear like the others but he made it. Not much use for stalkers anyway as he found military there. Not a trouble for him with his papers unlike other stalkers.</text>
  </string>
  <string id="dm_information_32">
    <text>Well... Freedom and Duty are fighting again, some quarrel over a stash. They say there are heaps of weapons enough for three infantry divisions. I do not know who of them hid so many weapons, but the fight was serious, all the stalkers on Yanov are alarmed. Good thing they stayed away or else it would be like the last time... Now there are Freedomers there, no luck for Duty, apparently.</text>
  </string>
  <string id="dm_information_33">
    <text>Well... Freedom and Duty are fighting again, some quarrel over a stash. They say there are heaps of weapons enough for three infantry divisions. I do not know who of them hid so many weapons, but the fight was serious, all the stalkers on Yanov are alarmed. Good thing they stayed away or else it would be like the last time... Now there are Dutyers there, no luck for Freedom, apparently.</text>
  </string>
  <string id="dm_information_34">
    <text>This has happened recently. A group of stalkers, during the investigation of tunnels near Jupiter, stumbled on something, or rather, at someone. First, they have guns knocked out of the hands, and then all this crap started flying at them. What happened there they really can not explain, but they lost two guys there.</text>
  </string>
  <string id="dm_information_35">
    <text>For example I heard that some mutant crap was found in tunnels north of the Jupiter. Huntsman sent a stalker there to recon the area. Turned out that there was a burer lair. I say "was" because that stalker slew all the burers all by himself... According to the description he looks like you by the way, but taller and always walks with a grenade launcher.</text>
  </string>
  <string id="dm_information_36">
    <text>All the stalkers here are as good as dead... Beasts are pushing from the Flux. Guys at cement plant have seen them drag off a stalker. There was at least a dozen of them and all the bigger ones. Look like bloodsuckers but twice as large and much faster. Our only hope is Huntsman, maybe he knows how to deal with these monsters...</text>
  </string>
  <string id="dm_information_37">
    <text>Already heard about the swamp bloodsuckers? Those that were lurking in the Flux? So, they do not anymore. I heard Huntsman dealt with them... Not by himself though, he hired some stalkers. Story goes a group of like ten people gathered and combed that swamp in all directions shooting the shit out of anything that dared to move. Not even a single frog survived.</text>
  </string>
  <string id="dm_information_38">
    <text>Only recently I heard about chimera and someone killed it already. Apparently stalkers nowadays are getting tougher killing mutants like this. Although it is said that this was an experienced hunter who killed as many mutants as me and you killed mosquitoes.</text>
  </string>
  <string id="dm_information_39">
    <text>Have you seen the people Freedom is recruiting? Like that Flint guy with his tales of bravery who turned out to be a scoundrel of a rare quality. He left a comrade to die in an anomaly, grabbed the loot and ran away. And there was more - at Zaton he almost got hunters eaten by chimera. I used to think better of Freedom... No, I'd rather walk alone than with "friends" like this.</text>
  </string>
  <string id="dm_information_4">
    <text>Well, the chimera at Zaton got busted by the Gonta group and some stalker... It was you, right? Well, then you yourself can tell this story first hand. I just want to thank you - it's a bit safer now without another man-eating mutant.</text>
  </string>
  <string id="dm_information_40">
    <text>I don't know how new is that but here's that man Noah. Dude is batshit insane, I confirm that. Go take a look at his tower yourself, makes me remember prison days and he built it within a week. He also shoots at anyone who comes close as a welcome. I say fuck this guy.</text>
  </string>
  <string id="dm_information_41">
    <text>You know the Nimble dude? Nimble he is for sure. Not only he can get custom weapons but also he hides those well. Come on, tell me how would you pack a Vintorez so it won't bulge or tinkle? Fucking shaman...</text>
  </string>
  <string id="dm_information_42">
    <text>A rumor goes of an embarrassment that happened with Sultan. It seems like the godfather tried to get Beard under protection, but it was more than he could handle. He'll have a hard time facing the rookies now with such a loss of respect.</text>
  </string>
  <string id="dm_information_43">
    <text>Sultan now got Beard's business and made him pay tribute. That's serious business and a lot of respect to Sultan but more importantly we can order around Skadovsk now. Want to hide from the blowout - answer to bros.</text>
  </string>
  <string id="dm_information_44">
    <text>Man, you heard of Oasis? Imagine a place that heals all wounds, and diseases as well... It's either a miracle or a hoax... well maybe another thing. Did you notice how nobody talks of the Wish Granter recently but it's all about the Oasis? So, what if Oasis is someone's wish granted?</text>
  </string>
  <string id="dm_information_45">
    <text>The word from the scientists goes that they got an artifact straight from Oasis. The awesome part of it is that by studying that shit they can make a cure for fucking cancer!</text>
  </string>
  <string id="dm_information_46">
    <text>Nothing new there, all the old... We all remember the old stories, about the center of the Zone. For example, about the Oasis - a place that can restore your strength and instantaneously heals wounds. Lies, of course, but interesting to listen to, especially about the place where it is located. Ah, if indeed there was such a place, how many of our guys could have been saved...</text>
  </string>
  <string id="dm_information_47">
    <text>They say Oasis was actually found. I never would have thought that it exists, but you can't argue against the facts. Inside there was an artifact, now scientists are studying it. Perhaps, on this basis they can make a device for rapid healing of wounds... soldiers would make great use of such a thing.</text>
  </string>
  <string id="dm_information_48">
    <text>Kopachi! It's not new in the Zone but it's still a novelty to me. Imagine an entire village with all the houses buried up to their roofs... Hmm, the legacy of eighty-six - houses are cracking like an untuned radio. Awful place, really...</text>
  </string>
  <string id="dm_information_49">
    <text>You heard the story how us and the armorheads got to live under the same roof here at Yanov? It's all due to Zulu. He was a Dutyer back then and could feel the blowouts approaching... We were first to come to Yanov besides stalkers. Just we lit our smokes and here you go - them half-army cretins arrived... To tell the truth, the last time I've seen something like that was at the Garbage over a year ago. There were so many corpses on both sides including our blowout feeler... It was then that Zulu yelled about blowout. Well what could we do? Leave them to die outside because they're Dutyers?... So that's how we live: when it's quiet we bit one another and when the blowout comes we sit together quietly almost hugging. And Zulu left Duty since. He lives as a hermit near Yanov.</text>
  </string>
  <string id="dm_information_5">
    <text>Well, this is not news, and it is no secret that Cardan, the technician is always completely drunk. And they say, when he came to Skadovsk - he drank purely for decontamination and on rare occasions. Only later, with sorrow, he began to drink heavily - when his friends went missing. Looks like he and his friends had an argument once and they split up...</text>
  </string>
  <string id="dm_information_50">
    <text>Here's a new one. One dude has been telling a tale of a UFO flew over Yanov recently. The Zone can totally mess one's brains, huh. Poltergeists and controllers are just not exciting enough for some people. Thank the Almighty we don't see any vodka enchanting psychics around yet. Like "Be gone evil force, stay pure alcohol".</text>
  </string>
  <string id="dm_information_51">
    <text>Have you heard about Kopachi village? When the accident happened at the Chernobyl Nuclear Power Plant, the area was flooded with massive amounts of radiation, so they decided to bury the whole village. From the houses there now only radioactive mounds remain. They say the place was creepy enough back then but no one really knows what goes on there now.</text>
  </string>
  <string id="dm_information_52">
    <text>It should be obvious, but maybe you have not yet heard. We're here hugging the Freedom not because we like it but because circumstances made us. When we came here we were attacked by "freedom fighters." Losses were big, but we fought back wisely. It took some time, but we started to nail those anarchists... But in the midst of battle Zulu felt the approach of a blowout - after all, he is never wrong... We had nowhere to go, and we had to negotiate with Freedom to postpone the showdown. Only now I do not understand Zulu, he left Duty after that...</text>
  </string>
  <string id="dm_information_53">
    <text>Recently, our intelligence has reported that over the station Yanov was an unidentified flying object... a UFO in one word. To avoid stupid questions, I just say that a UFO is not always a saucer with Martians. It can be any flying object - from a piece of plywood to weather balloons - which observers were unable to identify. Understand?</text>
  </string>
  <string id="dm_information_54">
    <text>Are you the one who brought Loki that PDA? Man it's a bomb. The legendary founder of the Duty, the general Tkachenko plain fooled his men, broke the transmitter, so that they could not pull out, banded together a squad of armorheads and died stupidly in the spatial bubble. What a bummer...</text>
  </string>
  <string id="dm_information_55">
    <text>Did you see the new unit of half-army? Apparently not reinforcements from the base - the ideology did not displace their brains yet. But trained well so definitely not stalkers. God only knows... What should I believe, rumors they are former "Monolith"? No, that's bullshit.</text>
  </string>
  <string id="dm_information_56">
    <text>Did you see our new fighters? Oh so you led them? Passed. Cool dudes though slow a bit... Well that's fine, let them hang around us half a year, free their minds, get our ideas.</text>
  </string>
  <string id="dm_information_57">
    <text>We have a new arrival: a detachment of the former "Monolith". These guys are not newcomers without training - they are real fighters. Of course, after being in "Monolith" their brains have not quite fallen into place. But nothing our political instructor can't fix with his ideological training.</text>
  </string>
  <string id="dm_information_58">
    <text>I heard Freedom has recruited former "Monolith". I would never believe it but they have a new squad indeed and they obviously did not come from outside of the Zone. Must be hard times for them indeed or maybe they just got their brains up in smoke... Who do you think they accept next time? A zombie squad... or a burer company?</text>
  </string>
  <string id="dm_information_59">
    <text>Soon this area will be brought to order. Duty has taken key positions in the region. In Yanov we are firmly entrenched, and now near the bunker, the scientists use our security. It is time to clear out Freedom from this area, anarchists have no place here.</text>
  </string>
  <string id="dm_information_6">
    <text>Have you seen the new wonder of the world - the sober Cardan? He does not drink at all, can you imagine? And he's not telling anyone of what happened, he just makes up some jokes.</text>
  </string>
  <string id="dm_information_60">
    <text>You're the one who arranged for our dudes to protect the scientists, right? Special thanks to you. That was some good news to walk to the scientists bunker and see our men instead of fucking mercenaries. Such positive change!</text>
  </string>
  <string id="dm_information_61">
    <text>In the latest news - we had a lot of fun finding the Duty stash. We have a new use for it now - to hold dutyers in there to make them talk. Heh. Yeah and thanks for the info you provided, we couldn't have made it without a backup.</text>
  </string>
  <string id="dm_information_62">
    <text>Another victory for Duty! The anarchists began thinking too much of themselves... Sneaked into our secret stash and thought they can get away with it. Certainly not! We caught them, and shot them like rabid rodents.</text>
  </string>
  <string id="dm_information_63">
    <text>Well everyone knows that Freedom has some problems in the attic, but recently some real nasty details on one of those lunatics came up. They called him Flint among themselves but he was known as Soroka before. Under that name he showed up at Zaton and almost got some hunters killed. They almost got eaten by a chimera and that bastard grabbed their equipment and fled here. And while being with the Freedom he pushed his mate to an anomaly to get his artifact. So that's Freedom as it is...</text>
  </string>
  <string id="dm_information_7">
    <text>Noah's new building. You see, there's this local curiosity, a stalker named Noah: experienced, purposeful, and absolutely crazy. His latest obsessive idea is to save all the stalkers from the apocalypse. Now he's building "the Ark" out of an old barge... His personal little madhouse you see. If you want to take a look just remember not to annoy Noah. He is actually harmless when not angry.</text>
  </string>
  <string id="dm_information_8">
    <text>Have you met Nimble? He is now at Skadovsk. He is a professional that's for sure. Can get almost anything... However he only deals with weapons and armor since recently. New, experimental designs, custom stuff... Prices are steep as you can guess. And what do you want? Exclusive!</text>
  </string>
  <string id="dm_information_9">
    <text>You heard that Navigator got a new route between Zaton and Jupiter? Before that the road was long and all uphill dodging the anomalies all the way. Now it's totally different. Like some walk in the park and half as short. The Navigator though admits honestly that he did not find that route, but a stalker showed him maps. Not for free, naturally, but for a reasonable price.</text>
  </string>
  <string id="dm_information_do_not_know_1">
    <text>Hell if I know man.</text>
  </string>
  <string id="dm_information_do_not_know_2">
    <text>There's always something going on in the Zone, but nothing I would like to share with you.</text>
  </string>
  <string id="dm_information_do_not_know_3">
    <text>I've nothing to tell you man, nobody tells me shit.</text>
  </string>
  <string id="dm_information_general">
    <text>What's new in the Zone?</text>
  </string>
  <string id="dm_information_no_more_1">
    <text>I don't know anything of interest at the moment.</text>
  </string>
  <string id="dm_information_no_more_2">
    <text>I would have told you if I heard anything of interest.</text>
  </string>
  <string id="dm_information_no_more_3">
    <text>I've told you everything I know.</text>
  </string>
  <string id="dm_job_1">
    <text>Hmm... I think you should ask Gluhar in Skadovsk. He was looking for someone to help him find a bunch of missing stalkers; no one knows where they went. Talk goes that they were found bled white, and because of that rumor has it that some bloodsuckers are to blame. Almost every other day someone disappears. This seems a bit unusual for bloodsuckers... Gluhar have hired an experienced hunter to track down where the bloodsuckers come from.</text>
  </string>
  <string id="dm_job_10">
    <text>You know, when a stalker needs money, he has two ways of getting it: either look for artifacts and sell them to a trader for next to nothing or go to the scientists' bunker. Scientists can find some job for a stalker anytime: today they need a rare artifact, tomorrow it will be a mutant carcass. But most importantly, if you can get on their good side, they can make you an official pass to the Zone! Imagine you walk through a military checkpoint with a backpack full of loot and they salute you. Nice! So to the west of the Yanov station the scientists have set up their bunker. They already have one stalker working for them, they can probably find work for you too.</text>
  </string>
  <string id="dm_job_11">
    <text>It depends on what you want to do. If you don't mind hunting mutants then such work is always available. Visit Huntsman at Yanov cellar - he pays well for the killing of mutants. Just don't you shoot some pseudodog and run for a reward. Huntsman points out specific monsters that give trouble to stalkers or dwell in places where stalkers hide from blowout.</text>
  </string>
  <string id="dm_job_14">
    <text>Guys like you wander into Skadovsk often to see Beard. He pays for artifacts well they say... But here's what I say to you, he runs his business in a wrong direction. He doesn't want to cooperate with the right people... so there's big trouble waiting to happen. Get my drift?</text>
  </string>
  <string id="dm_job_15">
    <text>Well if you need the cash badly you should go to Owl. He trades in everything a bro needs at Skadovsk - guns and information. So if you got anything of interest in your pocket, like some documents or a PDA, just bring it to him for cash. And of course you should ask him if he needs anything - he'll pay you double for specific info.</text>
  </string>
  <string id="dm_job_2">
    <text>I think you should ask Gonta about his recent trouble. He and his group have arrived at Zaton recently tracking a chimera. They had to split to track down the bloodsucker lair and that beast. Because of that they had to hire some stalker named Soroka to help them with the chimera. I do not know exactly what happened then... I believe that stalker ran away as soon as he saw the chimera. Gonta and guys barely survived the encounter: when they returned one of them was wounded. So now they need people, chimera is still lurking around somewhere.</text>
  </string>
  <string id="dm_job_3">
    <text>The deal is simple: if you want some solid dough go to Sultan. He is the boss here and always has a work for a true bro.</text>
  </string>
  <string id="dm_job_4">
    <text>Well, if you're a good stalker, you can hunt for artifacts, - go to Beard, he is very respected. He's the only one at Skadovsk to buy artifacts at proper price - his connections allows to smuggle those out of the Zone. And he is a nice person too, can give advice or offer a job.</text>
  </string>
  <string id="dm_job_5">
    <text>There's a trader at Skadovsk by the name of Owl... Not a particularly pleasant fellow though. I always hear him whining how Beard gets all the artifacts and not him. If you need money you may talk to him. He is a sneaky type, tries to make it look like he's just an ammo trader... He knows a lot and is willing to share for money. Go to him, he is on the second deck in the stern... Surely he'll suggest something.</text>
  </string>
  <string id="dm_job_6">
    <text>Try asking Vano at Yanov. He is always hanging around the bar. He owes money to bandits and they keep extorting him for more. Even though he is an experienced stalker he keep getting into trouble. He should have just escaped and disappeared but he is too proud to run. And there's no one to help him with bandits.</text>
  </string>
  <string id="dm_job_7">
    <text>I'm not in the mood to search for job for you. Damn bandits took Mityay hostage and hold him to ransom. Mityay was one of the first to come to Yanov and worked to make it what it is and now there is no one to save him. Freedom and Duty are too busy plotting against each other and others... Shit, even Mityay's group is unsure how to help him. If you want to help them find Bear near the bar at the station.</text>
  </string>
  <string id="dm_job_8">
    <text>I recall Nitro, the technician at Yanov, looking for someone to get him materials. He's not only proficient in guns repair but electronics as well. But the skill alone is not enough and he needs materials. The problem is that there's nothing of use left in explored areas and no one is willing to take risk to look for some crap. Nitro said if anyone brings him what he needs they won't regret it.</text>
  </string>
  <string id="dm_job_9">
    <text>I heard that Uncle Yar at Yanov was looking for a not so curious stalker for some business. It is unclear why wouldn't he simply ask someone of Freedom. He's a good man, try asking him for a job.</text>
  </string>
  <string id="dm_job_do_not_know_1">
    <text>You're asking the wrong guy, I've never worked a day in my life.</text>
  </string>
  <string id="dm_job_do_not_know_2">
    <text>I'd like to know that too.</text>
  </string>
  <string id="dm_job_do_not_know_3">
    <text>The only job I know is staying alive and the pay is terrible.</text>
  </string>
  <string id="dm_job_general">
    <text>Who could offer work around here?</text>
  </string>
  <string id="dm_job_no_more_1">
    <text>You already asked me that.</text>
  </string>
  <string id="dm_job_no_more_2">
    <text>I have nothing new to tell you.</text>
  </string>
  <string id="dm_job_no_more_3">
    <text>You have heard my answer.</text>
  </string>
  <string id="dm_universal_actor_exit">
    <text>Okay, forget it.</text>
  </string>
  <string id="dm_universal_actor_start">
    <text>I want to ask you about something.</text>
  </string>
  <string id="dm_universal_npc_start_0">
    <text>Ask away.</text>
  </string>
  <string id="dm_universal_npc_start_1">
    <text>Well, tell me.</text>
  </string>
  <string id="dm_universal_npc_start_2">
    <text>Go ahead.</text>
  </string>
  <string id="dm_universal_npc_start_3">
    <text>Yes.</text>
  </string>
  <string id="dm_wounded_general">
    <text>Help!</text>
  </string>
  <string id="dm_wounded_medkit">
    <text>Take a first aid kit.</text>
  </string>
  <string id="dm_wounded_sorry">
    <text>Sorry, I don't have a medkit.</text>
  </string>
  <string id="dm_traveler_bye">
    <text>Ok.</text>
  </string>
  <string id="dm_traveler_what_are_you_doing">
    <text>What are you doing now?</text>
  </string>
  <string id="dm_traveler_can_i_go_with_you">
    <text>Can you take me with you?</text>
  </string>
  <string id="dm_traveler_stalker_actor_companion_yes">
    <text>Of course. The company is always more fun.</text>
  </string>
  <string id="dm_traveler_stalker_actor_companion_no">
    <text>No, sorry. I work better alone.</text>
  </string>
  <string id="dm_traveler_actor_go_with_squad">
    <text>Let's go.</text>
  </string>
  <string id="dm_traveler_take_me_to">
    <text>Could you take me somewhere? I'll pay.</text>
  </string>
  <string id="dm_traveler_stalker_where_do_you_want">
    <text>No problem. Where do you want to go? Choose.</text>
  </string>
  <string id="dm_traveler_actor_agree">
    <text>Ok. Come on.</text>
  </string>
  <string id="dm_traveler_actor_refuse">
    <text>I've changed my mind.</text>
  </string>
  <string id="dm_traveler_stalker_i_cant_travel">
    <text>Not right now.</text>
  </string>
  <string id="dm_stalker_doing_nothing_1">
    <text>Oh, nothing.</text>
  </string>
  <string id="dm_stalker_doing_nothing_2">
    <text>Nothing. Just relaxing.</text>
  </string>
  <string id="dm_stalker_doing_nothing_3">
    <text>What does it look like? I'm being lazy...</text>
  </string>
  <string id="dm_stalker_chasing_squad_monster">
    <text>I'm hunting a mutant.</text>
  </string>
  <string id="dm_stalker_chasing_squad_bandit">
    <text>I'm on the trail of some bandit scum.</text>
  </string>
  <string id="dm_stalker_chasing_squad_killer">
    <text>Tracking some mercenaries... Those guys are the bastards.</text>
  </string>
  <string id="dm_stalker_chasing_squad_monolith">
    <text>I'm on the trail of a squad of fanatics. They call themselves "Monolith"...</text>
  </string>
  <string id="dm_stalker_chasing_squad_zombied">
    <text>We are chasing a zombie. Empty shells of once great stalkers, poor wretches...</text>
  </string>
  <string id="dm_traveler_travel_cost">
    <text>Good. It will cost you</text>
  </string>
  <string id="dm_traveler_actor_dont_go_with_squad">
    <text>I've changed my mind.</text>
  </string>
  <string id="dm_traveler_actor_has_no_money">
    <text>I have no money.</text>
  </string>
  <string id="dm_freedom_doing_nothing_1">
    <text>I'm not doing anything.</text>
  </string>
  <string id="dm_freedom_chasing_squad_monster">
    <text>I'm on the trail of some mutants.</text>
  </string>
  <string id="dm_freedom_chasing_squad_bandit">
    <text>I'm taking part in the local bandit chase.</text>
  </string>
  <string id="dm_freedom_chasing_squad_killer">
    <text>I'm following some mercenaries. They must pay for attacking us.</text>
  </string>
  <string id="dm_freedom_chasing_squad_monolith">
    <text>We are after some crackpots from "Monolith".</text>
  </string>
  <string id="dm_freedom_chasing_squad_duty">
    <text>"Duty" is somewhere around here, bastards can't be too far away.</text>
  </string>
  <string id="dm_duty_doing_nothing_1">
    <text>We are not doing anything.</text>
  </string>
  <string id="dm_duty_chasing_squad_monster">
    <text>We are purging this area of mutants.</text>
  </string>
  <string id="dm_duty_chasing_squad_bandit">
    <text>I'm on a job - chasing a bandit detachment.</text>
  </string>
  <string id="dm_duty_chasing_squad_killer">
    <text>We were attacked by mercs, I won't rest until they are dead.</text>
  </string>
  <string id="dm_duty_chasing_squad_monolith">
    <text>We are hunting down a squad of those "Monolith" freaks.</text>
  </string>
  <string id="dm_duty_chasing_squad_freedom">
    <text>We are cleaning out the trash that call themselves "Freedom".</text>
  </string>
  <string id="dm_stalker_searching_artefacts_1">
    <text>I'm searching for artifacts.</text>
  </string>
  <string id="dm_stalker_searching_artefacts_2">
    <text>We're collecting mushrooms... What do you think we're doing idiot? We are looking for artifacts.</text>
  </string>
  <string id="dm_stalker_searching_artefacts_3">
    <text>I am artifact hunting.</text>
  </string>
  <string id="st_stalker_zat_sim_1">
    <text>I go in the direction of the "Boiler" anomaly, to the grove near there.</text>
  </string>
  <string id="st_stalker_zat_sim_2">
    <text>I'm traveling towards the northern lake, I'll take a rest there on the peninsula.</text>
  </string>
  <string id="st_stalker_zat_sim_3">
    <text>I go just beyond the northern lake, it's quite a decent place to stay.</text>
  </string>
  <string id="st_stalker_zat_sim_4">
    <text>I'm headed for the forest near the northern lakes.</text>
  </string>
  <string id="st_stalker_zat_sim_5">
    <text>I'm going to a grove just west of the sawmill.</text>
  </string>
  <string id="st_stalker_zat_sim_6">
    <text>I move around this area, usually between a hill west of the swamp and the swamp itself, just make sure to avoid the toxic areas.</text>
  </string>
  <string id="st_stalker_zat_sim_7">
    <text>I am heading to the BIS Circle, there is a nice little place west of there.</text>
  </string>
  <string id="st_stalker_zat_sim_8">
    <text>I am heading to the woods to the west of "Pineoak" and I could use a company.</text>
  </string>
  <string id="st_stalker_zat_sim_9">
    <text>I'm going to the grove between "Iron Forest" and the substation.</text>
  </string>
  <string id="st_stalker_zat_sim_10">
    <text>I go in the direction of the big bridge, then to the east of there.</text>
  </string>
  <string id="st_stalker_zat_sim_11">
    <text>I'm on my way to a parking lot south of the old barge.</text>
  </string>
  <string id="st_stalker_zat_sim_12">
    <text>Nothing special, just a trip. I'll stop on a hill east of Skadovsk.</text>
  </string>
  <string id="st_stalker_zat_sim_13">
    <text>I go to the grove between Izumrudnoe and gas station.</text>
  </string>
  <string id="st_stalker_zat_sim_14">
    <text>I go to the fork near the recycling station.</text>
  </string>
  <string id="st_stalker_zat_sim_15">
    <text>I'm on my way to the "Boiler" anomaly.</text>
  </string>
  <string id="st_stalker_zat_sim_16">
    <text>I'm headed to the forestry. You know, some of the buildings there even have furnaces, a lot of people are skeptical about what went on there.</text>
  </string>
  <string id="st_stalker_zat_sim_17">
    <text>I go to the grove west of the burned-out farm.</text>
  </string>
  <string id="st_stalker_zat_sim_18">
    <text>I'm moving in the direction of the grove to the east of the "Boiler".</text>
  </string>
  <string id="st_stalker_zat_sim_19">
    <text>I go to the hill on the northern lakes.</text>
  </string>
  <string id="st_stalker_zat_sim_20">
    <text>I go to the grove under the burnt farm.</text>
  </string>
  <string id="st_stalker_zat_sim_21">
    <text>I'm headed to a certain spot west of Skadovsk... about where the pipeline comes out of the ground.</text>
  </string>
  <string id="st_stalker_zat_sim_22">
    <text>I go to the location halfway between Skadovsk and the dredger.</text>
  </string>
  <string id="st_stalker_zat_sim_23">
    <text>I go to the swamp near the old barge.</text>
  </string>
  <string id="st_stalker_zat_sim_24">
    <text>I go to the channel near the "Scar".</text>
  </string>
  <string id="st_stalker_zat_sim_25">
    <text>I go to the gas station.</text>
  </string>
  <string id="st_stalker_zat_sim_26">
    <text>I go to the gullies near the "Pineoak".</text>
  </string>
  <string id="st_stalker_zat_b55">
    <text>I want to look for artifacts in the anomaly called "Claw".</text>
  </string>
  <string id="st_stalker_zat_a1">
    <text>I'm heading towards the hill to the west of the anomaly called "Boiler".</text>
  </string>
  <string id="st_stalker_zat_a23_smart_terrain">
    <text>I'm going to the "Iron Forest".</text>
  </string>
  <string id="st_stalker_zat_b100">
    <text>I'm going to the "Iron Forest" to look for artifacts.</text>
  </string>
  <string id="st_stalker_zat_b101">
    <text>I'm headed to the swamp. It's not easy to go there, and breathing is difficult due to the gases, but I can still search for artifacts.</text>
  </string>
  <string id="st_stalker_zat_b103_merc_smart">
    <text>I am headed to the substation, it's said one could find shelter from the blowout there so I'll probably have a chance to check it.</text>
  </string>
  <string id="st_stalker_zat_b104_zombied">
    <text>You know, there is a sawmill, so that's where I'm going. I want to look around there, see if anything useful remained.</text>
  </string>
  <string id="st_stalker_zat_b106_smart_terrain">
    <text>Why, I decided to rest, I'm going to the recreation center "Izumrudnoe"... I'm joking - only flesh and wild boars have a rest there, but a camp can be done.</text>
  </string>
  <string id="st_stalker_zat_b12">
    <text>Heading for the bridge listed on maps as the bridge of Preobrazhenskiy.</text>
  </string>
  <string id="st_stalker_zat_b14_smart_terrain">
    <text>I go to the dredger. They say it is still possible to find something of value there.</text>
  </string>
  <string id="st_stalker_zat_b18">
    <text>I'm moving toward the old barge.</text>
  </string>
  <string id="st_stalker_zat_b20_smart_terrain">
    <text>I'm heading to the burnt farm to check for artifacts.</text>
  </string>
  <string id="st_stalker_zat_b28">
    <text>I'm heading towards the direction of the southern plateau.</text>
  </string>
  <string id="st_stalker_zat_b33">
    <text>I'm going to the fault near the gas station.</text>
  </string>
  <string id="st_stalker_zat_b38">
    <text>I go to BIS Circle, a great place to hide from blowout, but you'll often encounter monsters there.</text>
  </string>
  <string id="st_stalker_zat_b38u">
    <text>I go to BIS Circle, a great place to hide from blowout, but you'll often encounter monsters there.</text>
  </string>
  <string id="st_stalker_zat_b39">
    <text>I will look for artifacts near the "Pineoak". I hope the dogs do not interfere.</text>
  </string>
  <string id="st_stalker_zat_b40_smart_terrain">
    <text>I go to the septic waste treatment station. It's a good place to take shelter from blowout.</text>
  </string>
  <string id="st_stalker_zat_b42_smart_terrain">
    <text>I'm going to the jetty at the northern lake, maybe further depending on the circumstances.</text>
  </string>
  <string id="st_stalker_zat_b52">
    <text>I'm heading towards the pier, where the port cranes are. It's a good place to rest.</text>
  </string>
  <string id="st_stalker_zat_b53">
    <text>I'm going to search for artifacts in the "Boiler" anomaly. I hope my armour will survive this sauna.</text>
  </string>
  <string id="st_stalker_zat_b54">
    <text>I'm going to the anomaly called "Scar".</text>
  </string>
  <string id="st_stalker_zat_b56">
    <text>I want to check my fire resistant gear, and search for artifacts in the "Circus" anomaly at the same time.</text>
  </string>
  <string id="st_stalker_zat_b5_smart_terrain">
    <text>I'm going to the forestry.</text>
  </string>
  <string id="st_stalker_zat_b7">
    <text>I want to make a stop in the ship "Shevchenko", it's a great place to shelter from blowout and mutants.</text>
  </string>
  <string id="st_stalker_zat_b7_stalker_raider">
    <text>I want to make a stop in the ship "Shevchenko", it's a great place to shelter from blowout and mutants.</text>
  </string>
  <string id="st_stalker_zat_medic_home_smart">
    <text>I'm going to the pier, where the port cranes are, it's a good place to rest up for a while.</text>
  </string>
  <string id="st_stalker_zat_stalker_base_smart">
    <text>I want to drop off the loot to my stash and have a drink, so I head in the direction of Skadovsk.</text>
  </string>
  <string id="st_stalker_jup_a10_smart_terrain">
    <text>I'm on my way to the checkpoint near the Jupiter plant.</text>
  </string>
  <string id="st_stalker_jup_a12">
    <text>I go to the container warehouse.</text>
  </string>
  <string id="st_stalker_jup_a12_merc">
    <text>I go to one unremarkable place, between the container warehouse and the southern tunnel.</text>
  </string>
  <string id="st_stalker_jup_a6">
    <text>I go to the Yanov station. Rest at last...</text>
  </string>
  <string id="st_stalker_jup_b1">
    <text>I'm moving to the tunnel just north of Kopachi.</text>
  </string>
  <string id="st_stalker_jup_b19">
    <text>I'm headed for one awful place - the remnants of Kopachi village... Hopefully I have enough ammo and antirads.</text>
  </string>
  <string id="st_stalker_jup_b200">
    <text>I go to the cement plant. Field of view is good there so no one could attack suddenly.</text>
  </string>
  <string id="st_stalker_jup_b200_tushkan_smart_terrain">
    <text>I'm on my way to the cement factory, I think I'll have a look around the basements.</text>
  </string>
  <string id="st_stalker_jup_b202">
    <text>I'm on my way to the small railway station, near Yanov.</text>
  </string>
  <string id="st_stalker_jup_b203">
    <text>I'm heading to a specific place, close to the southern railway tunnel.</text>
  </string>
  <string id="st_stalker_jup_b204">
    <text>I'm going to a cooling pond near the Jupiter plant.</text>
  </string>
  <string id="st_stalker_jup_b205_smart_terrain">
    <text>I go to the missile system Volkhov to shoot some zombies.</text>
  </string>
  <string id="st_stalker_jup_b205_smart_terrain_tushkano">
    <text>Heading for a bunker, well, one that in the SAM Volkhov.</text>
  </string>
  <string id="st_stalker_jup_b206">
    <text>I go to an anomalous grove, near the quarry. Maybe I'll find an artifact.</text>
  </string>
  <string id="st_stalker_jup_b207">
    <text>I'm going to the mine where a number of cabins stand.</text>
  </string>
  <string id="st_stalker_jup_b207_depot_attack">
    <text>I like to hang around one place, between the quarry and the Yanov station.</text>
  </string>
  <string id="st_stalker_jup_b208">
    <text>I go to the eastern tunnel, the one where plant Jupiter is.</text>
  </string>
  <string id="st_stalker_jup_b209">
    <text>I'm leaving for the "Tar" anomaly to make sure my clothing is fire resistant.</text>
  </string>
  <string id="st_stalker_jup_b211">
    <text>I go to the "Flux" anomaly to look for artifacts. I have some antidote and hope the monsters won't eat me.</text>
  </string>
  <string id="st_stalker_jup_b212">
    <text>I go to the ventilation complex, between the plant and warehouse containers. And do not even ask me what I should be there for.</text>
  </string>
  <string id="st_stalker_jup_b219">
    <text>I'm headed for the Jupiter factory. Maybe I'll find out why that place has such a bad reputation.</text>
  </string>
  <string id="st_stalker_jup_b25">
    <text>I'll go down to the bottom of the mine. Heard there are many artifacts there.</text>
  </string>
  <string id="st_stalker_jup_b32">
    <text>I go to the parking lot where the old machinery is. Will look for artifacts in Electras.</text>
  </string>
  <string id="st_stalker_jup_b4">
    <text>Between the SAM Volkhov and the container warehouse there's that quiet little place I am going to.</text>
  </string>
  <string id="st_stalker_jup_b41">
    <text>I'm heading to the scientists bunker.</text>
  </string>
  <string id="st_stalker_jup_b46">
    <text>I'm going to the cooling tower north-west of Yanov station.</text>
  </string>
  <string id="st_stalker_jup_b47">
    <text>Heading to the Jupiter factory but I'm not going inside. I'll look around the administration buildings and decide what to do next.</text>
  </string>
  <string id="st_stalker_jup_b6_anom_2">
    <text>I go to the "Ash Heap" anomaly near Kopachi.</text>
  </string>
  <string id="st_stalker_jup_b8_smart_terrain">
    <text>I'm headed for the Jupiter factory, a stalker I know said he saw a helicopter go down there... I ought to check this place out.</text>
  </string>
  <string id="st_stalker_jup_sim_1">
    <text>I go to an abandoned train, the one between the Volkhov SAM and the parking lot.</text>
  </string>
  <string id="st_stalker_jup_sim_2">
    <text>I go to the southern tunnel, you can hide from the blowout there.</text>
  </string>
  <string id="st_stalker_jup_sim_3">
    <text>Heading for one place between the Yanov station and Kopachi.</text>
  </string>
  <string id="st_stalker_jup_sim_4">
    <text>I go to this place near the canal, south of the cement plant.</text>
  </string>
  <string id="st_stalker_jup_sim_5">
    <text>I go to a place near the canal, north of the Jupiter plant.</text>
  </string>
  <string id="st_stalker_jup_sim_6">
    <text>Heading towards the quarry, I want to look around there.</text>
  </string>
  <string id="st_stalker_jup_sim_7">
    <text>Heading towards the quarry, I want to look around there.</text>
  </string>
  <string id="st_stalker_jup_sim_8">
    <text>I want to explore the area north of Yanov.</text>
  </string>
  <string id="st_stalker_jup_sim_9">
    <text>I'm going in the direction of SAM Volkhov. There, between the missile system and Kopachi is a convenient place for a stop.</text>
  </string>
  <string id="st_stalker_jup_sim_10">
    <text>Oh, I'm traveling along the side of the warehouse containers.</text>
  </string>
  <string id="st_stalker_jup_sim_11">
    <text>Exploring around. I now want to look what is interesting south of the checkpoint.</text>
  </string>
  <string id="st_stalker_jup_sim_12">
    <text>I'm going to the helipad between the plant and warehouse containers.</text>
  </string>
  <string id="st_stalker_jup_sim_13">
    <text>I'm going to my favorite place - it is south of Yanov, near the railroad.</text>
  </string>
  <string id="st_stalker_jup_sim_14">
    <text>I'm going to one place - it is just north of the Yanov.</text>
  </string>
  <string id="st_stalker_jup_sim_15">
    <text>I go to the anomalous grove.</text>
  </string>
  <string id="st_stalker_jup_sim_16">
    <text>I'm going to one place - it is just south of the missile system.</text>
  </string>
  <string id="st_stalker_jup_sim_17">
    <text>I'm heading to the cooling pond - where the anomaly "Concrete Bathtub" is.</text>
  </string>
  <string id="st_stalker_jup_sim_18">
    <text>I go to the plant to explore the territory.</text>
  </string>
  <string id="st_stalker_jup_sim_19">
    <text>I go to the plant to explore the territory.</text>
  </string>
  <string id="st_stalker_pri_a15">
    <text>I go to the yard behind laundry.</text>
  </string>
  <string id="st_stalker_pri_a16">
    <text>Moving to the laundry where the safest place is.</text>
  </string>
  <string id="st_stalker_pri_a17">
    <text>Heading for the hospital, I hope not to run into these crackpot "Monolith"...</text>
  </string>
  <string id="st_stalker_pri_a18_smart_terrain">
    <text>I'm going to the bookstore. You can hide from blowout there by the way.</text>
  </string>
  <string id="st_stalker_pri_a20">
    <text>I want to see the local landmark - a sign of friendship of nations. This is a contraption not far from the bookshop.</text>
  </string>
  <string id="st_stalker_pri_a21_smart_terrain">
    <text>I'm going to the grocery store. You can't buy food there, but you can sure as hell hide from the blowouts.</text>
  </string>
  <string id="st_stalker_pri_a22_smart_terrain">
    <text>I go to the "Berezka" store.</text>
  </string>
  <string id="st_stalker_pri_a25_smart_terrain">
    <text>Heading for kindergarten.</text>
  </string>
  <string id="st_stalker_pri_a28">
    <text>I go to the square in front of the cinema, near the statue of Prometheus.</text>
  </string>
  <string id="st_stalker_pri_b301">
    <text>I go to the school, they say it is full of monsters, but it's a safe haven from blowouts and a good spot to find artifacts.</text>
  </string>
  <string id="st_stalker_pri_b303">
    <text>On my way to the old KBO, heard there are anomalies at the ground floor... That means there could be artifacts as well.</text>
  </string>
  <string id="st_stalker_pri_b304">
    <text>Exploring this area of the city, now I plan to go to the department store.</text>
  </string>
  <string id="st_stalker_pri_b304_monsters_smart_terrain">
    <text>Exploring this area of the city, now I plan to go to the department store.</text>
  </string>
  <string id="st_stalker_pri_b305_dogs">
    <text>I'm studying the terrain, I want to explore a building, the one behind the dormitories.</text>
  </string>
  <string id="st_stalker_pri_b306">
    <text>I want to explore the Jubilee KBO.</text>
  </string>
  <string id="st_stalker_pri_b307">
    <text>I'm searching for anomalies in the area. I heard that the west of the kindergarten, in the courtyard you can find a fiery anomaly...</text>
  </string>
  <string id="st_stalker_pri_b35_envoy">
    <text>Nothing important just traveling around the city. Heading to a dormitory right now.</text>
  </string>
  <string id="st_stalker_pri_b35_mercs">
    <text>Nothing important just traveling around the city. Heading to a dormitory right now.</text>
  </string>
  <string id="st_stalker_pri_b35_military">
    <text>Nothing important just traveling around the city. Heading to a dormitory right now.</text>
  </string>
  <string id="st_stalker_pri_b36_smart_terrain">
    <text>Just wandering around, now I want to go to the river port... Hope I won't find any of those "Monolith" fanatics there.</text>
  </string>
  <string id="st_stalker_pri_b302">
    <text>I want to find a place in Pripyat where there are artifacts but no monsters and no "Monolith". Well specifically to the south of the river port is an anomaly, and that's where I'm going.</text>
  </string>
  <string id="st_stalker_pri_sim_1">
    <text>I go in the direction of the Prometheus cinema.</text>
  </string>
  <string id="st_stalker_pri_sim_2">
    <text>I go to the square in front of the cinema, near the statue of Prometheus.</text>
  </string>
  <string id="st_stalker_pri_sim_3">
    <text>I want to lay low a bit, in the courtyard to the north of kindergarten is a foxhole.</text>
  </string>
  <string id="st_stalker_pri_sim_4">
    <text>I go to a place south of the dormitory.</text>
  </string>
  <string id="st_stalker_pri_sim_5">
    <text>Heading to one place between the kindergarten and a dormitory.</text>
  </string>
  <string id="dm_anomalies_8">
    <text>The place where the earth is cut like by a knife - the "Scar". Artifacts are known to be there but weird thing happen to those who go there. It makes you lose your mind to the point you forget how to breathe.</text>
  </string>
  <string id="dm_anomalies_1">
    <text>You know the dredger? It's full of gravitational anomalies but nothing too dangerous for an experienced stalker. Just don't you forget to throw bolts. Plus radiation inside and outside... like the whole thing is made of uranium.</text>
  </string>
  <string id="dm_anomalies_4">
    <text>Well there is an old substation, we call it "Iron Wood". You'll see why if you visit it. Guys claim they were able to find multiple artifacts there after the blowout. Dangers are quite common - some radiation and Electras. Be warned though of poltergeists that lurk there. If they see you expect to be pelted with random stuff.</text>
  </string>
  <string id="dm_job_12">
    <text>Work? Frankly, I do not know. But if you have a chance to help the Freedom somehow, come to our leader at Yanov. You will find Loki in the south wing. So if you believe in human progress, in consciousness, in the value of the gifts of the Zone - you will make the right choice.</text>
  </string>
  <string id="dm_job_13">
    <text>I do not know. But if you find something that can help us in the fight against our enemies, or the Zone, you can contact the commander of the Duty expeditionary unit, Colonel Shulga. He is a senior at the Yanov station; you can find him in the north wing. You can be sure - any civilian who contributes to the common cause of Duty will be rewarded.</text>
  </string>
  <string id="dm_information_19">
    <text>Rumor goes of some devilry at work at the old cooling tower. If you tune your radio to common frequency you can hear someone stuck in an anomaly calling for help. And if you ask for coordinates there's only silence... But the strangest thing there is the sound of requests. You can't explain such distortions by common interference.</text>
  </string>
  <string id="st_stalker_zat_sim_27">
    <text>I go to a location halfway between Skadovsk and "Shevchenko".</text>
  </string>
  <string id="st_stalker_jup_a9">
    <text>Going to Jupiter. Probably won't go far in, though.</text>
  </string>
</string_table>