<?xml version="1.0" encoding="windows-1251"?>
<string_table>
  <string id="about_quests_dialog_bandit_0">
    <text>Can you help me with something?</text>
  </string>
  <string id="about_quests_dialog_bandit_1">
    <text>With what?</text>
  </string>
  <string id="about_quests_dialog_bandit_10">
    <text>What do you think about Nimble?</text>
  </string>
  <string id="about_quests_dialog_bandit_101">
    <text>About Nimble? In short, I think we should hunt him down one day and look at what he's got.</text>
  </string>
  <string id="about_quests_dialog_bandit_11">
    <text>Did you hear anything about the Oasis?</text>
  </string>
  <string id="about_quests_dialog_bandit_111">
    <text>Ha-haha! I heard this joke - getting laughing cramps from it! Okay, so there were these bros at Garbage, and they said they know coordinates for Oasis and swore that it's not bullshit. And then hid on the way there... Well, they got so much off the retards who went there that they left the Zone the next day! Now they have enough cash for the whole life. Only one guy remains here - named Yoga.</text>
  </string>
  <string id="about_quests_dialog_bandit_112">
    <text>Well shit, I heard that you get cured of any sickness there. Looks like good shit right there - no hemorrhoids, no hangover, no overdose. Put a hotel there - and earn sick dough!</text>
  </string>
  <string id="about_quests_dialog_bandit_113">
    <text>Why should I hear about it? That's stalker bullshit, not for real bros. Think for yourself: I'm sitting in the bar, drinking vodka and listening to stalker bitching, arguing about where Oasis is. And every single bitch swears he knows where it is. But all the places are different!</text>
  </string>
  <string id="about_quests_dialog_bandit_12">
    <text>Have you seen a stalker named Soroka?</text>
  </string>
  <string id="about_quests_dialog_bandit_121">
    <text>Well yeah, seen one like that. Was obvious, he's one damn weasel. Yeah, all the stalkers are flapping their gums about him, saying he's a real son of a bitch. But where he is right now - hell if I know, enjoy looking for him.</text>
  </string>
  <string id="about_quests_dialog_bandit_122">
    <text>No, first time I hear this name.</text>
  </string>
  <string id="about_quests_dialog_bandit_13">
    <text>Do you know who could steal things from my personal stash?</text>
  </string>
  <string id="about_quests_dialog_bandit_131">
    <text>Clearly, some kind of rat! Ask the big pimps at Yanov. They love chasing scum - they'll even thank you.</text>
  </string>
  <string id="about_quests_dialog_bandit_14">
    <text>Anybody here versed in deciphering?</text>
  </string>
  <string id="about_quests_dialog_bandit_141">
    <text>Try Nitro, the guy at Yanov. Before he got under the Duty patrons, he helped bros with some trophy PDA's for free. But yeah, no more freebies now.</text>
  </string>
  <string id="about_quests_dialog_bandit_143">
    <text>Hey guy, this work's too fine. You need a real hacker. One of my bros told me: he spent a sentence with one like that. He was gonna come out soon but the hacker had like five years left. So yeah, there are bros like that in the zones, but this is not the right Zone.</text>
  </string>
  <string id="about_quests_dialog_bandit_15">
    <text>I have the Duty smuggler's PDA. Who would be interested in it?</text>
  </string>
  <string id="about_quests_dialog_bandit_151">
    <text>There is this smuggler, Owl, at Skadovsk. Can sometimes give nice dough for all kinds of shit - bros gave him stalker PDA's a few times. A real bro, doesn't ask too many questions. Talk to him.</text>
  </string>
  <string id="about_quests_dialog_bandit_152">
    <text>Everybody: Dutyers, Freedomers, other guys. Think for yourself: Dutyers will kill him, Freedomers will be fucking glad, but Owl at Zaton will take the PDA - and nobody ever hears about it again. Whether it comes up later - that's for Owl to decide. Your choice.</text>
  </string>
  <string id="about_quests_dialog_bandit_16">
    <text>Where can I find tools around here?</text>
  </string>
  <string id="about_quests_dialog_bandit_165">
    <text>Here's what I think. Want some surgical stuff - go visit the nearest hospital, hohoho. Looking for building tools? Search at Jupiter, maybe the quarry, I dunno. And if you want those... Uhh, what the shit... Oh yeah, metalworking! Look for those in workshops.</text>
  </string>
  <string id="about_quests_dialog_bandit_166">
    <text>No idea. I can have hearty chats with stalker scum without any tools, hohoho! Don't worry, I'm fucking around with ya.</text>
  </string>
  <string id="about_quests_dialog_bandit_17">
    <text>Who can unlock the memory module?</text>
  </string>
  <string id="about_quests_dialog_bandit_171">
    <text>You came to the right place! I hack tons of these modules every fucking day! Dude, are you blind? What do I look like, Einstein? Go to some mechanic or scientist or some shit. Whaddya fuck with my brains for?</text>
  </string>
  <string id="about_quests_dialog_bandit_172">
    <text>I'll say this: last time I've seen even a diskette was in the uni. Go to the masters, bro, grab them by the balls and make them work, but why me?</text>
  </string>
  <string id="about_quests_dialog_bandit_18">
    <text>Who could break open a steel container?</text>
  </string>
  <string id="about_quests_dialog_bandit_181">
    <text>Bros recently talked about a guy who got chased around by Cardan around the whole barge with a crowbar. A real crowbar. I say, go visit that Cardan dude, he could help.</text>
  </string>
  <string id="about_quests_dialog_bandit_182">
    <text>Yeah well, even I can with proper tools! But think about it: who would go to the Zone with tools? Only some kind of fucked up mechanic. Look for such fuckers yourself, bro.</text>
  </string>
  <string id="about_quests_dialog_bandit_19">
    <text>I am looking for a stalker named Snag. Do you know where I can find him?</text>
  </string>
  <string id="about_quests_dialog_bandit_191">
    <text>Hell if I know. Go ask Sultan at Skadovsk. Our big bro usually has a knack for knowing where to find maggots like him.</text>
  </string>
  <string id="about_quests_dialog_bandit_193">
    <text>Yeah, I heard about the guy. I heard he's usually lurking around Zaton, so looking for him here is fucking stupid.</text>
  </string>
  <string id="about_quests_dialog_bandit_2">
    <text>Do you know anything about the crashed helicopters?</text>
  </string>
  <string id="about_quests_dialog_bandit_20">
    <text>Who would be interested in information about the founder of Duty?</text>
  </string>
  <string id="about_quests_dialog_bandit_201">
    <text>Holy shit! Everyone, bro! That's such a fuckin' scoop! Only... don't make fuss about it, sell it to Owl on Skadovsk. You get the monies, and you make no enemies. I personally won't tell a soul of this.</text>
  </string>
  <string id="about_quests_dialog_bandit_22">
    <text>Think for yourself, Duty to the left, Freedom to the right, stalkers from behind, and now I have to watch the sky, too?!</text>
  </string>
  <string id="about_quests_dialog_bandit_23">
    <text>Bros said that one of these was in the Iron Forest, hanging from the cables like some damn cat. Nothing to look there for other than adventures on your ass. It's either the electro, or the poltergeist. Don't go there bro.</text>
  </string>
  <string id="about_quests_dialog_bandit_24">
    <text>Bros say that yeah, they kinda saw one. It zigzagged around, like the pilot was high or something. So he flew and he flew and smacked down at the plateau with no way to get there.</text>
  </string>
  <string id="about_quests_dialog_bandit_26">
    <text>Well, in short, I heard that one crashed in the marshes. Only it didn't go underwater, there's a small island there. Don't think someone's alive down there, the water on that marsh is worse than pesticides.</text>
  </string>
  <string id="about_quests_dialog_bandit_3">
    <text>Have you seen any military nearby?</text>
  </string>
  <string id="about_quests_dialog_bandit_30">
    <text>Who would be interested in the maps between Zaton and Jupiter?</text>
  </string>
  <string id="about_quests_dialog_bandit_301">
    <text>Yeah, I think Navigator is interested. There's this kind of "guide" around here. He has a compass alright, but no maps. So if you give him these, I bet he'll squeal like a little girl.</text>
  </string>
  <string id="about_quests_dialog_bandit_31">
    <text>Bros told me that a bunch of military guys was toting from south towards the mercenary base. Bros thought that if they don't get the fuck out of there now, there'll be bullet hell. So they left quietly ASAP.</text>
  </string>
  <string id="about_quests_dialog_bandit_32">
    <text>I heard a thing, there was a bunch of military at the marsh near their helicopter, draggin' some heavy boxes around. Funny, eh? Imagine this: five souljas dive into the damn marsh and jump around the islands. Their swearing must have been worse than the poison at that place.</text>
  </string>
  <string id="about_quests_dialog_bandit_33">
    <text>Yeah, was a case like that, one bro was yapping around. So he was following this stalker, intent on relieving him of some goods - holy shit, bullets everywhere!  So he looks around and sees military duking it out with mercs. So the bro hid and waited for the shit to blow over, and the stalker was already long gone when it was over. Tough luck.</text>
  </string>
  <string id="about_quests_dialog_bandit_34">
    <text>A bro told me this. Okay, so there's this barge with the windmill on the roof, and there's Noah in it, the flappy-armed guy who sounds like he's got a screw loose. Yeah, and there were around 10 souljas hiding around. The bro had a good laugh from that situation, but decided to just leave them alone.</text>
  </string>
  <string id="about_quests_dialog_bandit_35">
    <text>Nah - people are kinda jumpy around here, tons of folks with fuckawesome guns. I don't care who of them is a soulja, and who is a Dutyer.</text>
  </string>
  <string id="about_quests_dialog_bandit_4">
    <text>Do you know how to get to Pripyat?</text>
  </string>
  <string id="about_quests_dialog_bandit_40">
    <text>Who can I hire to protect the scientists?</text>
  </string>
  <string id="about_quests_dialog_bandit_403">
    <text>Haha! That would be me and my bros! We'll make for a fucking solid protection - no monsters, no stalkers! And the terms of the deal are nice too: payment once a week and, well, holiday money and shit.</text>
  </string>
  <string id="about_quests_dialog_bandit_41">
    <text>Use your legs, bro. Just go towards Jupiter and then ask around. But remember: there is no straight way to Pripyat, proven by SCIENCE.</text>
  </string>
  <string id="about_quests_dialog_bandit_43">
    <text>Listen, bro, what do I look like, a taxi? Do I have a checker pattern on me? Talk to Navigator on such stuff, he's getting paid for this.</text>
  </string>
  <string id="about_quests_dialog_bandit_44">
    <text>Naaaaaaah, nothing to do at that place, no stalkers there!</text>
  </string>
  <string id="about_quests_dialog_bandit_5">
    <text>Could you hint me at who would want to go to Pripyat?</text>
  </string>
  <string id="about_quests_dialog_bandit_51">
    <text>Nah, no real bro wants to go there! There are fucking monsters, anomalies there. And no stalkers to loot! Listen, bro, if stalkers start going for Pripyat, tell us bros and we'll go there as well.</text>
  </string>
  <string id="about_quests_dialog_bandit_57">
    <text>Well, you know... No idea, actually.</text>
  </string>
  <string id="about_quests_dialog_bandit_6">
    <text>I found a strange gun. Who might know something about it?</text>
  </string>
  <string id="about_quests_dialog_bandit_62">
    <text>I think technicians should know such stuff. They get their share from it, you know, professionals and shit.</text>
  </string>
  <string id="about_quests_dialog_bandit_63">
    <text>I am not sure, but I heard some stalkers on Skadovsk talk about Cardan. Go chat with him before he loses it completely to vodka.</text>
  </string>
  <string id="about_quests_dialog_bandit_7">
    <text>Do you know who can conduct measurements for the scientists?</text>
  </string>
  <string id="about_quests_dialog_bandit_73">
    <text>Our boys, nothing to think about! They didn't finish any academies and shit, but they can measure things alright. Like, you know, height, shoulder width and other useless shit!</text>
  </string>
  <string id="about_quests_dialog_bandit_8">
    <text>I found a strange artifact. Any hints on a potential buyer?</text>
  </string>
  <string id="about_quests_dialog_bandit_81">
    <text>And what's so strange about this artifact of yours? Let me take a look... Haha, maggot, afraid? Don't worry, I am just making a joke. But what the fuck are you thinking man, showing off your loot? I'm kind, but next time you're in trouble, bro.</text>
  </string>
  <string id="about_quests_dialog_bandit_83">
    <text>Yeah, you're pretty bold to show your artifact around. Experienced stalker, respect! Listen here, boyo. The main guy would be Beard in Skadovsk. He's sending artifacts out of the Zone, and we don't have such a guy... yet. So yeah, you can sell him the stash.</text>
  </string>
  <string id="about_quests_dialog_bandit_9">
    <text>There is a bloodsucker lair nearby. What should we do?</text>
  </string>
  <string id="about_quests_dialog_bandit_91">
    <text>Oh fuck! What should we do, what should we do... get the fuck outta here!</text>
  </string>
  <string id="about_quests_dialog_bandit_98">
    <text>Okay, forget it.</text>
  </string>
  <string id="about_quests_dialog_dolg_0">
    <text>Can you help me with something?</text>
  </string>
  <string id="about_quests_dialog_dolg_1">
    <text>Ask away.</text>
  </string>
  <string id="about_quests_dialog_dolg_10">
    <text>What do you think about Nimble?</text>
  </string>
  <string id="about_quests_dialog_dolg_101">
    <text>Nimble? I don't know anyone with that name. Maybe he's in another squad?</text>
  </string>
  <string id="about_quests_dialog_dolg_11">
    <text>Did you hear anything about the Oasis?</text>
  </string>
  <string id="about_quests_dialog_dolg_111">
    <text>That's a stalker legend. They think up all kinds of wonders about the Zone and then go around look for them. Don't pay attention; it's all fairy tales. Kind of like the artifact mother lode or the Wish Granter.</text>
  </string>
  <string id="about_quests_dialog_dolg_112">
    <text>Ah, it's that one place where your wounds heal by themselves and stamina returns within minutes. Forget it, no such place exists. That's stalker legends that they think up to make the Zone seem less scary. The reality is completely different, though: there are no safe places in the Zone. You have to think about your own survival in here, dreamy people don't last long.</text>
  </string>
  <string id="about_quests_dialog_dolg_113">
    <text>Yeah, and there is a free artifact with the cost of a fortune in the middle. Just kidding. Of course, it would be great to find out whether there is a place that you can just come to and heal up without any medics. But it's only a dream.</text>
  </string>
  <string id="about_quests_dialog_dolg_12">
    <text>Have you seen a stalker named Soroka?</text>
  </string>
  <string id="about_quests_dialog_dolg_121">
    <text>It's hard enough to remember everyone in Duty, and you're asking about a stalker! They have a base in Skadovsk, go ask them.</text>
  </string>
  <string id="about_quests_dialog_dolg_122">
    <text>No, haven't seen one with that name.</text>
  </string>
  <string id="about_quests_dialog_dolg_13">
    <text>Do you know who could steal things from my personal stash?</text>
  </string>
  <string id="about_quests_dialog_dolg_131">
    <text>Here we go! If it were only our base it wouldn't happen. But we have these Freedom freaks around. I'd investigate them first case first. Investigate properly!</text>
  </string>
  <string id="about_quests_dialog_dolg_14">
    <text>Anybody here versed in deciphering?</text>
  </string>
  <string id="about_quests_dialog_dolg_141">
    <text>There is a technician named Nitro on Yanov. He's pretty good at electronics, I hear. Once I forgot my PDA password, so he hacked it within 5 minutes.</text>
  </string>
  <string id="about_quests_dialog_dolg_143">
    <text>That would be at Yanov. Ask for Nitro, he's pretty good at such stuff.</text>
  </string>
  <string id="about_quests_dialog_dolg_15">
    <text>I have a PDA that belonged to a Duty smuggler. Who would be interested in it?</text>
  </string>
  <string id="about_quests_dialog_dolg_151">
    <text>Implying that there could be a smuggler in Duty ranks. You are either lying or... Listen. If you have any information about this, you better relay it to Lt-Colonel Shulga. He will take care of this.</text>
  </string>
  <string id="about_quests_dialog_dolg_16">
    <text>Where around here can I find tools?</text>
  </string>
  <string id="about_quests_dialog_dolg_163">
    <text>There is a whole factory near here. It's probably maraudered to hell, but I'd look around on factory storage yards if I were you.</text>
  </string>
  <string id="about_quests_dialog_dolg_165">
    <text>Start searching around old workshops. Maybe something still remains in some of the stores as well.</text>
  </string>
  <string id="about_quests_dialog_dolg_166">
    <text>Ha, in the vicinity! There are only mutants and anomalies in the vicinity of Yanov. I'd not look around for tools inside anomalies, and neither a burer nor a controller would tell you something useful.</text>
  </string>
  <string id="about_quests_dialog_dolg_169">
    <text>You know this train car under the bridge? I've seen one like that before, they usually transport technicians. So, I figure, there may be some tools remaining there.</text>
  </string>
  <string id="about_quests_dialog_dolg_17">
    <text>Who can unlock the memory module?</text>
  </string>
  <string id="about_quests_dialog_dolg_171">
    <text>Nitro can. He's the only tech specialist at Yanov.</text>
  </string>
  <string id="about_quests_dialog_dolg_172">
    <text>Hmm, such questions should be asked from a technician. And there is only one good technician here, at Yanov. Name's Nitro.</text>
  </string>
  <string id="about_quests_dialog_dolg_18">
    <text>Who could break a steel container?</text>
  </string>
  <string id="about_quests_dialog_dolg_181">
    <text>They say there is a stalker technician. He's a bit of a drunkard, but he's got the skill. Show the box to him.</text>
  </string>
  <string id="about_quests_dialog_dolg_182">
    <text>Yeah, why don't you carry an armoured safe around while you're at it! I'll say it like this: Nitro probably won't do it. Now if the lock was electronic...</text>
  </string>
  <string id="about_quests_dialog_dolg_19">
    <text>I am looking for a stalker named Snag. Do you know where I can find him?</text>
  </string>
  <string id="about_quests_dialog_dolg_191">
    <text>Listen, you better ask stalkers, they know their bunch better. I didn't hear anything about this, err... Snot.</text>
  </string>
  <string id="about_quests_dialog_dolg_2">
    <text>Do you know anything about the crashed helicopters?</text>
  </string>
  <string id="about_quests_dialog_dolg_20">
    <text>Who would be interested in information about the founder of Duty?</text>
  </string>
  <string id="about_quests_dialog_dolg_201">
    <text>That's a million-ruble question! Of course, Lt-Colonel Shulga, our commander. Report everything you know to him, and he'll reward you.</text>
  </string>
  <string id="about_quests_dialog_dolg_22">
    <text>Yep. Our guys from the reconnaissance group have seen how a helicopter was going down towards the reserve helipads near Jupiter. They say they tried signaling the pilots to change the course, but it looks like they had their hands full. I wonder, did they actually make it out of the minefield?</text>
  </string>
  <string id="about_quests_dialog_dolg_23">
    <text>Not nearby, no. Our presence here is limited. Try asking the guys at Yanov.</text>
  </string>
  <string id="about_quests_dialog_dolg_25">
    <text>A patrol has reported that a helicopter tried performing an emergency landing near Jupiter. It went all wrong, though, the guys crashed right into the roof of the main building. Most likely no survivors, the patrol did not receive any emergency signals.</text>
  </string>
  <string id="about_quests_dialog_dolg_3">
    <text>Have you seen any military nearby?</text>
  </string>
  <string id="about_quests_dialog_dolg_30">
    <text>Who would be interested in the maps between Zaton and Jupiter?</text>
  </string>
  <string id="about_quests_dialog_dolg_301">
    <text>I know who can use them. I am talking about Navigator - the guide. He's traveling between Yanov and Skadovsk.</text>
  </string>
  <string id="about_quests_dialog_dolg_31">
    <text>Military? No, didn't see any, we don't come here very often.</text>
  </string>
  <string id="about_quests_dialog_dolg_35">
    <text>A body of a soldier was spotted at the minefield. Maybe, one of the military strike squad. There is enough room for 8 people onboard a helicopter of that model. Probably, the rest managed to escape, but where they went - that I don't know.</text>
  </string>
  <string id="about_quests_dialog_dolg_36">
    <text>They say there's a soldier in the scientist bunker. I don't know any details.</text>
  </string>
  <string id="about_quests_dialog_dolg_37">
    <text>Near SAM "Volkhov", someone in military uniform was observed entering the building. Of course, there is the possibility of it was just some zombie.</text>
  </string>
  <string id="about_quests_dialog_dolg_38">
    <text>Stalkers said that they have seen a group of soldiers near Jupiter. According to the description, they were a group of Spetsnaz. There was a stalker with them, who he was is unclear. They went in the direction of Pripyat. Sounds like a true story, but I wouldn't trust it anyway.</text>
  </string>
  <string id="about_quests_dialog_dolg_4">
    <text>Do you know how to get to Pripyat?</text>
  </string>
  <string id="about_quests_dialog_dolg_40">
    <text>Who can I hire to protect the scientists?</text>
  </string>
  <string id="about_quests_dialog_dolg_401">
    <text>There is no better protection than a Duty squad. Listen, go talk to Lt-Colonel Shulga at Yanov. I don't think many problems should arise, it will be a smooth deal.</text>
  </string>
  <string id="about_quests_dialog_dolg_402">
    <text>While at least one of the Freedomers works there, our guys won't even think of going there. Spending a whole day with these junkies - suicide is better!</text>
  </string>
  <string id="about_quests_dialog_dolg_42">
    <text>For now, Duty has no need to seek for a way to Pripyat, however, we keep collecting information. According to unconfirmed rumors, there is an underground tunnel under Jupiter that leads all the way to the city. In order to confirm these rumors, all the objects on the territory of the factory should be investigated.</text>
  </string>
  <string id="about_quests_dialog_dolg_43">
    <text>No. If you need information of this kind, talk to the civilian guides. Our reconnaissance groups are rather busy.</text>
  </string>
  <string id="about_quests_dialog_dolg_44">
    <text>Our guys are combing the area in search of a safe passage to Pripyat, but there are no positive results as of now.</text>
  </string>
  <string id="about_quests_dialog_dolg_5">
    <text>Could you hint me at who would want to go to Pripyat?</text>
  </string>
  <string id="about_quests_dialog_dolg_51">
    <text>The presence of Duty is limited in this area. Ask around at Yanov.</text>
  </string>
  <string id="about_quests_dialog_dolg_52">
    <text>There are reports that there is a soldier in the scientist bunker. He has no place to go: it's still a year and a half until the scientist program is completed, and getting to the perimeter of the Zone on foot is impossible. Here's a fine candidate!</text>
  </string>
  <string id="about_quests_dialog_dolg_53">
    <text>If I were you, I'd look around for people who like adventure. For example, there is this stalker Vano at Yanov. Normally, he doesn't care about whatever problems he is getting into. At the same time, he has a phenomenal ability of getting through anomalous fields unscathed. That may be useful to you.</text>
  </string>
  <string id="about_quests_dialog_dolg_54">
    <text>Well, I could tell you of a squad of volunteers in some asylum... Wait, I know who you can make use of! Monolithians! A squad of them was spotted near the SAM. It's just... don't take military jokes too seriously, okay?</text>
  </string>
  <string id="about_quests_dialog_dolg_56">
    <text>Look for volunteers amongst the ranks of Duty. For example, Rogue. He doesn't have any duties yet, so I think the Lt-Colonel will allow him to go with you.</text>
  </string>
  <string id="about_quests_dialog_dolg_57">
    <text>Listen, everyone knows that Duty has the best fighters! But we have other objectives right now.</text>
  </string>
  <string id="about_quests_dialog_dolg_6">
    <text>I found a strange gun. Who might know something about it?</text>
  </string>
  <string id="about_quests_dialog_dolg_62">
    <text>Wow, nice piece! Speak up: did you really found it, or did you make it? Never seen anything like that. Go ask a technician.</text>
  </string>
  <string id="about_quests_dialog_dolg_7">
    <text>Do you know who can conduct measurements for the scientists?</text>
  </string>
  <string id="about_quests_dialog_dolg_71">
    <text>Nothing to think about here, of course, our guys. Dutyers. We have some really experienced people who worked with scientists several times. Go talk to Lt-Colonel Shulga, he knows about this stuff.</text>
  </string>
  <string id="about_quests_dialog_dolg_72">
    <text>Who would want to work there when the bunker is guarded by Freedomers? Especially considering that these damn pacifists can smoke themselves high and shoot each other.</text>
  </string>
  <string id="about_quests_dialog_dolg_8">
    <text>I found a strange artifact. Any hints on a potential buyer?</text>
  </string>
  <string id="about_quests_dialog_dolg_81">
    <text>All artifacts are strange. Let me say it like this, carry as few of these around with you as possible. Even better, give it to some specialist.</text>
  </string>
  <string id="about_quests_dialog_dolg_83">
    <text>Show this thingy to stalkers, they are pros in such stuff. And even better, give it to someone who sells artifacts.</text>
  </string>
  <string id="about_quests_dialog_dolg_9">
    <text>There is a bloodsucker lair nearby. What should we do?</text>
  </string>
  <string id="about_quests_dialog_dolg_91">
    <text>Duty squads do not perform mutant hunts in this region. So you have to wait with the lair.</text>
  </string>
  <string id="about_quests_dialog_dolg_98">
    <text>Okay, forget it.</text>
  </string>
  <string id="about_quests_dialog_freedom_0">
    <text>Can you help me with something?</text>
  </string>
  <string id="about_quests_dialog_freedom_1">
    <text>Go ahead.</text>
  </string>
  <string id="about_quests_dialog_freedom_10">
    <text>What do you think about Nimble?</text>
  </string>
  <string id="about_quests_dialog_freedom_101">
    <text>Only heard about him out of the corner of my ear. Ask stalkers, Nimble is one of them, right?</text>
  </string>
  <string id="about_quests_dialog_freedom_11">
    <text>Did you hear anything about the Oasis?</text>
  </string>
  <string id="about_quests_dialog_freedom_111">
    <text>A load. Well, yeah, the legend is beautiful. A palace amidst the endless sands, an island amidst the ocean of fog, a castle with towers reaching the sky... Shambala, Eden, Oasis. Any free man has a dream, right?</text>
  </string>
  <string id="about_quests_dialog_freedom_112">
    <text>A rather interesting story from a stalker. I think he was the first one to mention Oasis. He said that wounds heal within minutes there, and the soul calms down and rests, like you're no longer in the middle of the Zone. Hmm, ever since that day I haven't seen that guy. Something weird was about him that day, but only later did I understand what it was. That guy always limped before, but when he finished that story, he ran away like a young boy.</text>
  </string>
  <string id="about_quests_dialog_freedom_113">
    <text>I heard its coordinates from various stalkers, a dozen of them, and none of them are the same. Sounds like the Oasis is spread throughout the Zone from the Brain Scorcher to the NPP. If we connect all the places by lines, they will cross in Yanov. So we are in Oasis right now, bro.</text>
  </string>
  <string id="about_quests_dialog_freedom_12">
    <text>Have you seen a stalker named Soroka?</text>
  </string>
  <string id="about_quests_dialog_freedom_121">
    <text>Nah, I don't know many loners around here.</text>
  </string>
  <string id="about_quests_dialog_freedom_122">
    <text>Soroka? Nah, I don't remember one. But the name's pretty funny!</text>
  </string>
  <string id="about_quests_dialog_freedom_13">
    <text>Do you know who could steal things from my personal stash?</text>
  </string>
  <string id="about_quests_dialog_freedom_131">
    <text>That I don't know, dude. Never had people like this around here! Well, it's one thing to nip on someone's bread or take a swig of vodka - that's alright. But stealing?</text>
  </string>
  <string id="about_quests_dialog_freedom_14">
    <text>Anybody here versed in deciphering?</text>
  </string>
  <string id="about_quests_dialog_freedom_141">
    <text>That Nitro dude at Yanov seems to be a fan of these. But I am not 100% sure, never talked to him, he's, like, a dutyfriend and doesn't like Freedom much.</text>
  </string>
  <string id="about_quests_dialog_freedom_143">
    <text>I am not familiar with local specialists. Go to Yanov, dude, and ask our guys, they surely know.</text>
  </string>
  <string id="about_quests_dialog_freedom_15">
    <text>I have the Duty smuggler's PDA. Who would be interested in it?</text>
  </string>
  <string id="about_quests_dialog_freedom_151">
    <text>Oh, cool thingy! Listen, dude, give it to Loki, that's our boss at Yanov. He will love it! That's right, let's show free stalkers just how high the ideals people in Duty are fighting for are!</text>
  </string>
  <string id="about_quests_dialog_freedom_16">
    <text>Where can I find tools around here?</text>
  </string>
  <string id="about_quests_dialog_freedom_163">
    <text>The factory, of course, dude. But listen, it's pretty scary down there... Imagine strolling across an abandoned metro station naked. You get the feeling, yes? There is a good thing there, though, the warehouses. Not as scary there, plus more loot like them tools that you are looking for.</text>
  </string>
  <string id="about_quests_dialog_freedom_165">
    <text>Tricky question, dude! Okay, let's think logically. Where do you get instruments outside of the Zone? Correct, you go to the shop and buy them, unless you have some spare in your garage. Even if you do have some spare tools, but are shitty with using them, you still go look for tools and someone who can use them. Therefore, you go to the workshop. Right? About the same in the Zone. Elementary, Watson!</text>
  </string>
  <string id="about_quests_dialog_freedom_166">
    <text>Tools? Listen, man, don't be cryptic, ask normally. Nobody to hear us here, no need to encrypt shit. Listen, are you seriously asking about tools? Well, dude, I dunno.</text>
  </string>
  <string id="about_quests_dialog_freedom_169">
    <text>Yeah, I've heard of something. Some guy climbed into that train car under the bridge. And whaddya know, a "Tesla"! From his words, getting chased by it fills your blood with adrenaline and your pants with shit. So, what was I talking about, oh yeah, he saw some tools inside there.</text>
  </string>
  <string id="about_quests_dialog_freedom_17">
    <text>Who can unlock the memory module?</text>
  </string>
  <string id="about_quests_dialog_freedom_171">
    <text>Look, dude. First, there is Novikov, a technician in the scientist bunker. He does stuff quickly and properly - good service. Then there is Nitro at Yanov, kinda like a dutyer. Well, you understand the situation.</text>
  </string>
  <string id="about_quests_dialog_freedom_172">
    <text>Maybe some good technician. The local guy is more of a metalworker. So if you don't need holes in your memory module, go ask around in Yanov: there are better technicians there.</text>
  </string>
  <string id="about_quests_dialog_freedom_18">
    <text>Who could break open a steel container?</text>
  </string>
  <string id="about_quests_dialog_freedom_181">
    <text>Well, dude, rumors go around that there is this dude at Skadovsk named Cardan. He's one hell of a master. He's not got golden hands no, he has platinum hands! Even though he drinks like a seaman. Bring your container to him, let him crack it open.</text>
  </string>
  <string id="about_quests_dialog_freedom_182">
    <text>I think anyone who has ever dealt with metalworking can do it. But listen, the local guy, Nitro, won't do the job. I heard he's more of an electronics guy.</text>
  </string>
  <string id="about_quests_dialog_freedom_19">
    <text>I am looking for a stalker named Snag. Do you know where I can find him?</text>
  </string>
  <string id="about_quests_dialog_freedom_191">
    <text>Nah, never heard of him, dude. Ask around the free stalkers.</text>
  </string>
  <string id="about_quests_dialog_freedom_2">
    <text>Do you know anything about the crashed helicopters?</text>
  </string>
  <string id="about_quests_dialog_freedom_20">
    <text>Who would be interested in information about the founder of Duty?</text>
  </string>
  <string id="about_quests_dialog_freedom_201">
    <text>Man, you definitely want Loki. He's our top guy, he lives at Yanov. Quickly, bring the info to him, right now! You know whether dutyers have heard of it already? Imagine how much shit they will stir up if they hear of it! I don't even want to think about this!</text>
  </string>
  <string id="about_quests_dialog_freedom_22">
    <text>Yeah. Have you heard about the helicopter in the minefield? Once there was a reserve helipad there, the military guys crashed on it. And five-six years ago the military itself laid mines there. On the other hand, they didn't do it for nothing - if there are mines there, it's best not to go there, right? Maybe those on helicopter landed on a mine-free spot, did whatever business they had and took off? Sigh, if we only knew why they came here, maybe we should have intercepted them.</text>
  </string>
  <string id="about_quests_dialog_freedom_23">
    <text>Those around here? Nah. We're not locals. Visit Yanov, our guys will gladly give info on anything you want and anything you don't want to know.</text>
  </string>
  <string id="about_quests_dialog_freedom_25">
    <text>Yeah, our guys have seen one recently. It flew with the grace of an overweight chicken, and landed accordingly. And they chose the worst place possible - the roof of one of Jupiter's facilities. That roof is rotten through and through already, so the helicopter followed the roof and crashed down into the building.</text>
  </string>
  <string id="about_quests_dialog_freedom_3">
    <text>Have you seen any military nearby?</text>
  </string>
  <string id="about_quests_dialog_freedom_30">
    <text>Who would be interested in the maps between Zaton and Jupiter?</text>
  </string>
  <string id="about_quests_dialog_freedom_301">
    <text>Oh man, that's an easy question: 100% Navigator! He's the main stalker guide. The maps are just what he needs.</text>
  </string>
  <string id="about_quests_dialog_freedom_31">
    <text>Hey man, relax! Don't worry, no police, no military and no volunteer peacekeepers around. And we're peaceful people, won't shoot you for no reason.</text>
  </string>
  <string id="about_quests_dialog_freedom_35">
    <text>Nah, dunno. Some guy, though, said that he saw a bunch of military guys crawling across the minefield near the old helipads. Our guys first thought - maybe they should help them? But then they smoked some and decided - fuck them. Military are troublesome people, who knows what's in their heads.</text>
  </string>
  <string id="about_quests_dialog_freedom_36">
    <text>Didn't see myself, but people say that there is a soldier in the scientist bunker. Ozersky - their biologist - said that it's the guy from the helicopter that crashed into the factory. Our guys are making jokes now - the scientists have gotten a new pet, a trained soldier.</text>
  </string>
  <string id="about_quests_dialog_freedom_37">
    <text>No, but I've heard something from free stalkers. They say that they saw a lone soldier near the SAM "Volkhov". What do you think, that a ghost or an un-zombified zombie?</text>
  </string>
  <string id="about_quests_dialog_freedom_38">
    <text>Nah. But one guy said he saw a whole seven soldiers near Jupiter going in a line behind some stalker towards Pripyat. That's what I think: we've not got hash imports for a long time, so it's either bullshit or, well, schizo.</text>
  </string>
  <string id="about_quests_dialog_freedom_4">
    <text>Do you know how to get to Pripyat?</text>
  </string>
  <string id="about_quests_dialog_freedom_40">
    <text>Who can I hire to protect the scientists?</text>
  </string>
  <string id="about_quests_dialog_freedom_401">
    <text>You don't have to choose: hire us. Freedom, that is. We're constantly cooperating with the scientists, so providing some people to guard them is easy-peasy. Talk to Loki at Yanov, he'll definitely agree.</text>
  </string>
  <string id="about_quests_dialog_freedom_402">
    <text>Hell if I know. As I understand it, the scientists have hired a Duty squad. We'd gladly work for scientists, but looking at the dutyer mugs every day... No thanks, man.</text>
  </string>
  <string id="about_quests_dialog_freedom_42">
    <text>They say there is a way to Pripyat from Jupiter. I mean, from the factory, not the one behind the asteroid field. Ha-ha-ha, damn nice joke I made here!</text>
  </string>
  <string id="about_quests_dialog_freedom_43">
    <text>I can't tell for sure, I never have the time or will to go there. Ask Navigator at the base, okay? He's the most knowledgeable of free stalkers in this matter.</text>
  </string>
  <string id="about_quests_dialog_freedom_44">
    <text>Hey, dude... If I knew, I'd have gone there long time ago. Away from Duty, from military, from these goddamn quarrels.</text>
  </string>
  <string id="about_quests_dialog_freedom_5">
    <text>Could you hint me at who would want to go to Pripyat?</text>
  </string>
  <string id="about_quests_dialog_freedom_51">
    <text>Sorry buddy, I don't know anyone at Zaton. All I can recommend is ask around at Yanov, from our guys.</text>
  </string>
  <string id="about_quests_dialog_freedom_52">
    <text>You know the scientist bunker? Well, they have a rather unhealthy situation down there. First Garik, their stalker, decided to visit Pripyat, now the soldier that joined them is losing his marbles as well. I understand about Garik, he's a loner and has a pride. But the soldier is definitely your prime candidate.</text>
  </string>
  <string id="about_quests_dialog_freedom_53">
    <text>You can, for example, talk to Vano at Yanov. He's a cool dude, we always wanted him to join us, but he doesn't want to. He says he's not in the mood to fight Duty or anyone else for matter. That's how he is, a loner.</text>
  </string>
  <string id="about_quests_dialog_freedom_54">
    <text>That's easy. One of ours has seen a squad near the dry lake. They are the perfect pick for you. They should know Pripyat by heart now, and they've got the guts. After all, they are monolithians, hohoho!</text>
  </string>
  <string id="about_quests_dialog_freedom_55">
    <text>Why not, sure. Rogue, the leader of our new guys. Looks like he doesn't really like it here. His mates have adapted, but he himself... In short, talk to him, maybe he'll like it? Sucks to see a good person suffer.</text>
  </string>
  <string id="about_quests_dialog_freedom_57">
    <text>Nah, no idea.</text>
  </string>
  <string id="about_quests_dialog_freedom_6">
    <text>I found a strange gun. Who might know something about it?</text>
  </string>
  <string id="about_quests_dialog_freedom_62">
    <text>Was there a manual for it? No? No idea then.</text>
  </string>
  <string id="about_quests_dialog_freedom_7">
    <text>Do you know who can conduct measurements for the scientists?</text>
  </string>
  <string id="about_quests_dialog_freedom_71">
    <text>I guess, our guys can help. No stupid folks at Freedom, and what we don't know about we can just ask around at the bunker place. Our enthusiasm to support scientific research is great! Talk to Loki at Yanov about this.</text>
  </string>
  <string id="about_quests_dialog_freedom_72">
    <text>We'd love to work with the smart guys, but they now have Duty guards. Showing up at the bunker now equals to asking for trouble specifically. Nothing good would come out of it.</text>
  </string>
  <string id="about_quests_dialog_freedom_8">
    <text>I found a strange artifact. Any hints on a potential buyer?</text>
  </string>
  <string id="about_quests_dialog_freedom_81">
    <text>Strange, you say? Look for some kind of collector, dude. But you won't find one near Yanov, not many stalkers here so no such traders. Look around in Zaton, it's quieter there.</text>
  </string>
  <string id="about_quests_dialog_freedom_83">
    <text>You know Beard? It's the stalker barman, back at Skadovsk in Zaton. He always buys artifacts, and at a good price, too. No matter what you say, even though he's not one of us, he's still a Real Wasteland Cool Dude.</text>
  </string>
  <string id="about_quests_dialog_freedom_9">
    <text>There is a bloodsucker lair nearby. What should we do?</text>
  </string>
  <string id="about_quests_dialog_freedom_91">
    <text>We've gotta tell free stalkers ASAP, dude, it's their territory here. I understand that there's unique life in the Zone and all that, but I like human mugs more, even in gasmasks.</text>
  </string>
  <string id="about_quests_dialog_freedom_98">
    <text>Okay, forget it.</text>
  </string>
  <string id="about_quests_dialog_stalkers_0">
    <text>Can you help me with something?</text>
  </string>
  <string id="about_quests_dialog_stalkers_1">
    <text>Ask away.</text>
  </string>
  <string id="about_quests_dialog_stalkers_10">
    <text>What do you think about Nimble?</text>
  </string>
  <string id="about_quests_dialog_stalkers_101">
    <text>Well, I've never had any dealings with him. Ask the people who are regulars on Skadovsk, brother.</text>
  </string>
  <string id="about_quests_dialog_stalkers_11">
    <text>Did you hear anything about the Oasis?</text>
  </string>
  <string id="about_quests_dialog_stalkers_111">
    <text>Oh, I've heard lots of different stuff! It's a legend, so every stalker thinks up something personal. And everyone knows the exact road to Oasis, and will help you find it. It's nice and dandy, but every place is different, and every place is in a fucked up place.</text>
  </string>
  <string id="about_quests_dialog_stalkers_112">
    <text>Well they say that any wound heals quickly there. Stamina is restored, no sickness... Imagine, there is no radiation sickness there! So if you get close to the center of the Zone... You get my drift, right? Only, hush, not a word to anyone!</text>
  </string>
  <string id="about_quests_dialog_stalkers_113">
    <text>I heard you can meet every Zone mutant there, and it won't harm you. Imagine that! Also, they say there is an artifact there, called the Heart of the Oasis. It's the reason it's so nice there, and nobody should take it. The one who takes it will be shunned, both in the Zone and out of it. Where is the Oasis, you ask? Well, dude, everyone knows that! In Pripyat, under the Ferris Wheel, where else?</text>
  </string>
  <string id="about_quests_dialog_stalkers_12">
    <text>Have you seen a stalker named Soroka?</text>
  </string>
  <string id="about_quests_dialog_stalkers_121">
    <text>Yeah, I've seen him. No idea where he is now, though.</text>
  </string>
  <string id="about_quests_dialog_stalkers_122">
    <text>Hmm... No, I've not seen him.</text>
  </string>
  <string id="about_quests_dialog_stalkers_13">
    <text>Do you know who could steal things from my personal stash?</text>
  </string>
  <string id="about_quests_dialog_stalkers_131">
    <text>Wow, what the shit! We've never had scum like that. Ask the regulars at Yanov, maybe they know.</text>
  </string>
  <string id="about_quests_dialog_stalkers_14">
    <text>Anybody here versed in deciphering?</text>
  </string>
  <string id="about_quests_dialog_stalkers_141">
    <text>Nitro at Yanov. He just loves poking around in electronic stuff! He even forgets about his weaponsmithing sometimes.</text>
  </string>
  <string id="about_quests_dialog_stalkers_143">
    <text>Listen, I don't know. Try asking around at Yanov. There should be some kind of pro at this there.</text>
  </string>
  <string id="about_quests_dialog_stalkers_15">
    <text>I have the duty smuggler's PDA. Who would be interested in it?</text>
  </string>
  <string id="about_quests_dialog_stalkers_151">
    <text>You know Owl at Skadovsk? I'd say he'd love getting his hands on such a PDA. He's... You know, he loves spicy stuff like that.</text>
  </string>
  <string id="about_quests_dialog_stalkers_152">
    <text>In Zaton, where Skadovsk is, there is this guy, Owl. He's an info dealer, your trophy's his specialty.</text>
  </string>
  <string id="about_quests_dialog_stalkers_16">
    <text>Where can I find tools around here?</text>
  </string>
  <string id="about_quests_dialog_stalkers_161">
    <text>A stalker told me that his dad worked at the substation even before the '86. He says there was a lot of equipment down there, and what kind of equipment would it be without some tools to fix it with? Of course, it's probably rusty already, but who knows, right?</text>
  </string>
  <string id="about_quests_dialog_stalkers_162">
    <text>You know the sawmill up on the hill? Logically speaking, there should be some tools there. There's only one problem: getting there is tricky. Even before you get there, you can smell it... the smell of trouble. And it's not because of anomalies or radiation, let me assure you.</text>
  </string>
  <string id="about_quests_dialog_stalkers_163">
    <text>There is this Jupiter factory here. There should be some tools there, of course. But I wouldn't go there myself, damn that place. Maybe the Jupiter warehouse, the one at the outskirts of the complex.</text>
  </string>
  <string id="about_quests_dialog_stalkers_164">
    <text>I heard you can find some technical stuff at Pripyat. And one of them is the old department store. You know how those places were in soviet times, right? So yeah, there maybe some tools in there.</text>
  </string>
  <string id="about_quests_dialog_stalkers_165">
    <text>How should I know? Look around in old workshops or stores, maybe you'll find something useful.</text>
  </string>
  <string id="about_quests_dialog_stalkers_166">
    <text>Frankly, the last place I've seen good tools was Sidorovich's basement in Cordon. Quality stuff, new and cheap.</text>
  </string>
  <string id="about_quests_dialog_stalkers_167">
    <text>You know, brother, I'd never think someone would need tools in the Zone. Honestly, why would you want some heavily irradiated hammers or saws?</text>
  </string>
  <string id="about_quests_dialog_stalkers_168">
    <text>Someone said that the old KBO has a lot of random stuff in it. Maybe there are tools there, why not? The one who gets there first, gets the spoils and can tell everyone else.</text>
  </string>
  <string id="about_quests_dialog_stalkers_169">
    <text>Tough question! You know, I'd search the old train car under the bridge. Why? Intuition!</text>
  </string>
  <string id="about_quests_dialog_stalkers_17">
    <text>Who can unlock the memory module?</text>
  </string>
  <string id="about_quests_dialog_stalkers_171">
    <text>Let me think... For that, definitely go to Yanov, ask Nitro. Maybe, Novikov too, he's the scientists' technician. He's a pro too, but a bit more expensive. I don't know the quality, but Nitro definitely takes less cash for his services.</text>
  </string>
  <string id="about_quests_dialog_stalkers_172">
    <text>This is more of a work for a technician, but the only one around here is Cardan. You understand that he's not the same after so many years of drinking, right? Go ask at Yanov, there are better technicians there.</text>
  </string>
  <string id="about_quests_dialog_stalkers_18">
    <text>Who could break open a steel container?</text>
  </string>
  <string id="about_quests_dialog_stalkers_181">
    <text>Cardan from Skadovsk, of course. He can cut off huge padlocks, so this is easy job for him.</text>
  </string>
  <string id="about_quests_dialog_stalkers_182">
    <text>Take this work to a technician. Nitro won't do this though, he doesn't like boring jobs.</text>
  </string>
  <string id="about_quests_dialog_stalkers_183">
    <text>Nice work, asking this in Pripyat! My advice: ask someone for a technician further away from the center of the Zone.</text>
  </string>
  <string id="about_quests_dialog_stalkers_19">
    <text>I am looking for a stalker named Snag. Do you know where you can find him?</text>
  </string>
  <string id="about_quests_dialog_stalkers_191">
    <text>Go ask Beard, the stalker barman at Skadovsk. He's usually knowledgeable of where the guys are wondering around.</text>
  </string>
  <string id="about_quests_dialog_stalkers_193">
    <text>Snag? No idea. Maybe someone at Zaton? He's usually there.</text>
  </string>
  <string id="about_quests_dialog_stalkers_2">
    <text>Do you know anything about the crashed helicopters?</text>
  </string>
  <string id="about_quests_dialog_stalkers_20">
    <text>Who would be interested in information about the founder of Duty?</text>
  </string>
  <string id="about_quests_dialog_stalkers_201">
    <text>Well, if I were you, I'd ask Owl at Skadovsk. He's an information dealer. He would be really interested in such stuff.</text>
  </string>
  <string id="about_quests_dialog_stalkers_21">
    <text>I've seen one. Didn't look like it was crashing, but it still had some problems. It was swinging around wildly until it landed on the plateau in the south of Zaton. Would be nice to find out if there are any survivors, but it is impossible to get there. However, they say that Noah, the guy at the psycho-barge, knows the road onto the plateau.</text>
  </string>
  <string id="about_quests_dialog_stalkers_22">
    <text>I've heard of a few crashed helicopters. Where exactly they crashed is a much discussed topic, but I clearly remember one of them. Looks like it landed on some kind of a reserve helipad that was minelaid by military long ago. How ironic, isn't it? That's why they say, don't dig a trap for others lest you want to fall in it yourself.</text>
  </string>
  <string id="about_quests_dialog_stalkers_23">
    <text>I've heard about it from one of my friends who went to the Iron Forest for some artifacts. So, he's entering the place, and suddenly, a huge crash! So he turns around and sees: a helicopter is charging right at him. Imagine a charging helicopter! So the friend was out of the place in what seemed like an instant, he didn't even hit an anomaly. Yeah. But if you wanna find the Iron Forest, that's pretty easy, you can see it from afar. Take heed though, tons of poltergeists up there.</text>
  </string>
  <string id="about_quests_dialog_stalkers_24">
    <text>Yeah, I heard that one of them landed on top of the southern plateau. But climbing it is another case, nobody knows how. People say, however, that Noah was up there. Maybe he really knows some kind of way?</text>
  </string>
  <string id="about_quests_dialog_stalkers_25">
    <text>No, didn't see it myself, but I heard that one helicopter crashed right on top of the factory. It's just that nobody wants to go there, too dangerous.</text>
  </string>
  <string id="about_quests_dialog_stalkers_26">
    <text>One stalker told me that he saw several military helicopters. Something happened to one of them: the engine began smoking, then ignited, and, well, the machine pummeled down. Somewhere right into the marsh, in the midst of all the anomalies. It's not hard getting there, the problem is the marsh itself - that's not the place for a sane man to be.</text>
  </string>
  <string id="about_quests_dialog_stalkers_3">
    <text>Have you seen any military nearby?</text>
  </string>
  <string id="about_quests_dialog_stalkers_30">
    <text>Who would be interested in the maps between Zaton and Jupiter?</text>
  </string>
  <string id="about_quests_dialog_stalkers_301">
    <text>Who-who - Navigator, obviously! He's always going to and fro between Skadovsk and Yanov. So he really needs them as a guide.</text>
  </string>
  <string id="about_quests_dialog_stalkers_302">
    <text>This doesn't look like either Zaton or Jupiter, does it? Ask around at that place. These maps around here are... well... toilet paper.</text>
  </string>
  <string id="about_quests_dialog_stalkers_31">
    <text>Didn't see it, but I heard a story. They say a few soldiers were climbing down the southern plateau, the one near the shit filter. How they got there, nobody knows. First they tried doing it the proper way, with ropes and all, but then just gave up and slid down on their asses. Bobsleigh, man!</text>
  </string>
  <string id="about_quests_dialog_stalkers_32">
    <text>I've heard at Skadovsk that someone's seen a squad of soldiers. They were exiting the tunnel near the marsh. Dirty from top to toe, one of them looked almost like a marsh bloodsucker.</text>
  </string>
  <string id="about_quests_dialog_stalkers_33">
    <text>Not me personally, but one bro said that some soldiers were fighting the mercs near the recycling station. The bro said that when he found a nice place to observe it from, it was over already. The soldiers disappeared without a trace. What's strange is that there was a hail of bullets from both sides, but not a single body.</text>
  </string>
  <string id="about_quests_dialog_stalkers_34">
    <text>Someone saw ten or so soldiers at Noah's barge. And since he's been seen around after that, it means they agreed on something. Of course, nobody wants to talk to Noah, that guy's batshit.</text>
  </string>
  <string id="about_quests_dialog_stalkers_35">
    <text>Yeah, I've seen, no, rather heard something explode at night. After that they said at Yanov that they saw a body of a soldier at the old minefield. Further behind was an abandoned military helicopter. Looks like soldiers didn't see where they crash in the dark and just tried going straight out. Nobody knows how many survived the minefield. Of course, that dead guy wasn't alone in the helicopter.</text>
  </string>
  <string id="about_quests_dialog_stalkers_36">
    <text>Not that I've seen, and not that they were military... But they say the science team has accepted a soldier into their bunker. Garik found him at the entrance to the SAM. You know, of course, that there are only zombies there, so that soldier now owes his life to Garik.</text>
  </string>
  <string id="about_quests_dialog_stalkers_37">
    <text>No, but... They say, near "Volkhov" one was spotted. I don't believe that, myself. I think they're lying, and if not, they cannot discern a soldier from a zombie.</text>
  </string>
  <string id="about_quests_dialog_stalkers_38">
    <text>Military? Well, yeah, someone's been mumbling something about a military squad led by a stalker somewhere near Jupiter. But I didn't listen too much.</text>
  </string>
  <string id="about_quests_dialog_stalkers_4">
    <text>Do you know how to get to Pripyat?</text>
  </string>
  <string id="about_quests_dialog_stalkers_40">
    <text>Who can I hire to protect the scientists?</text>
  </string>
  <string id="about_quests_dialog_stalkers_401">
    <text>You know Spartacus' squad, the guys at Zaton? I think they are both good guys and good fighters; they've repelled many a bandit. I'd say they'd love the idea of working for scientists.</text>
  </string>
  <string id="about_quests_dialog_stalkers_402">
    <text>You heard of Hatchet's squad? They're the guys at Zaton, near the substation. Of course, like any mercs, those guys are rather pretentious, but at least they have the audacity of ask before shooting. I'd say that if you managed to talk them into this job, both stalkers and scientists would be happy. A good decision no matter how you look at it!</text>
  </string>
  <string id="about_quests_dialog_stalkers_403">
    <text>Uh, hm. I can't think of anyone right now.</text>
  </string>
  <string id="about_quests_dialog_stalkers_41">
    <text>Here's what I know for sure, there is no way to get there from Zaton. Everyone who wants to get to Pripyat went to Jupiter. So ask there.</text>
  </string>
  <string id="about_quests_dialog_stalkers_42">
    <text>Well, there are rumors going about that there are some kind of tunnels under Jupiter, and they go all the way to the city. Of course, such things are usually proclaimed after 2-3 glasses, and besides, there are all kinds of things at Jupiter. In short, nobody wants to go there.</text>
  </string>
  <string id="about_quests_dialog_stalkers_43">
    <text>Listen, man, how would I know? You can as well ask me about the artifact mother lode. Here's my suggestion: find a guide and ask him. Navigator, for example! If there's anyone who knows the way, it must be him.</text>
  </string>
  <string id="about_quests_dialog_stalkers_44">
    <text>Heh, if I knew how to get to Pripyat, I wouldn't be sitting here, discussing this with ya, now would I? Why d'you think I got to the center of the Zone in the first place? There's a ton of artifacts at Pripyat, bro! The one who gets there first gets all the spoils!</text>
  </string>
  <string id="about_quests_dialog_stalkers_5">
    <text>Could you hint me at who would want to go to Pripyat?</text>
  </string>
  <string id="about_quests_dialog_stalkers_51">
    <text>I doubt you'll find anyone like that here. Everyone who wants to get as close to the center of the Zone as possible are at Jupiter.</text>
  </string>
  <string id="about_quests_dialog_stalkers_52">
    <text>Did you hear about that soldier who joined the scientists? Kind of funny, huh. I don't think he intends sitting on his ass in that bunker all day, though. The scientists don't need him, they're self-sufficient. And it's impossible getting to Cordon and the military outposts on foot alone. Seems like he's in a pinch, so I'd guess he would be interested in getting to Pripyat.</text>
  </string>
  <string id="about_quests_dialog_stalkers_53">
    <text>You know Vano from Yanov? He's a good guy and a trustworthy comrade, but he's very naive. He's the kind that would be best off in a place with tons of anomalies but few people. The Zone loves and shelters him, but you know of the assholes this place houses - he'll get robbed in no time.</text>
  </string>
  <string id="about_quests_dialog_stalkers_54">
    <text>Well, they say that south of the SAM, near the dry lake, a squad was spotted. What's more, those aren't some stalkers, freedomers or dutyers. No, they are monolithians! So think about it: they're the perfect candidates to visiting the middle of the Zone... Hahaha! Hey, man, you think I'm serious? I'm just fucking with you. Dealing with monolithians... No thanks.</text>
  </string>
  <string id="about_quests_dialog_stalkers_55">
    <text>Did you hear about Rogue? Did you SEE his sour mug? He's the leader of the new squad of freedomers. I bet he's bored his fucking brains out around here. He's the prime candidate for visiting Pripyat.</text>
  </string>
  <string id="about_quests_dialog_stalkers_56">
    <text>Did you hear about Rogue? Did you SEE his sour mug? He's the leader of the new squad of dutyers. I bet he's bored his fucking brains out around here. He's the prime candidate for visiting Pripyat.</text>
  </string>
  <string id="about_quests_dialog_stalkers_57">
    <text>Hmm, no, can't think of anyone.</text>
  </string>
  <string id="about_quests_dialog_stalkers_6">
    <text>I found a strange gun. Who might know something about it?</text>
  </string>
  <string id="about_quests_dialog_stalkers_62">
    <text>Hell if I know. Try asking mechanics, maybe they do.</text>
  </string>
  <string id="about_quests_dialog_stalkers_63">
    <text>Ask Cardan at Skadovsk. He's a weapons master, after all.</text>
  </string>
  <string id="about_quests_dialog_stalkers_7">
    <text>Do you know who can conduct measurements for the scientists?</text>
  </string>
  <string id="about_quests_dialog_stalkers_71">
    <text>You know Gonta the hunter? As I see it, he won't be opposed to working with scientists. Of course, in case of mutant attacks, those guys know what to do.</text>
  </string>
  <string id="about_quests_dialog_stalkers_72">
    <text>You heard about Bear, Torba and Mityay, the stalkers at Yanov? They are a goddamn fine trio. I'd say they're fit for the job - of course, unless Mityay has gotten himself into some trouble again.</text>
  </string>
  <string id="about_quests_dialog_stalkers_73">
    <text>No fucking idea. Everybody's got their own problems.</text>
  </string>
  <string id="about_quests_dialog_stalkers_8">
    <text>I found a strange artifact. Any hints on a potential buyer?</text>
  </string>
  <string id="about_quests_dialog_stalkers_81">
    <text>Nah, I don't know. Don't think anyone around here's interested. People at Yanov like trading stuff they trust. Try asking around at Zaton, they're closer to the perimeter, after all.</text>
  </string>
  <string id="about_quests_dialog_stalkers_83">
    <text>I'd show it to Beard, that's what I would do. He's the barman at Skadovsk. They say Beard's got some fine clients, like collectors or some shit. Those guys want it the weirder the better.</text>
  </string>
  <string id="about_quests_dialog_stalkers_9">
    <text>There is a bloodsucker lair nearby. What should we do?</text>
  </string>
  <string id="about_quests_dialog_stalkers_91">
    <text>Wow! This should be urgently reported to Beard at Skadovsk. Only 2 ways here: either we deal with them quickly, or we're their meal.</text>
  </string>
  <string id="about_quests_dialog_stalkers_98">
    <text>Okay, forget it.</text>
  </string>
  <string id="about_skadovsk_dialog_bandit_0">
    <text>Where is the nearest stalker encampment?</text>
  </string>
  <string id="about_skadovsk_dialog_bandit_1">
    <text>Oh wow, you card! Oh, don't worry, I'm crackin' a joke. Alright, so the nearest place is Skadovsk. Let me give you coordinates, for you no charge since you are a bro.</text>
  </string>
  <string id="about_skadovsk_dialog_stalkers_0">
    <text>Where is the nearest stalker encampment?</text>
  </string>
  <string id="about_skadovsk_dialog_stalkers_1">
    <text>Let's see... Here, take a look at your PDA. This old ship right here is Skadovsk. It's the only proper encampment around here.</text>
  </string>
  <string id="actor_break_dialog_2">
    <text>See you.</text>
  </string>
  <string id="about_quests_dialog_stalkers_27">
    <text>Yeah, I heard that a few fell around here. I don't know the details though, no time to listen to small talk.</text>
  </string>
  <string id="about_quests_dialog_stalkers_28">
    <text>Oh man, falling helicopters is just what I need. Leave it to those who care about them, I have my own problems.</text>
  </string>
  <string id="about_quests_dialog_bandit_27">
    <text>Bro, what the hell, what helicopters? Those that come out after the second bottle - yeah, those are a fact. But those that fly around the skies - that's like a myth for us, kapisch?</text>
  </string>
  <string id="about_quests_dialog_freedom_27">
    <text>Huh? Nah, I don't care about such stuff.</text>
  </string>
  <string id="about_quests_dialog_dolg_27">
    <text>Well, our patrol observed descending helicopters, but the details were reported to the Lt-Colonel personally. So it's not my business - the commander's the one who's got his head hurting about this.</text>
  </string>
  <string id="about_quests_dialog_bandit_50">
    <text>Where can I get a suit with a closed-circuit breathing apparatus?</text>
  </string>
  <string id="about_quests_dialog_bandit_501">
    <text>Well, get it - do not get it, but you can buy anything provided enough dough, if you know where. Try talking to Nimble. He'll get you some proper equipment.</text>
  </string>
  <string id="about_quests_dialog_bandit_502">
    <text>No idea. We're not locals around here, ya know. Ask at Zaton, they've got some contacts with the outside world.</text>
  </string>
  <string id="about_quests_dialog_bandit_503">
    <text>No idea. What, you thought of checking out some anomalies? If you get any artifacts, contact us, we'll take care of them, hehehehe!</text>
  </string>
  <string id="about_quests_dialog_dolg_50">
    <text>Where can I get a suit with a closed-circuit breathing apparatus?</text>
  </string>
  <string id="about_quests_dialog_dolg_501">
    <text>How should I know? But wait, there is this one guy at Skadovsk; they say he'll get you anything you want. Name's Nimble, he's usually on the top deck.</text>
  </string>
  <string id="about_quests_dialog_dolg_502">
    <text>Impossible to get around here, ask at Zaton. They live closer to the civilized lands, you know.</text>
  </string>
  <string id="about_quests_dialog_dolg_503">
    <text>I have no idea where to look for one... Even we, Dutyers, see those rarely. They are the privilege of the members who have show outstanding properties, or of those who wade into anomalously active areas.</text>
  </string>
  <string id="about_quests_dialog_freedom_50">
    <text>Where can I get a suit with a closed-circuit breathing apparatus?</text>
  </string>
  <string id="about_quests_dialog_freedom_501">
    <text>I've heard some stuff from the loners, they say there's this guy, Nimble, who can get almost anything you want. Well, you know, weapons, armor, etc. Not weed, no. He's usually at Skadovsk, so ask him.</text>
  </string>
  <string id="about_quests_dialog_freedom_502">
    <text>Tough question, man... We at Freedom don't usually use those. I'd ask stalkers at Zaton. I think I heard there's someone there who can fix it up.</text>
  </string>
  <string id="about_quests_dialog_freedom_503">
    <text>Ha, dude, but why d'you need one? Useless in battle, completely shit. Well... Yeah, if you think about it, there is some use for it. Weed smoke doesn't go away, and the sun's not as blinding. Need to get me one of those, but where...</text>
  </string>
  <string id="about_quests_dialog_stalkers_50">
    <text>Where can I get a suit with a closed-circuit breathing apparatus?</text>
  </string>
  <string id="about_quests_dialog_stalkers_501">
    <text>Well, I guess, Nimble should have one. He's on the third floor of Skadovsk. He can even find you a demon if you need one. Although he does have some quite high prices.</text>
  </string>
  <string id="about_quests_dialog_stalkers_502">
    <text>Let me think... There seems to be a man at Zaton, name's Nimble. Try finding him. Rumors say he's the man for exclusive wares.</text>
  </string>
  <string id="about_quests_dialog_stalkers_503">
    <text>Yeah man, nice question, like they give out those by talons. Fuck if I know. Such stuff is rare here in the Zone, those who get it don't give it up.</text>
  </string>
  <string id="actor_break_dialog_3">
    <text>Bye.</text>
  </string>
  <string id="actor_break_dialog_1">
    <text>Good Bye.</text>
  </string>
  <string id="actor_break_dialog_0">
    <text>See you.</text>
  </string>
</string_table>