<?xml version="1.0" encoding="windows-1251"?>
<string_table>
  <string id="ammo-11.43x23-fmj">
    <text>.45 ACP</text>
  </string>
  <string id="ammo-11.43x23-fmj_descr">
    <text>A standard .45 round with a standard core and a full-jacketed bullet.</text>
  </string>
  <string id="ammo-11.43x23-fmj_s">
    <text>.45 ACP</text>
  </string>
  <string id="ammo-11.43x23-hydro">
    <text>.45 ACP Hydro-Shock</text>
  </string>
  <string id="ammo-11.43x23-hydro_descr">
    <text>A Hydro-Shock round with improved characteristics from .45 ACP. It has a hollow-point bullet with a good stopping effect.</text>
  </string>
  <string id="ammo-11.43x23-hydro_s">
    <text>.45 Hydro</text>
  </string>
  <string id="ammo-12x70-buck">
    <text>12x70 Buckshot</text>
  </string>
  <string id="ammo-12x70-buck_descr">
    <text>A 12 gauge shell filled with 6mm lead shot. Designed to spread in flight, encompassing a larger area than slugs or darts. Common ammunition good for killing the many mutants of the Zone.</text>
  </string>
  <string id="ammo-12x70-buck_s">
    <text>12x70 Shot</text>
  </string>
  <string id="ammo-12x76-zhekan">
    <text>12x76 Slug</text>
  </string>
  <string id="ammo-12x76-zhekan_descr">
    <text>This 12 caliber slug was made for hunting large animals, with excellent stopping power and an armor piercing effect.</text>
  </string>
  <string id="ammo-12x76-zhekan_s">
    <text>12x76 Slug</text>
  </string>
  <string id="ammo-5.45x39-ap">
    <text>5.45x39mm AP</text>
  </string>
  <string id="ammo-5.45x39-ap_descr">
    <text>Used in assault rifles from the Warsaw Pact era. Its carbide core produces an armor piercing effect.</text>
  </string>
  <string id="ammo-5.45x39-ap_s">
    <text>5.45x39 AP</text>
  </string>
  <string id="ammo-5.45x39-fmj">
    <text>5.45x39mm</text>
  </string>
  <string id="ammo-5.45x39-fmj_descr">
    <text>Used in assault rifles from the Warsaw Pact era. This ammunition provides a nice reduction in recoil and an increase in range that is comparable to the 7.62mm.</text>
  </string>
  <string id="ammo-5.45x39-fmj_s">
    <text>5.45x39</text>
  </string>
  <string id="ammo-5.56x45-ap">
    <text>5.56x45mm AP</text>
  </string>
  <string id="ammo-5.56x45-ap_descr">
    <text>This NATO 5.56 ammo has a very high piercing ability. While typically used in small arms, it is quite effective against body armor.</text>
  </string>
  <string id="ammo-5.56x45-ap_s">
    <text>5.56x45 AP</text>
  </string>
  <string id="ammo-5.56x45-ss190">
    <text>5.56x45mm</text>
  </string>
  <string id="ammo-5.56x45-ss190_descr">
    <text>This NATO cartridge, known as SS109, has quite the ballistic impact.</text>
  </string>
  <string id="ammo-5.56x45-ss190_s">
    <text>5.56x45</text>
  </string>
  <string id="ammo-7.62x54-7h14">
    <text>7.62x54mm 7N1</text>
  </string>
  <string id="ammo-7.62x54-7h14_descr">
    <text>This 7.62mm sniper cartridge, filled with bullets equipped with a steel core, has a much-improved ballistic and piercing ability compared to the standard 7.62mm.</text>
  </string>
  <string id="ammo-7.62x54-7h14_s">
    <text>7.62x54 7N1</text>
  </string>
  <string id="ammo-7.62x54-ap">
    <text>7.62x54mm 7N13</text>
  </string>
  <string id="ammo-7.62x54-ap_descr">
    <text>Standard 7.62 rounds.</text>
  </string>
  <string id="ammo-7.62x54-ap_s">
    <text>7.62x54 7N13</text>
  </string>
  <string id="ammo-9x18-fmj">
    <text>9x18mm</text>
  </string>
  <string id="ammo-9x18-fmj_descr">
    <text>This cartridge, with its steel core and lead-cover, has good stopping power, but it is quite ineffective against body armor.</text>
  </string>
  <string id="ammo-9x18-fmj_s">
    <text>9x18</text>
  </string>
  <string id="ammo-9x18-pmm">
    <text>9x18mm +P+</text>
  </string>
  <string id="ammo-9x18-pmm_descr">
    <text>Bullets with more stopping power. The designation +P+ indicates a hot load, resulting in more pressure in the firing chamber, resulting in increased muzzle velocity and increase wear on the weapon. They have about a third more gunpowder. Not effective against armored foes.</text>
  </string>
  <string id="ammo-9x18-pmm_s">
    <text>9x18 +P+</text>
  </string>
  <string id="ammo-9x19-fmj">
    <text>9x19mm FMJ</text>
  </string>
  <string id="ammo-9x19-fmj_descr">
    <text>This cheap 9x19mm bullet with a full metal jacket is widely distributed. It is ineffective against body armor.</text>
  </string>
  <string id="ammo-9x19-fmj_s">
    <text>9x19 FMJ</text>
  </string>
  <string id="ammo-9x19-pbp">
    <text>9x19mm JHP</text>
  </string>
  <string id="ammo-9x19-pbp_descr">
    <text>Used in police and civilian self-defense weapons, this ammo has good stopping action and is not prone to bounce. It is ineffective against body armor.</text>
  </string>
  <string id="ammo-9x19-pbp_s">
    <text>9x19 JHP</text>
  </string>
  <string id="ammo-9x39-ap">
    <text>9x39mm SP-6</text>
  </string>
  <string id="ammo-9x39-ap_descr">
    <text>This cartridge of SP-6 ammo is equipped with a bullet containing a partially open core of hardened steel. It is quite loud and requires a suppressor for quiet shooting. It has a good armor piercing effect.</text>
  </string>
  <string id="ammo-9x39-ap_s">
    <text>9x39 SP-6</text>
  </string>
  <string id="ammo-9x39-pab9">
    <text>9x39mm SP-5</text>
  </string>
  <string id="ammo-9x39-pab9_descr">
    <text>This bi-metallic shelled sniper cartridge is quite loud. Behind the steel core is lead. For quiet shots, you will need a suppressor.</text>
  </string>
  <string id="ammo-9x39-pab9_s">
    <text>9x39mm SP-5</text>
  </string>
  <string id="ammo-gauss">
    <text>Gauss Cell</text>
  </string>
  <string id="ammo-m209">
    <text>Grenade for M203</text>
  </string>
  <string id="ammo-m209_descr">
    <text>This M203 grenade shell has an explosion zone of about 5 meters. It can be also used in the FN F2000.</text>
  </string>
  <string id="ammo-m209_s">
    <text>M203</text>
  </string>
  <string id="ammo-og-7b">
    <text>OG-7V</text>
  </string>
  <string id="ammo-og-7b_descr">
    <text>An anti-personnel grenade. With a RPG-7V, you can launch to distances much farther than what you would throw to with your hands.</text>
  </string>
  <string id="ammo-og-7b_s">
    <text>OG-7V</text>
  </string>
  <string id="ammo-vog-25">
    <text>VOG-25 grenade</text>
  </string>
  <string id="ammo-vog-25_descr">
    <text>This grenade, usable in the GP-25, OTs-14 Groza, and the RG-6, has a blast radius of 5 meters.</text>
  </string>
  <string id="ammo-vog-25_s">
    <text>VOG-25</text>
  </string>
  <string id="st_addon_scope">
    <text>PSO-1M2</text>
  </string>
  <string id="st_addon_scope_descr">
    <text>This widespread optical sight has a 5x magnification. Installs on weapons using the standard dovetail mount.</text>
  </string>
  <string id="st_addon_scope_detector">
    <text>MSS-2x</text>
  </string>
  <string id="st_addon_scope_detector_descr">
    <text>This scope has thermal imaging capability and magnification up to 5x. The scope can be mounted on a weapon using the dovetail mount used by the Warsaw Pact countries.</text>
  </string>
  <string id="st_addon_scope_night_vision">
    <text>NSPU-3</text>
  </string>
  <string id="st_addon_scope_night_vision_descr">
    <text>Night vision sight with a fixed magnification of 5x. Designed for combat in the dark. The scope can be mounted on a weapon using the dovetail mount used by the Warsaw Pact countries.</text>
  </string>
  <string id="st_addon_scope_susat">
    <text>SUSAT 4x</text>
  </string>
  <string id="st_addon_scope_susat_custom_descr">
    <text>Adjustable sight with an adjustable magnification of 1.6x to 4x. It can be attached to a standard NATO mount, also called the Picatinny rail.</text>
  </string>
  <string id="st_addon_scope_susat_descr">
    <text>Optical sight with a fixed magnification of 4x. Most commonly used on small arms and light weapons firing from medium to large distances. It can be attached to a standard NATO mount, also called the Picatinny rail.</text>
  </string>
  <string id="st_addon_scope_susat_dusk">
    <text>SUSAT 1.6x (dusk)</text>
  </string>
  <string id="st_addon_scope_susat_dusk_descr">
    <text>A 1.6x scope produced in the NATO countries. Designed for combat at dusk. It can be attached to a standard NATO mount, also called the Picatinny rail.</text>
  </string>
  <string id="st_addon_scope_susat_night_vision">
    <text>SUSAT 4x (night)</text>
  </string>
  <string id="st_addon_scope_susat_night_vision_descr">
    <text>Designed for shots into the dark, this scope has built in night vision. With a magnification of 4x, picking off enemies at long range shouldn't be a problem. It can be attached to a standard NATO mount, also called the Picatinny rail.</text>
  </string>
  <string id="st_addon_scope_susat_x1.6">
    <text>SUSAT 1.6x</text>
  </string>
  <string id="st_addon_scope_susat_x1.6_descr">
    <text>With a low magnification of 1.6x, this scope is designed for small to medium range shoot outs. The scope can be mounted on a weapon using the dovetail mount used by the Warsaw Pact countries.</text>
  </string>
  <string id="st_addon_scope_x2.7">
    <text>PSU-1</text>
  </string>
  <string id="st_addon_scope_x2.7_descr">
    <text>Optical sight fixed at 2.7x. Optimized for fighting at medium ranges, as well as for use in urban conditions. The scope can be mounted on a weapon using the dovetail mount used by the Warsaw Pact countries.</text>
  </string>
  <string id="st_addon_silencer">
    <text>Suppressor</text>
  </string>
  <string id="st_addon_silencer_descr">
    <text>Designed to mask the flame and sound of a weapon firing.</text>
  </string>
  <string id="st_grenade_f1">
    <text>F1 Grenade</text>
  </string>
  <string id="st_grenade_f1_descr">
    <text>Hand grenades. The shrapnel can penetrate the average bulletproof vest. Has a range of up to 7m.</text>
  </string>
  <string id="st_grenade_launcher">
    <text>GP-25</text>
  </string>
  <string id="st_grenade_launcher_descr">
    <text>A grenade launcher for the AK-74M and AKS-74U. Uses VOG-25.</text>
  </string>
  <string id="st_grenade_launcher_m203">
    <text>M203</text>
  </string>
  <string id="st_grenade_launcher_m203_descr">
    <text>Modification of single-shot grenade launcher M203 with a shortened three-inch barrel. It can be attached to a standard NATO mount, also called the Picatinny rail. Due to a change mounting, this model has found very wide application throughout the world.</text>
  </string>
  <string id="st_grenade_rgd5">
    <text>RGD-5 grenade</text>
  </string>
  <string id="st_grenade_rgd5_descr">
    <text>Hand grenade with a small shrapnel burst of about 5 meters.</text>
  </string>
  <string id="st_grenade_smoke">
    <text>Smoke Grenade</text>
  </string>
  <string id="st_grenade_smoke_descr">
    <text>Smoke hand grenade. Forms a veil of smoke in about 10 seconds.</text>
  </string>
  <string id="st_knife">
    <text>Knife</text>
  </string>
  <string id="st_wpn_abakan">
    <text>AN-94 Abakan</text>
  </string>
  <string id="st_wpn_ak74">
    <text>AK-74M</text>
  </string>
  <string id="st_wpn_ak74u">
    <text>AKS-74U</text>
  </string>
  <string id="st_wpn_beretta">
    <text>Beretta M1915</text>
  </string>
  <string id="st_wpn_bm16">
    <text>Sawn-off BM-16</text>
  </string>
  <string id="st_wpn_bm16_descr">
    <text>A conventional, but lightweight and compact shotgun. One of the most common types of weapons used by bandits as it's suitable for concealed carrying and is very effective in close combat.</text>
  </string>
  <string id="st_wpn_colt1911">
    <text>Colt 1911</text>
  </string>
  <string id="st_wpn_desert_eagle_nimble">
    <text>DEAGLE BRAND DEAGLE</text>
  </string>
  <string id="st_wpn_desert_eagle_nimble_descr">
    <text>Based on the classic Desert Eagle design, this unique weapon offers accuracy of a sniper rifle and power of the M-16.</text>
  </string>
  <string id="st_wpn_eagle">
    <text>Desert Eagle</text>
  </string>
  <string id="st_wpn_fn2000">
    <text>FN F2000</text>
  </string>
  <string id="st_wpn_fort">
    <text>Fort-12</text>
  </string>
  <string id="st_wpn_g36">
    <text>HK G36KE</text>
  </string>
  <string id="st_wpn_gauss">
    <text>Gauss Cannon</text>
  </string>
  <string id="st_wpn_groza">
    <text>OTs-14 Groza</text>
  </string>
  <string id="st_wpn_groza_descr">
    <text>An assault rifle combined with a grenade launcher. It is a very good type of assault rifle for the Zone conditions: it is compact, reliable, but universal and powerful. It is one of the favorite rifles of the military stalkers.</text>
  </string>
  <string id="st_wpn_groza_nimble">
    <text>Storm</text>
  </string>
  <string id="st_wpn_groza_nimble_descr">
    <text>With a prototype-automatic grenade launcher system, this is Russia's modification of the standard OTs-14 Groza, created specifically for Special Forces operating in the Zone.</text>
  </string>
  <string id="st_wpn_hpsa">
    <text>FN Browning Hi-Power</text>
  </string>
  <string id="st_wpn_hpsa_descr">
    <text>Modified pistol from the first half of the twentieth century. Despite its age, it remains quite popular.</text>
  </string>
  <string id="st_wpn_l85">
    <text>L85A2</text>
  </string>
  <string id="st_wpn_lr300">
    <text>LR-300-ML</text>
  </string>
  <string id="st_wpn_mp5">
    <text>HK MP-5</text>
  </string>
  <string id="st_wpn_mp5_descr">
    <text>This submachine gun is very popular due to its reliability, ease of use, and great accuracy. It has been adopted by the armies and police units of many countries. After its appearance on the black market, it has made its way to the Zone.</text>
  </string>
  <string id="st_wpn_mp5_nimble">
    <text>Frazer</text>
  </string>
  <string id="st_wpn_mp5_nimble_descr">
    <text>Experimental submachine gun, based on the HK MP-5. The aim of its creators was a weapon for the new generation: Heavy and rapid-fire, but at the same time accurate.</text>
  </string>
  <string id="st_wpn_pb">
    <text>PB / 6P9</text>
  </string>
  <string id="st_wpn_pkm_zulus">
    <text>Zulu's PKM</text>
  </string>
  <string id="st_wpn_pkm_zulus_descr">
    <text>This gun belonged to Zulu. The modifications to this piece were to increase the capacity for cartridges and an especially robustly designed retracting mechanism. Modifications increased the mass of the weapon, although for the previous owner it wasn't a problem.</text>
  </string>
  <string id="st_wpn_pm">
    <text>PMM</text>
  </string>
  <string id="st_wpn_pm_actor">
    <text>Ceremonial Makarov</text>
  </string>
  <string id="st_wpn_pm_actor_descr">
    <text>The engraving reads: "For the successful completion of high-risk assignments and for displaying valor and courage".</text>
  </string>
  <string id="st_wpn_protecta">
    <text>Armsel Striker</text>
  </string>
  <string id="st_wpn_rg6">
    <text>RG-6</text>
  </string>
  <string id="st_wpn_rg6_descr">
    <text>Revolver style grenade launcher. The chamber drum is formed with 6 barrels. Designed to combat the enemies in bunkers, it is also useful in an attack on a well-guarded facility or in battle with a particularly tenacious creature.</text>
  </string>
  <string id="st_wpn_rp">
    <text>PKM</text>
  </string>
  <string id="st_wpn_rp_descr">
    <text>Has a manually modified belt feed. Despite its weight and poor accuracy, it is used fairly widely in The Zone. It is primarily used to suppress enemies superior in numbers and sweep out mutants.</text>
  </string>
  <string id="st_wpn_rpg7">
    <text>RPG-7V</text>
  </string>
  <string id="st_wpn_sig220">
    <text>SIG-Sauer P220</text>
  </string>
  <string id="st_wpn_sig220_nimble">
    <text>Alpiets</text>
  </string>
  <string id="st_wpn_sig220_nimble_descr">
    <text>Unique model of the SIG P220. It was released to a small party for use in an unknown riot. This modification is characterized by increased magazine capacity, barrel made of a strong steel, and polymer casing trunk.</text>
  </string>
  <string id="st_wpn_sig550">
    <text>SIG SG 550</text>
  </string>
  <string id="st_wpn_sig550_descr">
    <text>Representative of the new family of assault rifles. With its high reliability and accuracy it is one of the best examples of this class of weapon. In the Zone it is found infrequently and is a bit expensive. Usually it is specially bought by experienced stalkers.</text>
  </string>
  <string id="st_wpn_sig550_strelok">
    <text>Strelok's SIG SG 550</text>
  </string>
  <string id="st_wpn_sig550_strelok_descr">
    <text>An assault rifle that was obviously not released yesterday. Clearly shows that the previous owner handled his weapons carefully. The rifle is fully enumerated and its parts carefully fitted to each other, allowing a modest increase in stopping power. At the butt it has, neatly carved, the letter "S" and 16 small crosses.</text>
  </string>
  <string id="st_wpn_spas12">
    <text>SPAS-12</text>
  </string>
  <string id="st_wpn_spas12_m2">
    <text>SPAS-12 M2</text>
  </string>
  <string id="st_wpn_spas12_m2_descr">
    <text>Produced only in Duty workshops, this 12 gauge shotgun is designed for dealing with large groups of monsters. Finished feed unit of cartridge ensures a high rate of fire and magazine capacity is increased to 10 cartridges.</text>
  </string>
  <string id="st_wpn_spas12_nimble">
    <text>Carabineer</text>
  </string>
  <string id="st_wpn_spas12_nimble_descr">
    <text>Based on the SPAS-12. Like its predecessor, the weapon provides automatic fire, but much more efficiently.</text>
  </string>
  <string id="st_wpn_svd">
    <text>SVD</text>
  </string>
  <string id="st_wpn_svd_descr">
    <text>This rifle was widely used in all operations of the Soviet and Russian armies since 1960. It proved itself an exceptionally reliable and handy weapon. In the Zone it is preferred by the experienced stalkers of the Duty faction which hunt mutants.</text>
  </string>
  <string id="st_wpn_svd_nimble">
    <text>Lynx</text>
  </string>
  <string id="st_wpn_svd_nimble_descr">
    <text>While it looks no different, this model has improved accuracy and power over the standard SVD.</text>
  </string>
  <string id="st_wpn_svu">
    <text>SVU</text>
  </string>
  <string id="st_wpn_svu_nimble">
    <text>SVU-AS</text>
  </string>
  <string id="st_wpn_svu_nimble_descr">
    <text>A sniper rifle with an increased rate of fire, further developing on the SVU. Previously belonged to Max, the legendary leader of the group Freedom.</text>
  </string>
  <string id="st_wpn_toz34">
    <text>TOZ-34</text>
  </string>
  <string id="st_wpn_toz34_descr">
    <text>A widespread hunting rifle with sufficient accuracy and good stopping action, provides better protection against mutants than the standard pistol. Very cheap and affordable compared to most weapons, so it is actively used by novices and bandits on the outskirts of the Zone.</text>
  </string>
  <string id="st_wpn_umirotvoritel">
    <text>Unknown weapon</text>
  </string>
  <string id="st_wpn_umirotvoritel_descr">
    <text>It is unknown what this weapon does. Pressing the trigger does nothing.</text>
  </string>
  <string id="st_wpn_usp">
    <text>HK USP Compact</text>
  </string>
  <string id="st_wpn_usp_descr">
    <text>A reliable weapon. As a quality compact close-range weapon, it is very popular among the Zone veterans.</text>
  </string>
  <string id="st_wpn_usp_nimble">
    <text>March</text>
  </string>
  <string id="st_wpn_usp_nimble_descr">
    <text>A compact, high-caliber pistol with a short slide and light trigger. According to rumors, this weapon once belonged to a mercenary nicknamed Wolfhound. Supposedly, it is a modification of the HK USP Compact.</text>
  </string>
  <string id="st_wpn_val">
    <text>AS Val</text>
  </string>
  <string id="st_wpn_vintorez">
    <text>VSS Vintorez</text>
  </string>
  <string id="st_wpn_vintorez_descr">
    <text>A special sniper rifle designed for noiseless and flameless sniper fire and equipped with an integrated silencer. It can pierce any bulletproof vest at a range of 400 meters. It is a weapon highly valued by stalkers of any level.</text>
  </string>
  <string id="st_wpn_vintorez_nimble">
    <text>Surf</text>
  </string>
  <string id="st_wpn_vintorez_nimble_descr">
    <text>Based off the silent VSS Vintorez, this weapon designed for the Special Forces has a reduced rate of fire and an increased lethality.</text>
  </string>
  <string id="st_wpn_walther">
    <text>Walther P99</text>
  </string>
  <string id="st_wpn_wincheaster1300">
    <text>Winchester 1300</text>
  </string>
  <string id="st_wpn_wincheaster1300_descr">
    <text>A smoothbore pump-action shotgun made for use in the most hostile environment. It is very reliable. All its details are covered with anticorrosive coating.</text>
  </string>
  <string id="st_wpn_wincheaster1300_trapper">
    <text>Preved</text>
  </string>
  <string id="st_wpn_wincheaster1300_trapper_descr">
    <text>The former property of Huntsman. The main upgrade of this weapon over a Winchester 1300 is increased accuracy and firepower.</text>
  </string>
  <string id="ammo-gauss_cardan">
    <text>Handicraft Gauss Cell</text>
  </string>
  <string id="st_addon_scope_susat_custom">
    <text>SUSAT "Measure"</text>
  </string>
  <string id="st_wpn_abakan_descr">
    <text>This modern machine gun was designed to replace the aging AK-74M. One of the main features is its ability to fire bursts of two rounds with high accuracy (at a distance of hundred meters of the two bullets fall into one point). This greatly increases the chances of hitting a target with both bullets giving added stopping power.</text>
  </string>
  <string id="st_wpn_ak74_descr">
    <text>Assault rifle designed in 1974, heralding the switch to a smaller standard caliber in the Warsaw pact nations. The massive compensator can further reduce the originally not too high recoil, which positively affects the precision and accuracy in all modes of fire. In addition, it is a simple and reliable weapon.</text>
  </string>
  <string id="st_wpn_ak74u_descr">
    <text>Although its size and attributes are more fitting to an SMG, the firing mechanism is almost identical to the AK-74M. The small size of the weapon makes it easy to use in urban and cramped up conditions. Its shortcomings are its small sight range and a tendency to overheat quickly.</text>
  </string>
  <string id="st_wpn_colt1911_descr">
    <text>An improved model of the pistol that became a classic automatic weapon. It is still produced by dozens, if not hundreds, of manufacturers. The only drawback is the small magazine, however, the powerful round more than compensates for this.</text>
  </string>
  <string id="st_wpn_eagle_descr">
    <text>A real hand cannon. Big, heavy gun of high destruction potential. It was developed as special weapon for hunting big game and also for some types of sport shooting on steel silhouette targets at the distance of 50 meters and more. Its high price, weight and size make this gun unpopular in the Zone. Its dimensions and lack of a suppressor makes this weapon a bad choice for stealth.</text>
  </string>
  <string id="st_wpn_fn2000_descr">
    <text>This futuristic-looking weapon is a mass-produced automatic grenade launcher. Equipped with a 40-mm grenade launcher, sight, and computerized fire control module. Despite its awkward look, it is highly ergonomic, easily fired in all modes, and highly reliable.</text>
  </string>
  <string id="st_wpn_fort_descr">
    <text>A sidearm of Ukrainian production, designed for police and military forces. Has much better ballistic and ergonomic qualities than the outdated PM, along with a larger clip size. The models that are widely used in the Zone are generally first generation, and as such have their share of problems. Still in high demand from stalkers due to its versatility and improved characteristics.</text>
  </string>
  <string id="st_wpn_g36_descr">
    <text>This assault rifle is a first class example of modern weapons - light, durable and ergonomic. The embodiment of the new trends in automatic rifles, the firing mechanism is powered on a short course gas piston.</text>
  </string>
  <string id="st_wpn_l85_descr">
    <text>This rifle features a 4x optic sight, high precision single shot, and a high potential for modernization. When firing bursts, the accuracy drops sharply. When firing in automatic, it has a tendency to delay. These shortcomings have lead to a mass modernization of most of the weapons for the black market shops in the Zone.</text>
  </string>
  <string id="st_wpn_lr300_descr">
    <text>The next step in the evolution of this assault rifle. The main differences are in the top firing chamber, the barrel, the gas power system, and the ejection port, which leads to better ergonomics and reliability while reducing mass. This particular model has excellent accuracy, although is sensitive to the harsh conditions of the Zone, making it somewhat inadequate for extended trips.</text>
  </string>
  <string id="st_wpn_pb_descr">
    <text>This pistol, based on the Makarov PM, was designed in the second half of the twentieth century for various intelligence agencies. It is now considered obsolete, but in skilled hands it is still quite effective.</text>
  </string>
  <string id="st_wpn_pm_descr">
    <text>The legacy of the Soviet era, the Makarov PM is on the best representatives in the compact self-defense weapons class. Small in size, very reliable, and easy to use and maintain. Its shortcomings include a small range, weak accuracy, low efficiency of bullets, and (in comparison with modern guns of the same class) has a rather large mass.</text>
  </string>
  <string id="st_wpn_protecta_descr">
    <text>Smoothbore shotgun of revolver-type developed for soldiers to provide high firepower. The main advantages are high magazine capacity and practicable fire rate, but the downsides are its big size and mass, so as slow reloading speed. It is a rare find in the Zone, mainly used for mop-up operations against monsters in enclosed spaces.</text>
  </string>
  <string id="st_wpn_rpg7_descr">
    <text>A recoilless single-shot smoothbore grenade launcher equipped with a 2.7x PGO-7 optical sight. Its large size and weight has made it not too common among the stalkers, but its destructive power and ease of use has given the launcher its followers.</text>
  </string>
  <string id="st_wpn_sig220_descr">
    <text>The only model remaining in production of this series, this popular pistol is characterized by its excellent ergonomics and excellent accuracy. The low magazine capacity is compensated for by its power and reliability. This pistol is in high demand among experienced stalkers and mercenaries.</text>
  </string>
  <string id="st_wpn_spas12_descr">
    <text>This smoothbore automatic shotgun, developed in the second half of the twentieth century, continues to be widely used by various police and army assault units. With its ability to shift modes of fire, it has overcome its weight, complexity, and high price to become quite popular in the Zone as an effective weapon for combating mutants.</text>
  </string>
  <string id="st_wpn_svu_descr">
    <text>A modernized version of the SVD sniper rifle, the SVU uses its reduced size to improve on its predecessor. It has a higher rate of fire, less weight, and still maintains the great accuracy from small to medium range. It has become quite popular among the military and stalkers.</text>
  </string>
  <string id="st_wpn_val_descr">
    <text>A silent weapon designed for the Special Forces based on the VSS Vintorez. It allows the user to place effective fire on armored enemies while not compromising the user's position. Has an integrated silencer and uses heavy 9x39mm rounds.</text>
  </string>
  <string id="st_wpn_gauss_descr">
    <text>Very high-tech weapon. Known as "Project #62", it was developed in a secret laboratory in the Zone. Using an electromagnetic system, the bullet is able to penetrate extremely well with very little recoil. Energy cells use particles from certain artifacts.</text>
  </string>
  <string id="st_wpn_beretta_descr">
    <text>Guns from the Beretta series have a worldwide reputation as a reliable, but sometimes unwieldy, weapon. In use by many armies and police forces, it is equally popular with criminals and many others. The Zone does not typically see the newest model of this weapon.</text>
  </string>
  <string id="st_wpn_walther_descr">
    <text>From the West, this excellent pistol is highly reliable, very capacious, has good accuracy, and is the best in class ergonomically. Once it hit the Zone, it became one of the most common handguns used among professionals and newcomers alike.</text>
  </string>
  <string id="ammo-gauss_descr">
    <text>Made in factories via the use of very high-tech equipment, this energy cell uses an encapsulated piece of the Flash artifact as its energy source.</text>
  </string>
  <string id="ammo-gauss_cardan_descr">
    <text>Built without the special equipment needed, this energy cell has a reduced capacity. It uses an encapsulated piece of the Flash artifact as its energy source.</text>
  </string>
</string_table>