<?xml version="1.0" encoding="windows-1251"?>
<string_table>
  <string id="csky_heavy_outfit_name">
    <text>CS-3a vest</text>
  </string>
  <string id="dolg_heavy_outfit_name">
    <text>PSZ-9d Duty Armor</text>
  </string>
  <string id="dolg_outfit_name">
    <text>PS5-M Universal Protection</text>
  </string>
  <string id="exo_outfit_name">
    <text>Exoskeleton</text>
  </string>
  <string id="military_outfit_name">
    <text>Bulat armored suit</text>
  </string>
  <string id="mp_exo_outfit_description">
    <text>An exoskeleton that provides excellent protection from bullets and shrapnel for the wearer, but significantly reduces mobility. Vulnerable to armor-piercing bullets.</text>
  </string>
  <string id="mp_exo_outfit_name">
    <text>Exoskeleton</text>
  </string>
  <string id="mp_military_outfit_description">
    <text>Army armored suit designed for ground attack operations. Provides excellent protection from bullets and shell fragments, while not reducing the mobility of the user. Vulnerable to armor-piercing bullets.</text>
  </string>
  <string id="mp_military_outfit_name">
    <text>Army armored suit</text>
  </string>
  <string id="novice_outfit_description">
    <text>Normal black leather jacket. It provides minimal protection to the wearer, save for keeping them from freezing at night, and softening the bite of a blind dog. Needless to say, it is inconvenient. Nevertheless, it is often used by bandits - perhaps solely because of its appearance.</text>
  </string>
  <string id="novice_outfit_name">
    <text>Leather jacket</text>
  </string>
  <string id="scientific_outfit_name">
    <text>SEVA suit</text>
  </string>
  <string id="specops_outfit_name">
    <text>Beryl-5M armored suit</text>
  </string>
  <string id="st_helm_battle">
    <text>Sphere M12 military helmet</text>
  </string>
  <string id="st_helm_battle_descr">
    <text>A fabric covered aluminum-titanium composite helm with pockets for additional armor plates and full face protection. Usually issued with PC3 armor to Spetsnaz troops. Relatively popular in the Zone thanks to the built in respirator and night vision, as well as excellent head protection. Built with updates for electronic systems in mind.</text>
  </string>
  <string id="st_helm_hardhat">
    <text>Army helmet</text>
  </string>
  <string id="st_helm_hardhat_descr">
    <text>Standard Army steel helmet. It doesn't offer protection from anomalies or radiation, but is able to deflect a stray bullet. It was in high demand in the zone only during the first clashes between the factions.</text>
  </string>
  <string id="st_helm_protective">
    <text>Hazmat helmet</text>
  </string>
  <string id="st_helm_protective_descr">
    <text>A light helmet with an air-tight visor, designed to protect individuals from certain anomalous influences. Based on technology developed by the Defense Research Institute for the SEVA suit. It was made for use in the army, paired with protective suits.</text>
  </string>
  <string id="st_helm_respirator">
    <text>Gas mask</text>
  </string>
  <string id="st_helm_respirator_descr">
    <text>A standard gas mask, designed to filter radioactive dust and toxic substances out of the air. Widely used by both novices and veterans of all the factions because of its functional indispensability. Offers no protection from bullets, shrapnel and other similar damage.</text>
  </string>
  <string id="st_helm_tactic">
    <text>Tactical helmet</text>
  </string>
  <string id="st_helm_tactic_descr">
    <text>Western-style tactical helmet, devoid of any markings. Intended to ensure that the unit commander has the maximum amount of tactical information, when installed with appropriate electronic equipment. Offers a reinforced construction, and is also equipped with multi-layer Kevlar protection, a respirator and first-generation night vision.</text>
  </string>
  <string id="stalker_outfit_name">
    <text>Stalker suit</text>
  </string>
  <string id="svoboda_heavy_outfit_name">
    <text>Guardian of Freedom</text>
  </string>
  <string id="svoboda_light_outfit_description">
    <text>Extremely lightweight stalker suit produced by the Freedom faction. The cloth has been treated with a chemical composition called "Horizon", which greatly enhances the suit's protection from anomalous activity. Equipped with a built-in flak jacket and containers for artifacts.</text>
  </string>
  <string id="svoboda_light_outfit_name">
    <text>Wind of Freedom</text>
  </string>
  <string id="dolg_outfit_description">
    <text>A modern Duty model. It is more suitable to new stalker recruits, who are used to lighter suits. Unlike the PS3 series, this variation provides decent protection from anomalies and less protection from bullets. The suit has no artifact containers, but it is possible to install various auxiliary systems.</text>
  </string>
  <string id="military_outfit_description">
    <text>Modern Army armored suit for assault operations in areas of abnormal activity. Components: a CCL-12P series heavy vest, anomaly protection and compensation suit. Provides excellent protection from bullets and fragments and is also comfortable, with almost no limiting to mobility. Not equipped with containers for artifacts.</text>
  </string>
  <string id="mp_scientific_outfit_description">
    <text>Intended for research activities in the Zone. Equipped with an external insulation coating and a closed loop respiratory system, it offers excellent protection against anomaly effects. Its resistance to other damages, however, is low, causing the wearer to be very vulnerable to enemy fire. Equipped with built-in artifact containers.</text>
  </string>
  <string id="scientific_outfit_description">
    <text>Manufactured in one of Kiev's Defense Research Institutes. While the built-in body armor is only capable of stopping pistol bullets, its anomaly and radiation protection is considered second to none. The two built-in artifact containers and its upgrade-ability made this model popular among experienced stalkers.</text>
  </string>
  <string id="specops_outfit_description">
    <text>A Beryl-5M special forces suit, modified to include a PS5 military bulletproof vest with beryllium coating. Intended for assault operations in areas with elevated background radiation, but ineffective in areas with high anomalous activity. It is not equipped with any artifact containers.</text>
  </string>
  <string id="stalker_outfit_description">
    <text>Manufactured by the zone's craftsmen, the stalker suit is a combination of two layers of rubberized fabric with a Plexiglas padding and built-in body armor. Despite the fact that the body armor can be broken by even pistol bullets, the suit is very popular because of how cheap it is, and its potential for improvement. Equipped with built-in artifact containers.</text>
  </string>
  <string id="svoboda_heavy_outfit_description">
    <text>A stalker suit made with a reinforced bullet-proof vest, manufactured by the Freedom faction. It is a successful combination of combat and anomaly defenses. Built from an armored vest and packed with several layers of Kevlar, it can easily stop bullets. To protect against anomalies and radiation damage, the suit has been saturated with a chemical composition known as "Sovereign". Equipped with an artifact container.</text>
  </string>
  <string id="dolg_heavy_outfit_description">
    <text>An early Duty suit. It is based on a PS3-9 Spetsnaz suit, adapted for use in the Zone. It provides excellent bullet protection, but is very cumbersome and has barely any anomaly or radiation protection. The suit does not come with any artifact containers, but it is possible to install various auxiliary systems.</text>
  </string>
  <string id="csky_heavy_outfit_description">
    <text>At one point, this was the premier heavy armor of the Clear Sky faction's assault troops. After their decimation, it is a grim reminder for every stalker: even the best equipment cannot save you within the Zone. This suit is not only capable of stopping a bullet, but also offers great anomaly protection. There is a built in artifact container as well.</text>
  </string>
  <string id="exo_outfit_description">
    <text>Experimental model of military exoskeleton. It was never put into mass production due to its extremely high cost, and several flaws in its design. Despite this, and because of its ability to significantly increase the mobility of the user, it is in high demand, and is secretly produced in small quantities outside of Ukraine. Equipped with a built-in container for artifacts.</text>
  </string>
  <string id="mp_scientific_outfit_name">
    <text>SEVA suit</text>
  </string>
</string_table>