<?xml version="1.0" encoding="windows-1251"?>
<string_table>
  <string id="st_af_baloon_descr">
    <text>This artifact consists of several hollow formations of organic nature connected to each other. It produces a gaseous substance which can neutralize radioactive particles in the human organism while it has no known negative effects. In great demand due to high efficiency.</text>
  </string>
  <string id="st_af_baloon_name">
    <text>"Bubble"</text>
  </string>
  <string id="st_af_blood_descr">
    <text>Appears to be a reddish formation of compacted and fossilized remains of plants, soil and animal remains. Has an ability to partially neutralize any chemicals harmful to human body. Radioactive.</text>
  </string>
  <string id="st_af_blood_name">
    <text>"Stone Blood"</text>
  </string>
  <string id="st_af_cristall_descr">
    <text>This artifact appears in anomalous zones under the influence of high temperatures. Actively absorbs excess heat from the space around it, while remaining cool to the touch. Radioactive.</text>
  </string>
  <string id="st_af_cristall_flower_descr">
    <text>The artifact is a stone, similar in characteristics to granite. Formed under the influence of a gravitational field of great intensity. Capable of fully or partially shielding the sanity of the owner from psy effects. Radioactive.</text>
  </string>
  <string id="st_af_cristall_flower_name">
    <text>"Stone Flower"</text>
  </string>
  <string id="st_af_cristall_name">
    <text>"Crystal"</text>
  </string>
  <string id="st_af_dummy_battery_descr">
    <text>It is known that the composition of this artifact includes electrostatic elements, but under what circumstances exactly it is formed is not yet known to science. Appreciated by residents and visitors of the Zone for its ability to provide a tonic effect on human body. Prolonged exposure exhausts human body. Radioactive.</text>
  </string>
  <string id="st_af_dummy_battery_name">
    <text>"Battery"</text>
  </string>
  <string id="st_af_dummy_dummy_descr">
    <text>Earlier this artifact was considered junk, devoid of any useful properties. However, some time ago it was found out that during constant contact with the human body this artifact has a positive stimulating effect on the nervous system. Radioactive.</text>
  </string>
  <string id="st_af_dummy_dummy_name">
    <text>"Dummy"</text>
  </string>
  <string id="st_af_dummy_glassbeads_descr">
    <text>Much about this artifact remains a mystery. However, the well known fact is that the radiation produced by the thick parts of "Mama's Beads" force blood in open wounds to quickly coagulate. Radioactive.</text>
  </string>
  <string id="st_af_dummy_glassbeads_name">
    <text>"Mama's Beads"</text>
  </string>
  <string id="st_af_electra_flash_descr">
    <text>An artifact of electrostatic nature. Demonstrates an amazing ability to absorb electrical charges and to subsequently disperse them. Can protect the body from exposure to large electric power and high voltage. Radioactive.</text>
  </string>
  <string id="st_af_electra_flash_name">
    <text>"Flash"</text>
  </string>
  <string id="st_af_electra_moonlight_descr">
    <text>This artifact of electrostatic nature demonstrates the ability to resonate under the influence of psy-waves. Over time, stalkers learned to adjust "Moonlight" in a way that that it starts resonating in phase with the main source of emission, thereby completely or substantially neutralizing the psy-effect. Radioactive.</text>
  </string>
  <string id="st_af_electra_moonlight_name">
    <text>"Moonlight"</text>
  </string>
  <string id="st_af_electra_sparkler_descr">
    <text>A representative of the family of electrostatic artifacts, named for its brightness. It has the ability to smooth out variations in the electric field. Radioactive.</text>
  </string>
  <string id="st_af_electra_sparkler_name">
    <text>"Bengal light"</text>
  </string>
  <string id="st_af_eye_descr">
    <text>This artifact really does visually resemble the human eye. It accelerates the metabolism around wounds which accelerates their healing. Furthermore, among the experienced stalkers there is a belief that the "Eye" can bring luck. Radioactive.</text>
  </string>
  <string id="st_af_eye_name">
    <text>"Eye"</text>
  </string>
  <string id="st_af_fire_descr">
    <text>Formed in zones of high thermal activity. Characterized by strong infrared radiation, under the influence of which the wearer's wounds tend to clot up quickly. Due to the rarity of the artifact, its value is extremely high. Radioactive.</text>
  </string>
  <string id="st_af_fire_name">
    <text>"Flame"</text>
  </string>
  <string id="st_af_fireball_descr">
    <text>Despite the name, which does reflect the nature of the artifact, "Fireball" can be easily held in hands without fear of burns. It is valued for its ability to maintain a small radius with a constant temperature of about 24 degrees Celsius, regardless of environmental conditions. Radioactive.</text>
  </string>
  <string id="st_af_fireball_name">
    <text>"Fireball"</text>
  </string>
  <string id="st_af_fuzz_kolobok_descr">
    <text>A quite rare artifact, formed in zones of strong chemical contamination. Valued for its ability to "stir up" the body so that it recovers within a few minutes of an injury of any severity. Scientists disseminate information on the impact of the artifact on the genetic material of the owner, however, this is unconfirmed as of yet. Radioactive.</text>
  </string>
  <string id="st_af_fuzz_kolobok_name">
    <text>"Kolobok"</text>
  </string>
  <string id="st_af_glass_name">
    <text>"Firefly"</text>
  </string>
  <string id="st_af_gold_fish_descr">
    <text>An artifact formed in the area of interaction of multiple gravitational fields. Generates a sphere of directed gravitational field around itself. Reduces the weight of the contents of the backpack much more effectively than any other artifacts of this kind, which is why it is in great demand among stalkers. Radioactive.</text>
  </string>
  <string id="st_af_gold_fish_name">
    <text>"Goldfish"</text>
  </string>
  <string id="st_af_gravi_descr">
    <text>This artifact is formed during long-term gravitational effects on metal-containing substances. Able to maintain a small antigravity field around itself. Many stalkers have used it to significantly reduce the weight of their backpack. Radioactive.</text>
  </string>
  <string id="st_af_gravi_name">
    <text>"Gravi"</text>
  </string>
  <string id="st_af_ice_descr">
    <text>Has an appearance of a "Kolobok". There is a theory that is it indeed a "Kolobok" after falling into a powerful electric field. Can dramatically increase the muscle tone of the wearer. Radioactive.</text>
  </string>
  <string id="st_af_ice_name">
    <text>"Snowflake"</text>
  </string>
  <string id="st_af_medusa_descr">
    <text>An artifact of gravitational nature, has the ability to actively attract and absorb radioactive particles, thereby reducing contamination of the organism. Very common in the Zone, outside of it used often but unofficially to treat radiation sickness.</text>
  </string>
  <string id="st_af_medusa_name">
    <text>"Jellyfish"</text>
  </string>
  <string id="st_af_mincer_meat_descr">
    <text>An artifact of organic nature. Consists of deformed tissues of animal origin. When placed in an area of chemical pollution it begins "pulling out" chemicals from the air and converting them into a thick viscous mass. Radioactive.</text>
  </string>
  <string id="st_af_mincer_meat_name">
    <text>"Meat Chunk"</text>
  </string>
  <string id="st_af_night_star_descr">
    <text>A luminous artifact, capable of generating a gravitational field around itself which locally reduces the forces of attraction. Is widely used for weight reduction of a load carried in a stalker's backpack. Radioactive.</text>
  </string>
  <string id="st_af_night_star_name">
    <text>"Night Star"</text>
  </string>
  <string id="st_af_soul_descr">
    <text>Organic artifact with unique properties. In a yet unknown manner it increases the overall speed of the body to regenerate after injuries of any nature, while not accelerating accumulation of toxins. Due to the pleasant appearance is of special interest to collectors. Radioactive.</text>
  </string>
  <string id="st_af_soul_name">
    <text>"Soul"</text>
  </string>
  <string id="st_af_vyvert_descr">
    <text>A bizarre-looking artifact appearing in gravitational fields of increased activity. It's a kind of sponge which absorbs the radioactive elements. It's equally successful at protecting its wearer from exposure to radiation from the outside as well as from particles that have already entered the body.</text>
  </string>
  <string id="st_af_vyvert_name">
    <text>"Wrenched"</text>
  </string>
  <string id="st_compass">
    <text>"Compass"</text>
  </string>
  <string id="st_compass_descr">
    <text>A rare artifact: the last time it was found was many months ago. It has the ability to show gaps in anomalous fields. They say it can be used to pass through the most complex anomalies with zero risk, but very few know how to use it properly.</text>
  </string>
  <string id="st_oasis_heart">
    <text>"Heart of Oasis"</text>
  </string>
  <string id="st_oasis_heart_descr">
    <text>This artifact is from the center of the legendary Oasis. Apparently, a crystallized plant, which took over the inherent properties of Oasis' beneficial effect on the organism as a whole. Unlike Oasis, the artifact is extremely radioactive.</text>
  </string>
  <string id="st_af_glass_descr">
    <text>The "Firefly" works with fields yet inaccessible to science, accelerating the regeneration of tissues and organs of living creatures, as well as normalizing the metabolic processes. Can bring a badly wounded person back to health in no time. Unfortunately, this artifact is extremely rare. Radioactive.</text>
  </string>
</string_table>