<?xml version="1.0" encoding="windows-1251"?>
<string_table>
  <string id="st_prop_bullet_speed">
    <text>Flatness</text>
  </string>
  <string id="st_prop_calibre">
    <text>Caliber</text>
  </string>
  <string id="st_prop_recoil">
    <text>Recoil</text>
  </string>
  <string id="st_prop_silencer">
    <text>Suppressor mount</text>
  </string>
  <string id="st_prop_reliability">
    <text>Reliability</text>
  </string>
  <string id="st_prop_scope_1.6x">
    <text>Reflex sight (1.6x zoom)</text>
  </string>
  <string id="st_prop_scope_4x">
    <text>Optical sight (4x zoom)</text>
  </string>
  <string id="st_prop_suppressor">
    <text>Suppressor mount</text>
  </string>
  <string id="st_prop_underbarrel_slot">
    <text>Grenade launcher mount</text>
  </string>
  <string id="st_prop_weight">
    <text>Weight</text>
  </string>
  <string id="st_up_add_a1_descr">
    <text>Applying external threads allows you to install a suppressor.</text>
  </string>
  <string id="st_up_add_a1_name">
    <text>External barrel threads</text>
  </string>
  <string id="st_up_add_a2_descr">
    <text>Adds an attachment point for an optical sight.</text>
  </string>
  <string id="st_up_add_a2_name">
    <text>Optical sight mount</text>
  </string>
  <string id="st_up_add_a3_descr">
    <text>Adds an attachment point for a grenade launcher.</text>
  </string>
  <string id="st_up_add_a3_name">
    <text>Grenade launcher mount</text>
  </string>
  <string id="st_up_add_a4_descr">
    <text>Change standard magazine for a larger one.</text>
  </string>
  <string id="st_up_add_a4_name">
    <text>Increased magazine capacity</text>
  </string>
  <string id="st_up_add_b1_descr">
    <text>Complex modification to change the ammunition used (with negative effects on the weapon's reliability).</text>
  </string>
  <string id="st_up_add_b1_name">
    <text>Modification for 5.45mm ammo</text>
  </string>
  <string id="st_up_add_b2_descr">
    <text>Complex modification to change the ammunition used (with negative effects on the weapon's reliability).</text>
  </string>
  <string id="st_up_add_b2_name">
    <text>Modification for 5.56mm ammo</text>
  </string>
  <string id="st_up_add_b3_descr">
    <text>Complex modification to change the ammunition used (with negative effects on the weapon's reliability).</text>
  </string>
  <string id="st_up_add_b3_name">
    <text>Modification for 9x18mm ammo</text>
  </string>
  <string id="st_up_add_b4_descr">
    <text>Complex modification to change the ammunition used (with negative effects on the weapon's reliability).</text>
  </string>
  <string id="st_up_add_b4_name">
    <text>Modification for 9x19mm ammo</text>
  </string>
  <string id="st_up_addd_a1_descr">
    <text>Increases the magazine's capacity without changing the dimensions of the weapon.</text>
  </string>
  <string id="st_up_addd_a1_name">
    <text>Increased magazine capacity</text>
  </string>
  <string id="st_up_addh_a1_descr">
    <text>A larger polymer cartridge belt box whose light material partially offsets the weapon's mass.</text>
  </string>
  <string id="st_up_addh_a1_name">
    <text>Larger cartridge belt box</text>
  </string>
  <string id="st_up_arm_a1_descr">
    <text>An increased number of titanium plates greatly increases the body armor's strength.</text>
  </string>
  <string id="st_up_arm_a1_name">
    <text>Additional aluminum / titanium plates</text>
  </string>
  <string id="st_up_arm_a2_descr">
    <text>Reinforcement plates that are more durable compared to the originals.</text>
  </string>
  <string id="st_up_arm_a2_name">
    <text>Kevlar plates</text>
  </string>
  <string id="st_up_arm_a3_descr">
    <text>Aluminum / titanium alloy lowers the weight of the plates while maintaining their mechanical properties.</text>
  </string>
  <string id="st_up_arm_a3_name">
    <text>Aluminum / titanium plating</text>
  </string>
  <string id="st_up_arm_a4_descr">
    <text>Titanium is usually too heavy for use in personal protective equipment, exoskeletons make such designs possible.</text>
  </string>
  <string id="st_up_arm_a4_name">
    <text>Full-titanium components</text>
  </string>
  <string id="st_up_arm_a5_descr">
    <text>Replacing metal with carbon fiber can reduce the mass of the body armor without losing its former reliability.</text>
  </string>
  <string id="st_up_arm_a5_name">
    <text>Carbon fiber armor replacements</text>
  </string>
  <string id="st_up_arm_a6_descr">
    <text>Kevlar - the most common material for use in bullet-proof vests.</text>
  </string>
  <string id="st_up_arm_a6_name">
    <text>Kevlar plates</text>
  </string>
  <string id="st_up_arm_a7_descr">
    <text>Polycarbonate can stop a pistol bullet yet has the weight of ordinary plastic.</text>
  </string>
  <string id="st_up_arm_a7_name">
    <text>Polycarbonate plates</text>
  </string>
  <string id="st_up_arm_a8_descr">
    <text>Ceramic plates are not too durable, but provide better protection than Kevlar.</text>
  </string>
  <string id="st_up_arm_a8_name">
    <text>Ceramic plates</text>
  </string>
  <string id="st_up_arm_a9_descr">
    <text>Steel plates sewn into a cloak.</text>
  </string>
  <string id="st_up_arm_a9_name">
    <text>Steel plating</text>
  </string>
  <string id="st_up_arm_b1_descr">
    <text>Ceramic coating can deflect normal (non-piercing) bullets coming from an angle - or flatten the bullets from direct impact.</text>
  </string>
  <string id="st_up_arm_b1_name">
    <text>Ceramic coating vest</text>
  </string>
  <string id="st_up_arm_b2_descr">
    <text>Additional inner layer of armor in case if external layer is damaged.</text>
  </string>
  <string id="st_up_arm_b2_name">
    <text>Backup layer of protective plates</text>
  </string>
  <string id="st_up_arm_b3_descr">
    <text>Armor with a lining that evenly distributes the momentum of impact in a larger area.</text>
  </string>
  <string id="st_up_arm_b3_name">
    <text>Extra compensation lining</text>
  </string>
  <string id="st_up_arm_b4_descr">
    <text>Even in the case of severe damage to the body armor, this frame can stop pistol bullets.</text>
  </string>
  <string id="st_up_arm_b4_name">
    <text>Additional reinforcement frame</text>
  </string>
  <string id="st_up_arm_b5_descr">
    <text>Sheets of armor, thin and overlapping one another like scales, increase overall resistance to deterioration.</text>
  </string>
  <string id="st_up_arm_b5_name">
    <text>Segmented protection</text>
  </string>
  <string id="st_up_arm_b6_descr">
    <text>Though simply adding more bulletproof plates won't help against bullets much, a second layer will help to make it more durable.</text>
  </string>
  <string id="st_up_arm_b6_name">
    <text>Backup safety layer</text>
  </string>
  <string id="st_up_arm_b7_descr">
    <text>Movable plates aimed at protecting joints from bullets and shrapnel.</text>
  </string>
  <string id="st_up_arm_b7_name">
    <text>Protective joint plates</text>
  </string>
  <string id="st_up_arm_b8_descr">
    <text>Lightweight frame of aluminum instead of steel.</text>
  </string>
  <string id="st_up_arm_b8_name">
    <text>Lightweight aluminum frame</text>
  </string>
  <string id="st_up_arm_b9_descr">
    <text>Sealing insert to compensate for impacts.</text>
  </string>
  <string id="st_up_arm_b9_name">
    <text>Sealing paste</text>
  </string>
  <string id="st_up_arm_c10_descr">
    <text>Extra layer of ceramics with silicone cushioning.</text>
  </string>
  <string id="st_up_arm_c10_name">
    <text>Reinforced ceramic plates</text>
  </string>
  <string id="st_up_arm_c11_descr">
    <text>Vest modification aimed at reducing its weight by using lighter materials.</text>
  </string>
  <string id="st_up_arm_c11_name">
    <text>Install lighter synthetic and plastic parts</text>
  </string>
  <string id="st_up_arm_c12_descr">
    <text>Lot of thick titanium plates is too heavy for an average infantryman, but everything is changing rapidly thanks to the powerful servo drives of an exoskeleton.</text>
  </string>
  <string id="st_up_arm_c12_name">
    <text>Titanium armor "Cuirassier"</text>
  </string>
  <string id="st_up_arm_c13_descr">
    <text>"SBK-RHZ.m.II" - "Special Combat Jumpsuit Radiation-Chemical Protection mark two".</text>
  </string>
  <string id="st_up_arm_c13_name">
    <text>Sealed jumpsuit with radiation protection "SBK-RHZ.m.II"</text>
  </string>
  <string id="st_up_arm_c1_descr">
    <text>Weave mail - time-consuming and tedious work. However, there are cases when it actually saved someone's life.</text>
  </string>
  <string id="st_up_arm_c1_name">
    <text>Sewn in chain mail shirt</text>
  </string>
  <string id="st_up_arm_c2_descr">
    <text>The "Scale" is composed of many ceramic plates superimposed on each other so as to best cover an area already struck by a bullet or shrapnel.</text>
  </string>
  <string id="st_up_arm_c2_name">
    <text>"Scale" ceramic armor</text>
  </string>
  <string id="st_up_arm_c3_descr">
    <text>After processing the protective suit's material with this stuff, it is no longer prone to mechanical damage and rupture.</text>
  </string>
  <string id="st_up_arm_c3_name">
    <text>Processing with fixing composition "Sovereign"</text>
  </string>
  <string id="st_up_arm_c4_descr">
    <text>Ceramics significantly reduces the angular momentum of the bullet, dissipating impact by splintering.</text>
  </string>
  <string id="st_up_arm_c4_name">
    <text>Ceramic plate coating</text>
  </string>
  <string id="st_up_arm_c5_descr">
    <text>Reinforced with titanium (instead of aluminum), beryllium matrix is one of the most reliable armor systems.</text>
  </string>
  <string id="st_up_arm_c6_descr">
    <text>Ceramics significantly reduces the angular momentum of the bullet, dissipating impact by splintering.</text>
  </string>
  <string id="st_up_arm_c6_name">
    <text>Ceramic plate coating</text>
  </string>
  <string id="st_up_arm_c7_descr">
    <text>Carbon-plastic is one of the most durable and wear-resistant synthetic materials.</text>
  </string>
  <string id="st_up_arm_c8_descr">
    <text>Combined multi-layer coating of polymers and ceramics.</text>
  </string>
  <string id="st_up_arm_c8_name">
    <text>"Screen" composite plate coating</text>
  </string>
  <string id="st_up_arm_c9_descr">
    <text>One of the breakthroughs of the latest developments in self-defense - the cultivation of artificial sapphires.</text>
  </string>
  <string id="st_up_autd_a1_descr">
    <text>Careful fitting of the parts allows the weapon to be used longer without failures and jamming.</text>
  </string>
  <string id="st_up_autd_a1_name">
    <text>Fitted parts</text>
  </string>
  <string id="st_up_autd_a2_descr">
    <text>The idea of replacing some metal parts with plastic has long demonstrated its viability.</text>
  </string>
  <string id="st_up_autd_a2_name">
    <text>Polymer replacements</text>
  </string>
  <string id="st_up_autd_b1_descr">
    <text>A low-impulse striking mechanism reduces recoil beyond any previous technology.</text>
  </string>
  <string id="st_up_autd_b1_name">
    <text>Low-impulse striking mechanism</text>
  </string>
  <string id="st_up_autd_b2_descr">
    <text>Fixes the cartridge when firing the weapon, allowing for precision aiming.</text>
  </string>
  <string id="st_up_autd_b2_name">
    <text>Lockable drive</text>
  </string>
  <string id="st_up_autd_b3_descr">
    <text>A roller locking system often used in weapons to help lower recoil and increase precision.</text>
  </string>
  <string id="st_up_autd_b3_name">
    <text>Semi-free roller shutter system</text>
  </string>
  <string id="st_up_autd_b4_descr">
    <text>The installation of an additional gas cylinder reduces the load on the weapon's mechanisms, significantly increasing the rate of fire.</text>
  </string>
  <string id="st_up_autd_b4_name">
    <text>Additional gas cylinder</text>
  </string>
  <string id="st_up_autd_b5_descr">
    <text>Gas-operated mechanism installed in a self-loading shotgun to allow automatic firing.</text>
  </string>
  <string id="st_up_autd_b5_name">
    <text>Install gas-mechanism</text>
  </string>
  <string id="st_up_autd_c1_descr">
    <text>Protective coating eliminates the possibility of misfires due to a malfunction of the mechanism.</text>
  </string>
  <string id="st_up_autd_c1_name">
    <text>Protective mechanism coating</text>
  </string>
  <string id="st_up_autd_c2_descr">
    <text>Shooting unlocks the barrel, allowing it to move freely, and again locks it.</text>
  </string>
  <string id="st_up_autd_c2_name">
    <text>Barrel locking system</text>
  </string>
  <string id="st_up_autd_c3_descr">
    <text>Using inertial automation, a standard pump action shotgun mechanism can be turned into a self-loading one.</text>
  </string>
  <string id="st_up_autd_c3_name">
    <text>Inertial automation</text>
  </string>
  <string id="st_up_autd_c4_descr">
    <text>United recurrent-locking module - modern tech solution offering recoil compensation.</text>
  </string>
  <string id="st_up_autd_c4_name">
    <text>United recurrent lock module</text>
  </string>
  <string id="st_up_autd_c5_descr">
    <text>Automation drive rod helps improve the weapon's accuracy.</text>
  </string>
  <string id="st_up_autd_c5_name">
    <text>Automation drive rod</text>
  </string>
  <string id="st_up_auth_a1_descr">
    <text>Active counter-rotation moves the lock, partially offsetting the recoil.</text>
  </string>
  <string id="st_up_auth_a1_name">
    <text>Adding active counter-rotating</text>
  </string>
  <string id="st_up_auth_b1_descr">
    <text>Installation of additional roller mechanism partially diminishes recoil.</text>
  </string>
  <string id="st_up_auth_b1_name">
    <text>Reciprocating roller compensator</text>
  </string>
  <string id="st_up_auth_c1_descr">
    <text>A complete remake of mechanism allows an increased rate of fire.</text>
  </string>
  <string id="st_up_auth_c1_name">
    <text>Firing from open bolt</text>
  </string>
  <string id="st_up_auth_c2_descr">
    <text>When shooting, counterweight bolt moves toward the lock, which increases the ease of handling a machine gun.</text>
  </string>
  <string id="st_up_auth_c2_name">
    <text>Installation of a self-regulatory counterbalance</text>
  </string>
  <string id="st_up_auto_a1_descr">
    <text>An additional element - a counterweight - is installed in the receiver box to compensate for recoil.</text>
  </string>
  <string id="st_up_auto_a1_name">
    <text>Moveable counterweight</text>
  </string>
  <string id="st_up_auto_a2_descr">
    <text>The idea of replacing some metal parts with plastic has long demonstrated its viability.</text>
  </string>
  <string id="st_up_auto_a2_name">
    <text>Polymer replacements</text>
  </string>
  <string id="st_up_auto_b1_descr">
    <text>Installs a special system to protect the weapon from dirt.</text>
  </string>
  <string id="st_up_auto_b1_name">
    <text>Automatic two-position gas regulator</text>
  </string>
  <string id="st_up_auto_b2_descr">
    <text>Special parts hermetically seal the barrel during firing to maximize the pressure of the propellant.</text>
  </string>
  <string id="st_up_auto_b2_name">
    <text>Installing barrel sealer</text>
  </string>
  <string id="st_up_auto_b3_descr">
    <text>Synchronization is performed via a gear, thus improving the flatness.</text>
  </string>
  <string id="st_up_auto_b3_name">
    <text>Synchronize traffic rods</text>
  </string>
  <string id="st_up_auto_b4_descr">
    <text>Installed on the rear of the receiver to slow down the shutter and allow for increased precision.</text>
  </string>
  <string id="st_up_auto_b4_name">
    <text>Inertia moderator</text>
  </string>
  <string id="st_up_auto_c1_descr">
    <text>Special part is installed into the shutter to compensate for its movement and thereby reduce its recoil.</text>
  </string>
  <string id="st_up_auto_c1_name">
    <text>Rollback moderator</text>
  </string>
  <string id="st_up_auto_c2_descr">
    <text>Complex modification, usually applied to sniper rifles, associated with a significant increase in the weapon's mass.</text>
  </string>
  <string id="st_up_auto_c2_name">
    <text>Integrated recoil-absorbing system</text>
  </string>
  <string id="st_up_auto_c3_descr">
    <text>Installs a mechanism with mobile elements to allow a more rapid supply of cartridges to the chamber.</text>
  </string>
  <string id="st_up_auto_c3_name">
    <text>Rapid cartridge feeder</text>
  </string>
  <string id="st_up_auto_c4_descr">
    <text>Replaces some weapon parts to increase the weapon's accuracy, but complicates its design.</text>
  </string>
  <string id="st_up_auto_c4_name">
    <text>Balanced unaccented system</text>
  </string>
  <string id="st_up_auto_c5_descr">
    <text>A synthetic part installed just before the end of the shutter, heavily compressing it to increase accuracy.</text>
  </string>
  <string id="st_up_auto_c5_name">
    <text>Install a stop drive</text>
  </string>
  <string id="st_up_auto_c6_descr">
    <text>A cross connector fixes the normal position of the barrel. When firing, compensation holes are opened to push the barrel in the proper direction.</text>
  </string>
  <string id="st_up_auto_c6_name">
    <text>Install "Smart Compensator" system</text>
  </string>
  <string id="st_up_auts_a1_descr">
    <text>Allows you to pull the trigger easier, which is especially important for a sniper.</text>
  </string>
  <string id="st_up_auts_a1_name">
    <text>Install pull regulator</text>
  </string>
  <string id="st_up_auts_a2_descr">
    <text>An improved shutter mechanism allows to exactly define the moment of firing, which affects accuracy positively.</text>
  </string>
  <string id="st_up_auts_a2_name">
    <text>Shutter release mechanism</text>
  </string>
  <string id="st_up_auts_b1_descr">
    <text>Often used in Western arsenals, roller locking systems help reduce recoil and increase accuracy of fire.</text>
  </string>
  <string id="st_up_auts_b1_name">
    <text>Semi-free roller shutter system</text>
  </string>
  <string id="st_up_auts_b2_descr">
    <text>Special mechanism compensates for the momentum of the shot, thereby making firing more comfortable.</text>
  </string>
  <string id="st_up_auts_b2_name">
    <text>Impulse compensation system</text>
  </string>
  <string id="st_up_auts_b3_descr">
    <text>Installation of a three-position gas regulator facilitates taking care of a sniper rifle, more demanding in comparison with a common assault rifle.</text>
  </string>
  <string id="st_up_auts_b3_name">
    <text>Automatic three-position gas regulator</text>
  </string>
  <string id="st_up_auts_c1_descr">
    <text>Coating helps reduce the waste of the propellant on automation, thus increasing the kinetic energy of the bullet.</text>
  </string>
  <string id="st_up_auts_c1_name">
    <text>Protective coating</text>
  </string>
  <string id="st_up_auts_c2_descr">
    <text>Installing a long-pull trigger assembly allows a sniper rifle to auto-fire.</text>
  </string>
  <string id="st_up_auts_c2_name">
    <text>Long-pull trigger assembly</text>
  </string>
  <string id="st_up_auts_c3_descr">
    <text>Stopping equipment makes it possible to increase firing accuracy.</text>
  </string>
  <string id="st_up_auts_c3_name">
    <text>Stopping drive</text>
  </string>
  <string id="st_up_bar_a1_descr">
    <text>By replacing the standard barrel for a longer one, the bullet's flatness and accuracy is increased.</text>
  </string>
  <string id="st_up_bar_a1_name">
    <text>Longer barrel</text>
  </string>
  <string id="st_up_bar_a2_descr">
    <text>Replaces the barrel with one that is designed to never touch the stock, increasing accuracy.</text>
  </string>
  <string id="st_up_bar_a2_name">
    <text>Installing "floating" barrel</text>
  </string>
  <string id="st_up_bar_a3_descr">
    <text>More efficient ventilation system allows the barrel to fire more without overheating thus increasing rate of fire.</text>
  </string>
  <string id="st_up_bar_a3_name">
    <text>Barrel with cooling fins</text>
  </string>
  <string id="st_up_bar_b1_descr">
    <text>Replacement of obsolete muzzle compensator with a more modern model helps further reduce the recoil.</text>
  </string>
  <string id="st_up_bar_b1_name">
    <text>Modern muzzle compensator</text>
  </string>
  <string id="st_up_bar_b2_descr">
    <text>Installing a barrel with additional grooves cut in increases the gun's bullet velocity and accuracy.</text>
  </string>
  <string id="st_up_bar_b2_name">
    <text>Barrel with added rifling</text>
  </string>
  <string id="st_up_bar_b3_descr">
    <text>Reducing the number of grooves cut into the barrel increases the rate of fire, but makes it ill-suited for target shooting.</text>
  </string>
  <string id="st_up_bar_b3_name">
    <text>Barrel with reduced rifling</text>
  </string>
  <string id="st_up_bar_c1_descr">
    <text>Replaces the barrel with one using polygonal rifling, improving accuracy.</text>
  </string>
  <string id="st_up_bar_c1_name">
    <text>Barrel with polygonal rifling</text>
  </string>
  <string id="st_up_bar_c2_descr">
    <text>Sinusoidal rifling in the barrel can reduce the heating of the barrel and increase the rate of fire without loss of accuracy.</text>
  </string>
  <string id="st_up_bar_c2_name">
    <text>Barrel with sinusoidal rifling</text>
  </string>
  <string id="st_up_bar_c3_descr">
    <text>Replaces the barrel to achieve a higher accuracy.</text>
  </string>
  <string id="st_up_bar_c3_name">
    <text>Sniper barrel</text>
  </string>
  <string id="st_up_bard_a1_descr">
    <text>Super hard materials prevent wear on the rifling.</text>
  </string>
  <string id="st_up_bard_a1_name">
    <text>Barrel of ultra-strong alloy</text>
  </string>
  <string id="st_up_bard_b1_descr">
    <text>Internal cavity of the barrel treated for increased resistance to mechanical damage.</text>
  </string>
  <string id="st_up_bard_b1_name">
    <text>Barrel processing</text>
  </string>
  <string id="st_up_bard_b2_descr">
    <text>Synthetically seals the barrel cavity, leading to a significant increase in accuracy.</text>
  </string>
  <string id="st_up_bard_b2_name">
    <text>Synthetic sealant</text>
  </string>
  <string id="st_up_bard_b3_descr">
    <text>By replacing the standard barrel for a longer one, the bullet's flatness is increased.</text>
  </string>
  <string id="st_up_bard_b3_name">
    <text>Longer barrel</text>
  </string>
  <string id="st_up_bard_b4_descr">
    <text>Longitudinal vent lines not only prevent the barrel from clogging, but also partially offsets the recoil.</text>
  </string>
  <string id="st_up_bard_b4_name">
    <text>Longitudinal vent lines</text>
  </string>
  <string id="st_up_bard_b5_descr">
    <text>By replacing the standard barrel for a longer one, the bullet's flatness is increased.</text>
  </string>
  <string id="st_up_bard_b5_name">
    <text>Longer barrel</text>
  </string>
  <string id="st_up_bard_b6_descr">
    <text>Spray coating protects the barrel from overheating while smoothing out small factory defects, significantly increasing the life of the barrel.</text>
  </string>
  <string id="st_up_bard_b6_name">
    <text>Protective barrel coating</text>
  </string>
  <string id="st_up_bard_c1_descr">
    <text>Balanced receiver part consist of several movable plungers, resulting in the weapon becoming more stable during firing.</text>
  </string>
  <string id="st_up_bard_c1_name">
    <text>Balanced receiver parts</text>
  </string>
  <string id="st_up_bard_c2_descr">
    <text>Replacing the barrel with a rifled one makes the weapon unsuitable for firing shot, but this is offset by a notable increase in accuracy.</text>
  </string>
  <string id="st_up_bard_c2_name">
    <text>Rifled barrel</text>
  </string>
  <string id="st_up_bard_c3_descr">
    <text>Sealing polymer materials help increase the pressure in the barrel and thereby increase the speed of the bullet.</text>
  </string>
  <string id="st_up_bard_c3_name">
    <text>Dynamically sealed barrel</text>
  </string>
  <string id="st_up_bard_c4_descr">
    <text>Cylindrical barrel threading helps increase the precision of the weapon.</text>
  </string>
  <string id="st_up_bard_c4_name">
    <text>Cylindrical barrel threading</text>
  </string>
  <string id="st_up_bard_c5_descr">
    <text>Actively opposes the force exerted from firing by shifting the muzzle of the barrel and thus reduces the recoil.</text>
  </string>
  <string id="st_up_bard_c5_name">
    <text>Active counterbalance barrel enclosure</text>
  </string>
  <string id="st_up_barp_a1_descr">
    <text>By replacing the standard barrel for a longer one, the bullet's trajectory becomes flatter.</text>
  </string>
  <string id="st_up_barp_a1_name">
    <text>Longer barrel</text>
  </string>
  <string id="st_up_barp_a2_descr">
    <text>Barrel modification reduces the recoil by venting gas through special openings.</text>
  </string>
  <string id="st_up_barp_a2_name">
    <text>Perforated barrel</text>
  </string>
  <string id="st_up_barp_a3_descr">
    <text>A shorter barrel with a more sophisticated design allows for an increased rate of fire without loss of accuracy.</text>
  </string>
  <string id="st_up_barp_a3_name">
    <text>Short barrel</text>
  </string>
  <string id="st_up_barp_b1_descr">
    <text>Chromium helps keep the barrel in good condition.</text>
  </string>
  <string id="st_up_barp_b1_name">
    <text>Chrome inner barrel</text>
  </string>
  <string id="st_up_barp_b2_descr">
    <text>Separators absorb some of the recoil.</text>
  </string>
  <string id="st_up_barp_b2_name">
    <text>Rubber part separators</text>
  </string>
  <string id="st_up_barp_b3_descr">
    <text>Shallower rifling can increase the rate of fire, which is important in close contact fire with the enemy.</text>
  </string>
  <string id="st_up_barp_b3_name">
    <text>Barrel with shallow rifling</text>
  </string>
  <string id="st_up_barp_b4_descr">
    <text>A barrel with additional grooves cut in can increase bullet velocity and accuracy.</text>
  </string>
  <string id="st_up_barp_b4_name">
    <text>Additional barrel grooves</text>
  </string>
  <string id="st_up_barp_b5_descr">
    <text>Unloading the barrel helps significantly reduce the recoil.</text>
  </string>
  <string id="st_up_barp_b5_name">
    <text>Place muzzle flash suppressor on the frame</text>
  </string>
  <string id="st_up_barp_c1_descr">
    <text>Sinusoidal rifling in the barrel can reduce the heating of the barrel and increase the rate of fire without loss of flatness.</text>
  </string>
  <string id="st_up_barp_c1_name">
    <text>Barrel with sinusoidal rifling</text>
  </string>
  <string id="st_up_barp_c2_descr">
    <text>A barrel with polygonal grooves is best suited for sniper rifles, allowing you to improve flatness.</text>
  </string>
  <string id="st_up_barp_c2_name">
    <text>Barrel with polygonal rifling</text>
  </string>
  <string id="st_up_barp_c3_descr">
    <text>Pneumo-accelerator can "throw" energy from the recoil into the barrel, thereby increasing the speed of bullets.</text>
  </string>
  <string id="st_up_barp_c3_name">
    <text>Pneumo-accelerator</text>
  </string>
  <string id="st_up_exo_a1_descr">
    <text>Amplified mobile drive helps to increase the amount the wearer can carry.</text>
  </string>
  <string id="st_up_exo_a1_name">
    <text>Additional servomotors</text>
  </string>
  <string id="st_up_exo_b1_descr">
    <text>Designed by engineers from Freedom. Due to the impressive weight of the first exoskeletons, these people began to replace metal parts with carbon-fiber.</text>
  </string>
  <string id="st_up_exo_b1_name">
    <text>Carbon-fiber replacements</text>
  </string>
  <string id="st_up_exo_b2_descr">
    <text>Reinforcement exoskeleton parts protect the suit from damage caused by bullets and shrapnel.</text>
  </string>
  <string id="st_up_exo_b2_name">
    <text>Reinforced drives</text>
  </string>
  <string id="st_up_exo_c1_descr">
    <text>A system that uses powerful springs and hinges, allowing the wearer to move easier.</text>
  </string>
  <string id="st_up_exo_c1_name">
    <text>"Walkers" facilitation system</text>
  </string>
  <string id="st_up_exo_c2_descr">
    <text>Hydraulic amplifiers, allowing the wearer to run - the main difference between the third and fourth generation exoskeletons.</text>
  </string>
  <string id="st_up_exo_c2_name">
    <text>Hydraulic servo amplifiers</text>
  </string>
  <string id="st_up_kom_a1_descr">
    <text>A thick textile insert helps avoid damage to the wearer's soft tissues after a direct hit by a bullet or shrapnel.</text>
  </string>
  <string id="st_up_kom_a1_name">
    <text>Padded textile lining</text>
  </string>
  <string id="st_up_kom_a2_descr">
    <text>Silicone sealants, more efficient than rubber, can better dampen shocks, protecting the wearer.</text>
  </string>
  <string id="st_up_kom_a2_name">
    <text>Absorptive silicone sealants</text>
  </string>
  <string id="st_up_kom_a3_descr">
    <text>To reduce the weight of the armor, the fabric, fasteners, and gaskets are made of lighter synthetic materials.</text>
  </string>
  <string id="st_up_kom_a3_name">
    <text>Lightweight, synthetic polymer materials</text>
  </string>
  <string id="st_up_kom_a4_descr">
    <text>Gumming helps avoid damage of soft tissues when hit by bullets or shrapnel.</text>
  </string>
  <string id="st_up_kom_a4_name">
    <text>Padded rubber gasket</text>
  </string>
  <string id="st_up_kom_a5_descr">
    <text>Padding will protect the body in the event that the raincoat's fabric is damaged.</text>
  </string>
  <string id="st_up_kom_a6_descr">
    <text>Multi box polycarbonate, silicone and carbon fiber in case the main armor becomes cracked.</text>
  </string>
  <string id="st_up_kom_a6_name">
    <text>Protective polymer insert</text>
  </string>
  <string id="st_up_kom_a7_descr">
    <text>Sealed protective clothing used by Freedom is designed for searching and collecting artifacts in anomalous areas.</text>
  </string>
  <string id="st_up_kom_a7_name">
    <text>"Expanse" protective suit</text>
  </string>
  <string id="st_up_kom_a8_descr">
    <text>Airtight inner layer of synthetic materials in the event the outer layer becomes damaged.</text>
  </string>
  <string id="st_up_kom_a8_name">
    <text>Synthetic stratum</text>
  </string>
  <string id="st_up_kom_b10_descr">
    <text>Ergonomic rubber design allows the wearer to maintain mobility even in the bulky armor.</text>
  </string>
  <string id="st_up_kom_b10_name">
    <text>Ergonomic rubber construction</text>
  </string>
  <string id="st_up_kom_b11_descr">
    <text>Constantan does not conduct electricity and melts only at very high temperatures.</text>
  </string>
  <string id="st_up_kom_b11_name">
    <text>Constantan-insulated inserts</text>
  </string>
  <string id="st_up_kom_b12_descr">
    <text>Lead - reliable protection against radiation, able to absorb all kinds of radiation particles.</text>
  </string>
  <string id="st_up_kom_b12_name">
    <text>Lead-infused protective suit</text>
  </string>
  <string id="st_up_kom_b1_descr">
    <text>Simple protection from rain and caustic substances falling onto the skin.</text>
  </string>
  <string id="st_up_kom_b1_name">
    <text>Canvas overalls</text>
  </string>
  <string id="st_up_kom_b2_descr">
    <text>Suits made from fabrics specially treated to offer great protection from fire, especially popular among stalkers hunting for fire artifacts.</text>
  </string>
  <string id="st_up_kom_b2_name">
    <text>Processed fireproof cloth</text>
  </string>
  <string id="st_up_kom_b3_descr">
    <text>Magnesium insert protects from extremely high temperatures.</text>
  </string>
  <string id="st_up_kom_b3_name">
    <text>Magnesium plate insert</text>
  </string>
  <string id="st_up_kom_b4_descr">
    <text>Dense polyethylene lining protects against the threat of poisonous substances and electrical shock.</text>
  </string>
  <string id="st_up_kom_b4_name">
    <text>Sealed polyethylene liner</text>
  </string>
  <string id="st_up_kom_b5_descr">
    <text>To reduce the weight of the armor, the fabric, fasteners, and gaskets can be made of lighter synthetic materials.</text>
  </string>
  <string id="st_up_kom_b5_name">
    <text>Synthetic replacements</text>
  </string>
  <string id="st_up_kom_b6_descr">
    <text>Plexiglas absorbs only two types of radioactive particles, but it is much lighter than lead.</text>
  </string>
  <string id="st_up_kom_b6_name">
    <text>Plexiglas lining to improve radiation protection</text>
  </string>
  <string id="st_up_kom_b7_descr">
    <text>Reliable protection from reactive materials and electrical discharges.</text>
  </string>
  <string id="st_up_kom_b7_name">
    <text>Sealed lining of flexible plastic</text>
  </string>
  <string id="st_up_kom_b8_descr">
    <text>Even a thin layer of constantan in the suit will provide excellent insulation from electric current.</text>
  </string>
  <string id="st_up_kom_b8_name">
    <text>Insulation layer with constantan</text>
  </string>
  <string id="st_up_kom_b9_descr">
    <text>Fiberglass is widely used in the service equipment of the Ministry for Emergency Situations.</text>
  </string>
  <string id="st_up_kom_b9_name">
    <text>Fiberglass thermal protection</text>
  </string>
  <string id="st_up_kom_c1_descr">
    <text>Impregnated fabric prevents harmful chemicals from poisoning the wearer.</text>
  </string>
  <string id="st_up_kom_c1_name">
    <text>Impregnated fabric</text>
  </string>
  <string id="st_up_kom_c2_descr">
    <text>Rubber offers minor protection from short-term radiation exposure.</text>
  </string>
  <string id="st_up_kom_c2_name">
    <text>Rubberized fabric suit</text>
  </string>
  <string id="st_up_kom_c3_descr">
    <text>Durable skid plates provide additional protection from bullets.</text>
  </string>
  <string id="st_up_kom_c3_name">
    <text>Protective insert "Shield" made from heavy-duty plastic</text>
  </string>
  <string id="st_up_kom_c4_descr">
    <text>Nickel - a refractory metal that can be used to protect the body from flames.</text>
  </string>
  <string id="st_up_kom_c4_name">
    <text>Refractory suit with nickel inserts</text>
  </string>
  <string id="st_up_kom_c5_descr">
    <text>An alloy of nickel, copper and manganese is used in the flak jacket to protect the wearer from electric shock.</text>
  </string>
  <string id="st_up_kom_c5_name">
    <text>Insulating protective suit with manganin inserts</text>
  </string>
  <string id="st_up_kom_c6_descr">
    <text>Sealed protective suit with corrosion-resistant coating and Kevlar armor.</text>
  </string>
  <string id="st_up_kom_c6_name">
    <text>"Second Skin" composite armored suit</text>
  </string>
  <string id="st_up_kom_c7_descr">
    <text>Protective suit created with a new generation of polymers, including inserts of bismuth.</text>
  </string>
  <string id="st_up_kom_c7_name">
    <text>"Environmentalist" polymer overalls with inserts of bismuth</text>
  </string>
  <string id="st_up_kom_c8_descr">
    <text>Lead grid forms a gapless protection from radiation and hazardous substances and does not restrict the mobility of the wearer.</text>
  </string>
  <string id="st_up_kom_c8_name">
    <text>"Rescuer" Plexiglas overalls with a flexible lead grid</text>
  </string>
  <string id="st_up_kom_c9_descr">
    <text>This domestic development appeared after the Chernobyl accident. Used in exoskeletons to protect the suit's electronics.</text>
  </string>
  <string id="st_up_kom_c9_name">
    <text>"Tow" suit with lead inserts</text>
  </string>
  <string id="st_up_opt_a1_descr">
    <text>Install an assault sight for close-range combat.</text>
  </string>
  <string id="st_up_opt_a1_name">
    <text>Reflex sight (1.6x)</text>
  </string>
  <string id="st_up_opt_a2_descr">
    <text>Install an optical sight for medium- to long-range combat.</text>
  </string>
  <string id="st_up_opt_a2_name">
    <text>Optical sight (4x)</text>
  </string>
  <string id="st_up_opt_a3_descr">
    <text>Install an optical sight for combat at long ranges.</text>
  </string>
  <string id="st_up_opt_a3_name">
    <text>Optical sight (5x)</text>
  </string>
  <string id="st_up_opt_a4_descr">
    <text>Install an optical sight for combat at long ranges.</text>
  </string>
  <string id="st_up_opt_a4_name">
    <text>Optical sight (6x)</text>
  </string>
  <string id="st_up_opt_b1_descr">
    <text>Modifies the red-dot sight to increase the contrast of the sight in the yellow end of the spectrum. Aids fighting in darkness or under-lit rooms.</text>
  </string>
  <string id="st_up_opt_b1_name">
    <text>Contrast sight</text>
  </string>
  <string id="st_up_opt_c1_descr">
    <text>Thermal imager allows the wearer to detect and locate sources of heat with characteristics similar to the human body.</text>
  </string>
  <string id="st_up_opt_c1_name">
    <text>Optical auto-target</text>
  </string>
  <string id="st_up_opt_c2_descr">
    <text>Installing this night vision device will help save the wearer's life - or take away someone else's.</text>
  </string>
  <string id="st_up_opt_c2_name">
    <text>Install NVG</text>
  </string>
  <string id="st_up_opt_c3_descr">
    <text>This modification adds an easy-to-adjust sight.</text>
  </string>
  <string id="st_up_opt_c3_name">
    <text>Adjustable rangefinder sight</text>
  </string>
  <string id="st_up_pri_a1_descr">
    <text>Adding a pneumatic butt serves to offset the recoil of automatic firing.</text>
  </string>
  <string id="st_up_pri_a1_name">
    <text>Pneumatic butt</text>
  </string>
  <string id="st_up_pri_b1_descr">
    <text>Floating shoulder stop significantly reduces the recoil momentum.</text>
  </string>
  <string id="st_up_pri_b1_name">
    <text>Cushioned shoulder stop</text>
  </string>
  <string id="st_up_pri_b2_descr">
    <text>Comfortable butt that takes into account the structural features of the human body.</text>
  </string>
  <string id="st_up_pri_b2_name">
    <text>Ergonomic butt</text>
  </string>
  <string id="st_up_pri_c1_descr">
    <text>When firing, propellant gas is discharged from the barrel into the cavity behind the shutter, ensuring smooth braking.</text>
  </string>
  <string id="st_up_pri_c1_name">
    <text>Gas buffer recoil bolt assembly</text>
  </string>
  <string id="st_up_pri_c2_descr">
    <text>Elongated bolt with partial removal of the bolt in the butt helps improve the flatness of the bullet's trajectory.</text>
  </string>
  <string id="st_up_pri_c2_name">
    <text>Longer rollback bolt</text>
  </string>
  <string id="st_up_pri_c3_descr">
    <text>Installing a movable component in the butt creates a counterweight for the recoil momentum.</text>
  </string>
  <string id="st_up_pri_c3_name">
    <text>Sliding counterbalance</text>
  </string>
  <string id="st_up_prih_a1_descr">
    <text>Increasing the support makes it possible to more accurately hit your mark.</text>
  </string>
  <string id="st_up_prih_a1_name">
    <text>Increased support</text>
  </string>
  <string id="st_up_prih_b1_descr">
    <text>Spring with damping elements helps to improve handling of the machine gun.</text>
  </string>
  <string id="st_up_prih_b1_name">
    <text>Built-in spring damper</text>
  </string>
  <string id="st_up_prih_c1_descr">
    <text>Adds a gas damper recoil bolt assembly located in the butt to largely dampen the recoil momentum.</text>
  </string>
  <string id="st_up_prih_c1_name">
    <text>Additional rollback damper</text>
  </string>
  <string id="st_up_pris_a1_descr">
    <text>Installs a rubber butt-cap stock initially set mainly in large-caliber sniper rifles.</text>
  </string>
  <string id="st_up_pris_a1_name">
    <text>Damping fragment butt</text>
  </string>
  <string id="st_up_pris_b1_descr">
    <text>An adjustable stock with a cheek support allows the shooter to comfortably hit targets even from uncomfortable positions.</text>
  </string>
  <string id="st_up_pris_b1_name">
    <text>Adjustable stock with cheek support</text>
  </string>
  <string id="st_up_pris_c1_descr">
    <text>Installs a hydraulic damper in the butt to absorb the powerful recoil of large-caliber weapons.</text>
  </string>
  <string id="st_up_pris_c1_name">
    <text>Hydraulic damper in the butt</text>
  </string>
  <string id="st_up_res_a1_descr">
    <text>Active filters can neutralize even the most corrosive chemicals.</text>
  </string>
  <string id="st_up_res_a1_name">
    <text>Active filters</text>
  </string>
  <string id="st_up_res_a2_descr">
    <text>Scientists have found that the closed steel hoop partially protects against psy-directional effects.</text>
  </string>
  <string id="st_up_res_a2_name">
    <text>Psy-radiation protection hoop</text>
  </string>
  <string id="st_up_res_a3_descr">
    <text>Mask used in conditions of high air pollution or extreme temperature.</text>
  </string>
  <string id="st_up_res_b1_descr">
    <text>Apply screening coating</text>
  </string>
  <string id="st_up_res_b1_name">
    <text>Apply screening coating</text>
  </string>
  <string id="st_up_res_b2_descr">
    <text>Protected filter with a reinforced anti-corrosion coating adding an additional layer of protection from hazardous substances.</text>
  </string>
  <string id="st_up_res_b2_name">
    <text>Pollution filter</text>
  </string>
  <string id="st_up_res_b3_descr">
    <text>Plexiglas mask can partially protect against radiation.</text>
  </string>
  <string id="st_up_res_b3_name">
    <text>Plexiglas cover</text>
  </string>
  <string id="st_up_res_b4_descr">
    <text>Plexiglas mask can partially protect against radiation.</text>
  </string>
  <string id="st_up_res_b4_name">
    <text>Plexiglas face mask</text>
  </string>
  <string id="st_up_res_b5_descr">
    <text>Insulated respirator allows the wearer to avoid inhalation of hazardous substances.</text>
  </string>
  <string id="st_up_res_b5_name">
    <text>Impregnated face mask</text>
  </string>
  <string id="st_up_res_c1_descr">
    <text>Beryllium-aluminum matrix that provides excellent protection despite its low weight.</text>
  </string>
  <string id="st_up_res_c1_name">
    <text>Beryllium-aluminum plate</text>
  </string>
  <string id="st_up_res_c2_descr">
    <text>Beryllium-titanium matrix provides the most effective protection without a big increase in the helmet's weight.</text>
  </string>
  <string id="st_up_res_c2_name">
    <text>Beryllium-titanium plates</text>
  </string>
  <string id="st_up_res_c3_descr">
    <text>These filters are designed for scientists capable to maximize the flow of oxygen in any degree of pollution.</text>
  </string>
  <string id="st_up_res_c3_name">
    <text>Install gain filters</text>
  </string>
  <string id="st_up_res_c4_descr">
    <text>High-tech psy-protection, invented by some scholar by the name of Sakharov.</text>
  </string>
  <string id="st_up_res_c4_name">
    <text>Install the "Psy-dome" hoop</text>
  </string>
  <string id="st_up_res_c5_descr">
    <text>Protective frame made of constantan allows the wearer to never fear thermal and electrical anomalies.</text>
  </string>
  <string id="st_up_res_c5_name">
    <text>"Burevestnik" constantan faceplate</text>
  </string>
  <string id="st_up_res_c6_descr">
    <text>Additional reinforcement to increase the helmet's durability.</text>
  </string>
  <string id="st_up_res_c6_name">
    <text>Strengthened reinforced construction helmet</text>
  </string>
  <string id="st_up_res_c7_descr">
    <text>Filter with reinforced grommets to allow clear breathing around hazardous substances.</text>
  </string>
  <string id="st_up_res_c7_name">
    <text>Amplified respirator for extreme conditions</text>
  </string>
  <string id="st_up_resp_a1_descr">
    <text>Night vision device allowing the wearer to confidently operate at night or in low-light rooms.</text>
  </string>
  <string id="st_up_resp_a1_name">
    <text>First generation NVG</text>
  </string>
  <string id="st_up_resp_a2_descr">
    <text>System to automatically switch to an enclosed breathing system in case of hazardous air pollution by radioactive or poisonous substances.</text>
  </string>
  <string id="st_up_resp_a2_name">
    <text>Pre-emptive radiation and chemical system</text>
  </string>
  <string id="st_up_resp_a3_name">
    <text>"Steam" respiratory mask</text>
  </string>
  <string id="st_up_resp_b1_descr">
    <text>Installs a better night vision device for use in complete darkness.</text>
  </string>
  <string id="st_up_resp_b1_name">
    <text>Second generation NVG</text>
  </string>
  <string id="st_up_resp_b2_descr">
    <text>Thermal imager allows the detection and identification of heat sources with certain characteristics.</text>
  </string>
  <string id="st_up_resp_b2_name">
    <text>Auto-aim system</text>
  </string>
  <string id="st_up_resp_b3_descr">
    <text>Wave device designed to work in areas with high levels of psy-radiation.</text>
  </string>
  <string id="st_up_resp_b3_name">
    <text>"Oracle" psy-stimulator</text>
  </string>
  <string id="st_up_resp_c1_descr">
    <text>Installs a better night vision device for use in complete darkness.</text>
  </string>
  <string id="st_up_resp_c1_name">
    <text>Third generation NVG</text>
  </string>
  <string id="st_up_resp_c2_descr">
    <text>Charges ions from air molecules to create a so-called ionic wind.</text>
  </string>
  <string id="st_up_resp_c2_name">
    <text>"Ion Wind" cooling system</text>
  </string>
  <string id="st_up_resp_c3_descr">
    <text>Infrared scanner allows you to reliably locate people, even in the dark.</text>
  </string>
  <string id="st_up_resp_c3_name">
    <text>Infrared scanner</text>
  </string>
  <string id="st_up_resp_c4_descr">
    <text>"SPB - VPZ.m.IV" - "Psy-protection wave device mark four".</text>
  </string>
  <string id="st_up_resp_c4_name">
    <text>"SPB - VPZ.m.IV" combat system</text>
  </string>
  <string id="st_up_ret_a1_descr">
    <text>Reinforced spring serves to increase the muzzle velocity.</text>
  </string>
  <string id="st_up_ret_a1_name">
    <text>Strong return spring</text>
  </string>
  <string id="st_up_ret_a2_descr">
    <text>Installing seals on the moving mechanical parts will help in the process of firing maximally stabilized bullets, increasing accuracy.</text>
  </string>
  <string id="st_up_ret_a2_name">
    <text>Amortization of return mechanism</text>
  </string>
  <string id="st_up_ret_a3_descr">
    <text>Installing additional springs with reverse course spiral can reduce the recoil without reducing flatness.</text>
  </string>
  <string id="st_up_ret_a3_name">
    <text>Additional return spring</text>
  </string>
  <string id="st_up_ret_b1_descr">
    <text>Protective coating increases the reliability, and, more importantly, also seals the receiver box.</text>
  </string>
  <string id="st_up_ret_b1_name">
    <text>Protective coating on return mechanism</text>
  </string>
  <string id="st_up_ret_b2_descr">
    <text>Titanium rods provide for a much more intensive fire than steel.</text>
  </string>
  <string id="st_up_ret_b2_name">
    <text>Titanium rod return mechanism</text>
  </string>
  <string id="st_up_ret_b3_descr">
    <text>Polymer detail rigidly fixes the trajectory of the rods, preventing the bullet from straying from the sights.</text>
  </string>
  <string id="st_up_ret_b3_name">
    <text>Add balancing element</text>
  </string>
  <string id="st_up_ret_c1_descr">
    <text>Sealing couplings helps to increase the pressure in the barrel and thus increases the muzzle velocity.</text>
  </string>
  <string id="st_up_ret_c1_name">
    <text>Seal clutch return mechanism</text>
  </string>
  <string id="st_up_ret_c2_descr">
    <text>Installs a jumper that is opened by gases and closed by the returning mechanism to noticeably increase rate of fire.</text>
  </string>
  <string id="st_up_ret_c2_name">
    <text>Install distribution jumper</text>
  </string>
  <string id="st_up_ret_c3_descr">
    <text>Replacing the basic return mechanism with a more powerful one - two guide rods and return springs - allows you to increase the rate of fire.</text>
  </string>
  <string id="st_up_ret_c3_name">
    <text>Duplicated guides and fighting springs</text>
  </string>
  <string id="st_up_roun_a1_descr">
    <text>Special channels and outputs for the gases in the drum site will reduce the recoil.</text>
  </string>
  <string id="st_up_roun_a1_name">
    <text>Use gas to reduce recoil</text>
  </string>
  <string id="st_up_roun_a2_descr">
    <text>Applying skew-shaped grooves on the drum provides rapid rotation mechanism through the use of force of powder gases.</text>
  </string>
  <string id="st_up_roun_a2_name">
    <text>Apply skew-shaped grooves on the drum</text>
  </string>
  <string id="st_up_stk_a1_descr">
    <text>Replacing the base lodge with a polymer can reduce the weapon's mass without compromising its reliability.</text>
  </string>
  <string id="st_up_stk_a1_name">
    <text>Impact-resistant polymer lodge</text>
  </string>
  <string id="st_up_stk_a2_descr">
    <text>Ultra strong receiver allows the weapon to withstand daily combat stress without compromising reliability.</text>
  </string>
  <string id="st_up_stk_a2_name">
    <text>Super-alloy receiver</text>
  </string>
  <string id="st_up_stk_a3_descr">
    <text>Enhance the front of the receiver to reduce the recoil momentum.</text>
  </string>
  <string id="st_up_stk_a3_name">
    <text>Receiver counterbalance</text>
  </string>
  <string id="st_up_stk_b1_descr">
    <text>The installed housing can increase the rate of fire of the weapons without the risk of the barrel overheating.</text>
  </string>
  <string id="st_up_stk_b1_name">
    <text>Additional cooling jacket</text>
  </string>
  <string id="st_up_stk_b2_descr">
    <text>More comfortable handles add convenience in handling the weapon while moving and firing.</text>
  </string>
  <string id="st_up_stk_b2_name">
    <text>Ergonomically shaped receiver</text>
  </string>
  <string id="st_up_stk_c1_descr">
    <text>Modifies the weapon's receiver to a "Bull-pup" design, simplifying its maintenance.</text>
  </string>
  <string id="st_up_stk_c1_name">
    <text>Modular receiver</text>
  </string>
  <string id="st_up_stk_c2_descr">
    <text>Coating smoothes minor flaws from the moving parts, significantly flattening the bullet's trajectory.</text>
  </string>
  <string id="st_up_stk_c2_name">
    <text>Smooth grooves and slots</text>
  </string>
  <string id="st_up_stk_c3_descr">
    <text>Hollows out the handle and installs a stabilizer, counterbalancing the recoil momentum.</text>
  </string>
  <string id="st_up_stk_c3_name">
    <text>Hollow handle with stabilizer</text>
  </string>
  <string id="st_up_stvd_a1_descr">
    <text>Hollow space inside the handle allows you to reduce the weapon's mass.</text>
  </string>
  <string id="st_up_stvd_a1_name">
    <text>Hollow handle</text>
  </string>
  <string id="st_up_stvd_a2_descr">
    <text>Lighter version of the base stock.</text>
  </string>
  <string id="st_up_stvd_a2_name">
    <text>Light butt</text>
  </string>
  <string id="st_up_stvd_a3_descr">
    <text>Replaces the frame with polymer materials to help reduce the weapon's mass.</text>
  </string>
  <string id="st_up_stvd_a3_name">
    <text>Impact-resistant polymer frame</text>
  </string>
  <string id="st_up_stvd_b1_descr">
    <text>Adds parts to counterbalance the weapon, reducing the recoil.</text>
  </string>
  <string id="st_up_stvd_b1_name">
    <text>Add counterbalance</text>
  </string>
  <string id="st_up_stvd_b2_descr">
    <text>Ergonomic handle makes the weapon noticeably more comfortable.</text>
  </string>
  <string id="st_up_stvd_b2_name">
    <text>Ergonomic handle</text>
  </string>
  <string id="st_up_stvd_b3_descr">
    <text>Padded handle helps to feel less recoil momentum.</text>
  </string>
  <string id="st_up_stvd_b3_name">
    <text>Padded handle</text>
  </string>
  <string id="st_up_stvd_b4_descr">
    <text>More comfortable butt simplifies handling of weapons.</text>
  </string>
  <string id="st_up_stvd_b4_name">
    <text>Ergonomic butt</text>
  </string>
  <string id="st_up_stvd_b5_descr">
    <text>Special coating protects the weapon from the damaging effects of weather.</text>
  </string>
  <string id="st_up_stvd_b5_name">
    <text>Corrosion coverage</text>
  </string>
  <string id="st_up_stvd_c1_descr">
    <text>Housed in the butt of the weapon, a mercury compensator takes up part of the recoil momentum during a shot.</text>
  </string>
  <string id="st_up_stvd_c1_name">
    <text>Mercury recoil compensator</text>
  </string>
  <string id="st_up_stvd_c2_descr">
    <text>Pulse counterbalance - A device that moves away from the muzzle when firing to compensate for part of the recoil.</text>
  </string>
  <string id="st_up_stvd_c2_name">
    <text>Pulse counterbalance</text>
  </string>
  <string id="st_up_stvh_a1_descr">
    <text>Change the barrel's material to reduce the load from uneven heating, thus improving the rate of fire.</text>
  </string>
  <string id="st_up_stvh_a1_name">
    <text>Heavy-duty, heat-resistant alloys</text>
  </string>
  <string id="st_up_stvh_b1_descr">
    <text>Modification to aid in ignoring the impact of the environment temperature.</text>
  </string>
  <string id="st_up_stvh_b1_name">
    <text>Add thermostatic housing</text>
  </string>
  <string id="st_up_stvh_b2_descr">
    <text>Modification requiring high skill, prevents individual points of the barrel from overheating.</text>
  </string>
  <string id="st_up_stvh_b2_name">
    <text>External barrel ribbing</text>
  </string>
  <string id="st_up_stvh_c1_descr">
    <text>Replacing the original barrel for a modern one helps significantly increase the weapon's accuracy.</text>
  </string>
  <string id="st_up_stvh_c1_name">
    <text>Change barrel geometry</text>
  </string>
  <string id="st_up_stvp_a1_descr">
    <text>Expensive receiver helps the weapon to function longer.</text>
  </string>
  <string id="st_up_stvp_a1_name">
    <text>Titanium receiver</text>
  </string>
  <string id="st_up_stvp_a2_descr">
    <text>More robust in comparison with the composite structure.</text>
  </string>
  <string id="st_up_stvp_a2_name">
    <text>All-steel construction</text>
  </string>
  <string id="st_up_stvp_b1_descr">
    <text>Changing basic framework to be lighter but no less firm.</text>
  </string>
  <string id="st_up_stvp_b1_name">
    <text>Polymer frame</text>
  </string>
  <string id="st_up_stvp_b2_descr">
    <text>More comfortable handle simplifies handling of weapons.</text>
  </string>
  <string id="st_up_stvp_b2_name">
    <text>Ergonomic handle</text>
  </string>
  <string id="st_up_stvp_b3_descr">
    <text>Padded handle makes the recoil less noticeable.</text>
  </string>
  <string id="st_up_stvp_b3_name">
    <text>Padded handle</text>
  </string>
  <string id="st_up_stvp_b4_descr">
    <text>Protective seals keep weapons from succumbing to the effects of dirt and damage.</text>
  </string>
  <string id="st_up_stvp_b4_name">
    <text>Shielding gaskets</text>
  </string>
  <string id="st_up_stvp_b5_descr">
    <text>Changes a handle's back to be straight for a more ergonomic design.</text>
  </string>
  <string id="st_up_stvp_b5_name">
    <text>Straightened handle back</text>
  </string>
  <string id="st_up_stvp_b6_descr">
    <text>The size of the handle can be adjusted to fit the operator's hand.</text>
  </string>
  <string id="st_up_stvp_b6_name">
    <text>Adjustable handle</text>
  </string>
  <string id="st_up_stvp_c1_descr">
    <text>Modification of the return spring (for spring located in the handle only).</text>
  </string>
  <string id="st_up_stvp_c1_name">
    <text>Spring return damper</text>
  </string>
  <string id="st_up_stvp_c2_descr">
    <text>Shaped handle, optimized by the individual's selection of a back plate.</text>
  </string>
  <string id="st_up_stvp_c2_name">
    <text>Handle with removable back plate</text>
  </string>
  <string id="st_up_stvs_a1_descr">
    <text>Barrel casing protects the weapon from rapid wear.</text>
  </string>
  <string id="st_up_stvs_a1_name">
    <text>Perforated steel casing</text>
  </string>
  <string id="st_up_stvs_b1_descr">
    <text>Better thought out and providing improved features part of a weapon.</text>
  </string>
  <string id="st_up_stvs_b1_name">
    <text>Effective muzzle brake and compensator</text>
  </string>
  <string id="st_up_stvs_b2_descr">
    <text>Improved design for the barrel to aid in sniping.</text>
  </string>
  <string id="st_up_stvs_b2_name">
    <text>Massive barrel with polygonal rifling</text>
  </string>
  <string id="st_up_stvs_b3_descr">
    <text>Longitudinal grooves inside the barrel prevent the barrel from clogging and overheating.</text>
  </string>
  <string id="st_up_stvs_b3_name">
    <text>Longitudinal grooves in the barrel</text>
  </string>
  <string id="st_up_stvs_c1_descr">
    <text>Integrated sound and flash suppressor required for concealed firing.</text>
  </string>
  <string id="st_up_stvs_c1_name">
    <text>Integrated suppressor</text>
  </string>
  <string id="st_up_stvs_c2_descr">
    <text>Sinusoidal channels cut into the barrel can increase the rate of fire, which is especially important for the assault weapons.</text>
  </string>
  <string id="st_up_stvs_c2_name">
    <text>Sinusoidal channels</text>
  </string>
  <string id="st_up_tch_a1_descr">
    <text>An A generation injector developed by Kiev's Institute periodically injects a mini-dose of adrenaline into the blood. On the one hand, it is dangerous for the wearer, but on the other can save lives, dramatically improving response in an emergency situation.</text>
  </string>
  <string id="st_up_tch_a1_name">
    <text>"Fury" adrenaline injector</text>
  </string>
  <string id="st_up_tch_a2_descr">
    <text>Poisonous condensate removal system for the purifying filter.</text>
  </string>
  <string id="st_up_tch_a2_name">
    <text>Agent extraction system</text>
  </string>
  <string id="st_up_tch_a3_descr">
    <text>A small wave emitter developed by the scientific group "Clear Sky" - Constant wearing increases blood coagulation.</text>
  </string>
  <string id="st_up_tch_a3_name">
    <text>"Ray" gemo-stimulator</text>
  </string>
  <string id="st_up_tch_a4_descr">
    <text>A system for ionizing the surface of the suit to actively repel and remove recently accrued radioactive and corrosive dirt on the suit.</text>
  </string>
  <string id="st_up_tch_a4_name">
    <text>Built-in dust repellant system</text>
  </string>
  <string id="st_up_tch_b1_descr">
    <text>A strong drop in blood pressure triggers the injection of a mini-dose of hemoglobin into the bloodstream to accelerate the clotting process.</text>
  </string>
  <string id="st_up_tch_b1_name">
    <text>"Hydra" hemoglobin injector</text>
  </string>
  <string id="st_up_tch_b2_descr">
    <text>Maintains optimum body temperature to avoid fatigue.</text>
  </string>
  <string id="st_up_tch_b2_name">
    <text>Install thermoregulation system</text>
  </string>
  <string id="st_up_tch_b3_descr">
    <text>Wave emitter that increase the speed at which open wounds heal, increasing the level of immunity and pain tolerance.</text>
  </string>
  <string id="st_up_tch_b3_name">
    <text>"Sun" bio-stimulator</text>
  </string>
  <string id="st_up_tch_b4_descr">
    <text>Wave device designed to work in the anomalous areas with high levels of psy-effects.</text>
  </string>
  <string id="st_up_tch_b4_name">
    <text>"Oracle" psy-stimulator</text>
  </string>
  <string id="st_up_tch_c1_descr">
    <text>A battle injector for a cocktail of complex chemicals, accelerating the regeneration of tissues and blocking the pain.</text>
  </string>
  <string id="st_up_tch_c1_name">
    <text>"Phoenix" regenerative injector</text>
  </string>
  <string id="st_up_tch_c2_descr">
    <text>Complex system for checking the wearer's vital signs as well as including injections for vitamins, epinephrine or anabolics.</text>
  </string>
  <string id="st_up_tch_c2_name">
    <text>Install life support system</text>
  </string>
  <string id="st_up_tch_c3_descr">
    <text>Installs wave radiators, an unknown device with strange emission properties. Distinguished by a pronounced calming effect on the nervous system.</text>
  </string>
  <string id="st_up_tch_c3_name">
    <text>"Gleam" neuro-stimulator</text>
  </string>
  <string id="st_up_usm_a1_descr">
    <text>This modification allows more accurate shooting during automatic fire.</text>
  </string>
  <string id="st_up_usm_a1_name">
    <text>Firing pin compensator</text>
  </string>
  <string id="st_up_usm_a2_descr">
    <text>One of the simplest and most common modifications can reduce the inertia of the trigger.</text>
  </string>
  <string id="st_up_usm_a2_name">
    <text>Soft trigger</text>
  </string>
  <string id="st_up_usm_b1_descr">
    <text>Replacement parts from composite materials are expensive, but will greatly increase a weapon's lifespan.</text>
  </string>
  <string id="st_up_usm_b1_name">
    <text>Composite trigger parts</text>
  </string>
  <string id="st_up_usm_b2_descr">
    <text>Modification can increase the rate of fire.</text>
  </string>
  <string id="st_up_usm_b2_name">
    <text>Moderated trigger</text>
  </string>
  <string id="st_up_usm_b3_descr">
    <text>Removal of the springs helps you quickly make the first shot.</text>
  </string>
  <string id="st_up_usm_b3_name">
    <text>Springless trigger</text>
  </string>
  <string id="st_up_usm_c1_descr">
    <text>Protective coating eliminates the possibility of misfires due to a failure in the trigger assembly.</text>
  </string>
  <string id="st_up_usm_c1_name">
    <text>Protective coating for trigger assembly</text>
  </string>
  <string id="st_up_usm_c2_descr">
    <text>Axle-free fixation helps increase the gun's automation, significantly increasing the rate of fire.</text>
  </string>
  <string id="st_up_usm_c2_name">
    <text>Axle-free fixation trigger assembly</text>
  </string>
  <string id="st_up_usm_c3_descr">
    <text>A soft firing pin that pierces the primer instead of hitting it, resulting in increased handling.</text>
  </string>
  <string id="st_up_usm_c3_name">
    <text>Unaccented trigger</text>
  </string>
  <string id="st_up_usmp_a1_descr">
    <text>Trigger is mechanically cocked at the first shot, arming all successive shots automatically.</text>
  </string>
  <string id="st_up_usmp_a1_name">
    <text>Double-action trigger</text>
  </string>
  <string id="st_up_usmp_b1_descr">
    <text>One of the simplest and most common modifications can reduce the inertia of the trigger.</text>
  </string>
  <string id="st_up_usmp_b1_name">
    <text>Soft trigger</text>
  </string>
  <string id="st_up_usmp_b2_descr">
    <text>Preliminary partial cocking of the hammer helps to increase the weapon's accuracy.</text>
  </string>
  <string id="st_up_usmp_b2_name">
    <text>Partially-cocked trigger mechanism</text>
  </string>
  <string id="st_up_usmp_b3_descr">
    <text>Thanks to the modified recoil spring, each shot feels exactly the same, allowing for more accurate fire.</text>
  </string>
  <string id="st_up_usmp_b3_name">
    <text>Repeating recoil spring</text>
  </string>
  <string id="st_up_usmp_b4_descr">
    <text>Modification aimed at preventing the slide from breaking down.</text>
  </string>
  <string id="st_up_usmp_b4_name">
    <text>Large head axis trigger</text>
  </string>
  <string id="st_up_usmp_b5_descr">
    <text>Modular firing mechanism ensures easy maintenance and replacement parts, as well as ease of use.</text>
  </string>
  <string id="st_up_usmp_b5_name">
    <text>Modular firing mechanism</text>
  </string>
  <string id="st_up_usmp_c1_descr">
    <text>Finely-tuned slide parts significantly reduce the distance and power needed to operate the trigger mechanism, allowing for more accurate fire.</text>
  </string>
  <string id="st_up_usmp_c1_name">
    <text>Installing tuned slide parts</text>
  </string>
  <string id="st_up_usmp_c2_descr">
    <text>Next step in maximizing ergonomy and ease of use of weapons, allowing multiple modes of fire.</text>
  </string>
  <string id="st_up_usmp_c2_name">
    <text>"Dual" mode of fire</text>
  </string>
  <string id="st_up_usmp_c3_descr">
    <text>After firing the first bullet, successive shots only require a half step of the gas system.</text>
  </string>
  <string id="st_up_usmp_c3_name">
    <text>Short course trigger assembly</text>
  </string>
  <string id="st_up_uti_a1_descr">
    <text>Amplified actuators help to make transportation of loads easier.</text>
  </string>
  <string id="st_up_uti_a1_name">
    <text>More servomotors</text>
  </string>
  <string id="st_up_uti_a2_descr">
    <text>System is filled with tetanus, anti-inflammatory and disinfecting facilities.</text>
  </string>
  <string id="st_up_uti_a2_name">
    <text>"Field Doctor" integrated system</text>
  </string>
  <string id="st_up_uti_a3_descr">
    <text>Ventilation overalls with safety filter, providing a safer environment in various kinds of pollution.</text>
  </string>
  <string id="st_up_uti_a3_name">
    <text>Internal thermoregulation system</text>
  </string>
  <string id="st_up_uti_a4_descr">
    <text>Ergonomic improvements - a special attachment to a protective suit helps you evenly distribute carried load.</text>
  </string>
  <string id="st_up_uti_a4_name">
    <text>Distribution vest</text>
  </string>
  <string id="st_up_uti_a5_descr">
    <text>An oxygen cylinder helps you survive in a polluted atmosphere, whether it's from radioactive particles or chemicals.</text>
  </string>
  <string id="st_up_uti_a5_name">
    <text>Install oxygen cylinder</text>
  </string>
  <string id="st_up_uti_b1_descr">
    <text>Installation of additional container for artifacts.</text>
  </string>
  <string id="st_up_uti_b1_name">
    <text>Additional container for artifacts</text>
  </string>
  <string id="st_up_uti_b2_descr">
    <text>Mounting system allows even distribution of the load over the entire body.</text>
  </string>
  <string id="st_up_uti_b2_name">
    <text>Anchorage system for the distribution of load</text>
  </string>
  <string id="st_up_uti_b3_descr">
    <text>Dorsal skeleton saves shoulder fatigue by distributing the weight load throughout the body, allowing you to carry more weapons, supplies and equipment in your backpack.</text>
  </string>
  <string id="st_up_uti_b3_name">
    <text>Dorsal frame weight distribution</text>
  </string>
  <string id="st_up_uti_b4_descr">
    <text>Supply system including decontamination, tetanus medication and stimulants. Produced in a rather primitive method, but causes no significant damage to the body.</text>
  </string>
  <string id="st_up_uti_b4_name">
    <text>"Custody" embedded system</text>
  </string>
  <string id="st_up_uti_b5_descr">
    <text>System provides built-in steel grill with electric charge of the same polarity as that of the anomaly, helping to reduce the threat to the wearer.</text>
  </string>
  <string id="st_up_uti_b5_name">
    <text>"Scate" anti-electrostatic system</text>
  </string>
  <string id="st_up_uti_b6_descr">
    <text>Impregnated liner to prevent chemical poisoning.</text>
  </string>
  <string id="st_up_uti_b6_name">
    <text>Chemical protection lining</text>
  </string>
  <string id="st_up_uti_b7_descr">
    <text>Experimental system for fast movement, in demand of likely only in the Zone because of the high price.</text>
  </string>
  <string id="st_up_uti_b7_name">
    <text>"Athlete" integrated system</text>
  </string>
  <string id="st_up_uti_b8_descr">
    <text>System to remove poisonous substances in the cavity of the respirator.</text>
  </string>
  <string id="st_up_uti_b8_name">
    <text>Poisonous substance removal system "Antidote"</text>
  </string>
  <string id="st_up_uti_c1_descr">
    <text>Installation of additional container for artifacts.</text>
  </string>
  <string id="st_up_uti_c1_name">
    <text>Additional two-slot container for artifacts</text>
  </string>
  <string id="st_up_uti_c2_descr">
    <text>Built-in protective suit system to briefly extend the combat capability of special forces. The system includes an injection of adrenaline and coagulants.</text>
  </string>
  <string id="st_up_uti_c2_name">
    <text>"Varyag" field support system</text>
  </string>
  <string id="st_up_uti_c3_descr">
    <text>Prototype system to support field capability, in which the designers have decided to abandon the adrenaline injection, but included a cocktail of military convoys, accelerating the healing of wounds.</text>
  </string>
  <string id="st_up_uti_c3_name">
    <text>"Skif" field support system</text>
  </string>
  <string id="st_up_zat_a1_descr">
    <text>This modification's not cheap, but it is certainly a future standard for new generation weapons.</text>
  </string>
  <string id="st_up_zat_a1_name">
    <text>Installing whole shutter</text>
  </string>
  <string id="st_up_zat_a2_descr">
    <text>Sealing the bolt prevents the loss of the propellant, thereby increasing flatness.</text>
  </string>
  <string id="st_up_zat_a2_name">
    <text>Sealed bolt</text>
  </string>
  <string id="st_up_zat_a3_descr">
    <text>Despite its name, this upgrade mainly affects the brass ejection system in order to allow it to keep up with a higher rate of fire.</text>
  </string>
  <string id="st_up_zat_a3_name">
    <text>Accelerated self-timer</text>
  </string>
  <string id="st_up_zat_b1_descr">
    <text>Excess gas is redirected in order to compensate for recoil, allowing for more accurate firing.</text>
  </string>
  <string id="st_up_zat_b1_name">
    <text>Bleed from shifting block</text>
  </string>
  <string id="st_up_zat_b2_descr">
    <text>A second gas piston acts as a counterbalance for the brass ejection mechanism and compensates for movement - this noticeably increases accuracy.</text>
  </string>
  <string id="st_up_zat_b2_name">
    <text>Additional gas piston</text>
  </string>
  <string id="st_up_zat_b3_descr">
    <text>Protective coating increases the tightness of the receiver box, which positively affects the reliability of weapons.</text>
  </string>
  <string id="st_up_zat_b3_name">
    <text>Protective shutter coating</text>
  </string>
  <string id="st_up_zat_b4_descr">
    <text>Adding oblique grooves on the slide box reduces the friction of moving parts and catches the waste, thereby preventing the mechanism from damaging the weapon.</text>
  </string>
  <string id="st_up_zat_b4_name">
    <text>Add longitudinal grooves</text>
  </string>
  <string id="st_up_zat_b5_descr">
    <text>With the help of synthetic sealants, the diameter of the gas chamber is reduced, significantly increasing the muzzle velocity.</text>
  </string>
  <string id="st_up_zat_b5_name">
    <text>Directed gases</text>
  </string>
  <string id="st_up_zat_b6_descr">
    <text>When the shutter is opened, air is directed through the bore to cool the weapon.</text>
  </string>
  <string id="st_up_zat_b6_name">
    <text>Forced cooling system</text>
  </string>
  <string id="st_up_zat_c1_descr">
    <text>Shutter case slides along the stem, preventing bouncing of the muzzle when fired.</text>
  </string>
  <string id="st_up_zat_c1_name">
    <text>Installing shutter case</text>
  </string>
  <string id="st_up_zat_c2_descr">
    <text>With the installation of a gas piston, gases cease to flow directly into the receiver box, which noticeably reduces the clogging of the weapon.</text>
  </string>
  <string id="st_up_zat_c2_name">
    <text>Installation of gas piston</text>
  </string>
  <string id="st_up_zat_c3_descr">
    <text>Some gas is retained in this gas-piston system in order to expedite its movements.</text>
  </string>
  <string id="st_up_zat_c3_name">
    <text>Enclosed gas piston system</text>
  </string>
  <string id="st_up_zat_c4_descr">
    <text>Optimizing the gas piston allows an increased rate of fire.</text>
  </string>
  <string id="st_up_zat_c4_name">
    <text>Short-stroke gas piston</text>
  </string>
  <string id="st_up_zat_c5_descr">
    <text>A roller locking system allows you to increase accuracy.</text>
  </string>
  <string id="st_up_zat_c5_name">
    <text>Roller-locked bolt</text>
  </string>
  <string id="st_up_zath_a1_descr">
    <text>New detailing, absorbing some heat from the barrel, helps to avoid overheating during intensive firing.</text>
  </string>
  <string id="st_up_zath_a1_name">
    <text>Heat absorbing parts</text>
  </string>
  <string id="st_up_zath_b1_descr">
    <text>A long-stroke gas piston slightly increases the overall length of the gun, but allows the bullet's trajectory to be flatter.</text>
  </string>
  <string id="st_up_zath_b1_name">
    <text>Long-stroke gas piston</text>
  </string>
  <string id="st_up_zath_b2_descr">
    <text>A buffer for moving parts evenly distributes the recoil momentum of the weapon's body, thereby increasing its accuracy.</text>
  </string>
  <string id="st_up_zath_b2_name">
    <text>Special buffer for moving parts</text>
  </string>
  <string id="st_up_zath_c1_descr">
    <text>Symmetrical forced cooling of the barrel, including the ejector, protects the weapon from overheating.</text>
  </string>
  <string id="st_up_zath_c1_name">
    <text>Uniform cooling system</text>
  </string>
  <string id="st_up_zatp_a1_descr">
    <text>New slide provides increased firing rate without overloading other automated parts of the weapon.</text>
  </string>
  <string id="st_up_zatp_a1_name">
    <text>Moving slide</text>
  </string>
  <string id="st_up_zatp_b1_descr">
    <text>Adds a new locking system with a more complete transfer of the powder's energy to help flatten the bullet's trajectory.</text>
  </string>
  <string id="st_up_zatp_b1_name">
    <text>Barrel locking system</text>
  </string>
  <string id="st_up_zatp_b2_descr">
    <text>The new system reduces the recoil momentum by slowing down the opening and closing of the shutter.</text>
  </string>
  <string id="st_up_zatp_b2_name">
    <text>Slow shutter rollback system</text>
  </string>
  <string id="st_up_zatp_b3_descr">
    <text>This spray coating protects weapon parts from rapid wear.</text>
  </string>
  <string id="st_up_zatp_b3_name">
    <text>Protective shutter coating</text>
  </string>
  <string id="st_up_zatp_b4_descr">
    <text>Adds a new locking system with a more complete transfer of the powder's energy to help flatten the bullet's trajectory.</text>
  </string>
  <string id="st_up_zatp_b4_name">
    <text>Tilted barrel lock</text>
  </string>
  <string id="st_up_zatp_b5_descr">
    <text>Larger indoor shutter protects the bolt of the gun from breaks.</text>
  </string>
  <string id="st_up_zatp_b5_name">
    <text>Widened shutter</text>
  </string>
  <string id="st_up_zatp_b6_descr">
    <text>Small buffer absorbs part of the recoil momentum.</text>
  </string>
  <string id="st_up_zatp_b6_name">
    <text>Polymer buffer compensator</text>
  </string>
  <string id="st_up_zatp_b7_descr">
    <text>A steel liner with shaped spiral grooves helps reduce the recoil momentum.</text>
  </string>
  <string id="st_up_zatp_b7_name">
    <text>Install locking liner</text>
  </string>
  <string id="st_up_zatp_b8_descr">
    <text>Extending the course of the shutter and at the same time strengthening retracting mechanism, it is possible to make bullet trajectory flatter.</text>
  </string>
  <string id="st_up_zatp_b8_name">
    <text>Improved shutter mechanism</text>
  </string>
  <string id="st_up_zatp_c1_descr">
    <text>A short-course shutter allows you to increase the rate of fire without changing the bullet trajectory.</text>
  </string>
  <string id="st_up_zatp_c1_name">
    <text>Short-course shutter</text>
  </string>
  <string id="st_up_zatp_c2_descr">
    <text>Using a long-course shutter allows the bullet to achieve a higher initial velocity.</text>
  </string>
  <string id="st_up_zatp_c2_name">
    <text>Long-course shutter</text>
  </string>
  <string id="st_up_zatp_c3_descr">
    <text>Design optimization of the gas piston allows for greater accuracy.</text>
  </string>
  <string id="st_up_zatp_c3_name">
    <text>Energy-efficient short-course shutter</text>
  </string>
  <string id="st_up_zatp_c4_descr">
    <text>Installing a single reflexive module with two springs noticeably increases the accuracy without losing rate of fire.</text>
  </string>
  <string id="st_up_zatp_c4_name">
    <text>Single relapsing module</text>
  </string>
  <string id="st_up_zatp_c5_descr">
    <text>Additional compensation holes in the barrel can noticeably reduce the recoil momentum.</text>
  </string>
  <string id="st_up_zatp_c5_name">
    <text>Recoil compensator</text>
  </string>
  <string id="st_up_zatp_c6_descr">
    <text>Replacement of mechanisms to allow fully automatic fire.</text>
  </string>
  <string id="st_up_zatp_c6_name">
    <text>Automatic mechanism</text>
  </string>
  <string id="st_up_zatp_c7_descr">
    <text>Replacement mechanisms to allow burst fire mode.</text>
  </string>
  <string id="st_up_zatp_c7_name">
    <text>Burst-fire mechanism</text>
  </string>
  <string id="st_upgr_cost">
    <text>Cost</text>
  </string>
  <string id="st_upgr_disable">
    <text>Cannot install</text>
  </string>
  <string id="st_upgr_installed">
    <text>Modification installed.</text>
  </string>
  <string id="st_upgrade_install">
    <text>Do you really want to install:</text>
  </string>
  <string id="st_prop_autolock">
    <text>Auto-target system</text>
  </string>
  <string id="st_prop_autolockscope">
    <text>Auto-target system</text>
  </string>
  <string id="st_prop_scope_5x">
    <text>Optical sight (5x)</text>
  </string>
  <string id="st_prop_scope_6x">
    <text>Optical sight (6x)</text>
  </string>
  <string id="st_prop_scanner">
    <text>Infrared scanner</text>
  </string>
  <string id="st_prop_weightoutfit">
    <text>Vest weight</text>
  </string>
  <string id="st_prop_night_vision_2">
    <text>2nd generation NVG</text>
  </string>
  <string id="st_prop_night_vision_3">
    <text>3rd generation NVG</text>
  </string>
  <string id="st_prop_scope_attach">
    <text>Optics mount</text>
  </string>
  <string id="st_int_suppressor">
    <text>Integral suppressor</text>
  </string>
  <string id="st_prop_grenade_launcher">
    <text>Weapon-mounted grenade launcher</text>
  </string>
  <string id="st_prop_restore_bleeding">
    <text>Healing</text>
  </string>
  <string id="st_prop_restore_health">
    <text>Health regeneration</text>
  </string>
  <string id="st_prop_night_vision">
    <text>1st generation NVG</text>
  </string>
  <string id="st_prop_scope">
    <text>Adjustable sight</text>
  </string>
  <string id="st_prop_contrast">
    <text>High-contrast sight</text>
  </string>
  <string id="st_prop_sprint">
    <text>Servo amplifiers</text>
  </string>
  <string id="st_prop_durability">
    <text>Suit durability</text>
  </string>
  <string id="st_gauss_cannot_be_repaired">
    <text>Unknown device. Without additional information about its construction, repair is impossible.</text>
  </string>
  <string id="st_upgr_cant_do">
    <text>Mechanic can not make this modification.</text>
  </string>
  <string id="st_upgr_group">
    <text>This part has already been modified.</text>
  </string>
  <string id="st_upgr_enough_money">
    <text>Not enough money</text>
  </string>
  <string id="st_no_buck">
    <text>No longer fires shot</text>
  </string>
  <string id="st_auto_fire">
    <text>Auto-fire mode</text>
  </string>
  <string id="st_semi_auto_fire">
    <text>3-round burst mode</text>
  </string>
  <string id="st_prop_artefact">
    <text>Artifact containers</text>
  </string>
  <string id="st_upgr_vodka">
    <text>Mechanic needs more vodka</text>
  </string>
  <string id="st_upgr_toolkit_1">
    <text>Mechanic needs a basic toolkit</text>
  </string>
  <string id="st_upgr_toolkit_2">
    <text>Mechanic needs a precision toolkit</text>
  </string>
  <string id="st_upgr_toolkit_3">
    <text>Mechanic needs tools for calibration</text>
  </string>
  <string id="st_upgr_condlist">
    <text>Mechanic requires additional data</text>
  </string>
  <string id="st_upgr_parents">
    <text>Earlier upgrade required</text>
  </string>
  <string id="st_up_arm_c9_name">
    <text>Protective layer "Armadillo" based on sapphire crystals</text>
  </string>
  <string id="st_up_arm_c5_name">
    <text>Reinforced titanium-beryllium matrix</text>
  </string>
  <string id="st_up_arm_c7_name">
    <text>"Extra" carbon fiber cover</text>
  </string>
  <string id="st_up_kom_a5_name">
    <text>Padding of rubberized fabric</text>
  </string>
</string_table>