<?xml version="1.0" encoding="windows-1251"?>
<string_table>
  <string id="st_antirad">
    <text>Anti-Radiation drugs</text>
  </string>
  <string id="st_antirad_descr">
    <text>An anti-radiation treatment of widespread use throughout the Zone. When used, it causes the constriction of peripheral blood vessels and oxygen deprivation, which in this case is a means of prevention and treatment of radiation sickness. While it is well tolerated by the overwhelming majority of people, it does have some possible side effects, including, but not limited to: dizziness, abdominal pain, vomiting, diarrhea, heart burn, high blood pressure, sudden death, slight nausea.</text>
  </string>
  <string id="st_bandage">
    <text>Bandage</text>
  </string>
  <string id="st_bandage_descr">
    <text>Antiseptic bandage to help stop bleeding and prevent infection. These bandages work well for everyday injuries one may sustain in the Zone.</text>
  </string>
  <string id="st_binocular_descr">
    <text>Military binoculars with adjustable (up to x7.5) magnification. Allows one to view terrain and buildings from a distance.</text>
  </string>
  <string id="st_binocular_name">
    <text>Binoculars</text>
  </string>
  <string id="st_bread">
    <text>Bread</text>
  </string>
  <string id="st_bread_descr">
    <text>No one knows who manages to bake these loaves in the Zone, or how they could smuggle them across the border. However, this bread is not infected with any terrible diseases, nor is it radioactive, and is in fact fresh and perfectly edible. In any case, the only complaint from stalkers is the lack of butter.</text>
  </string>
  <string id="st_conserva">
    <text>"Tourist's Delight"</text>
  </string>
  <string id="st_conserva_descr">
    <text>It's supposed to be some sort of canned food looted from an army warehouse, but it's impossible to tell, due to it's lack of labels. There's no guarantee it's not expired, but that's the risk stalkers are willing to take.</text>
  </string>
  <string id="st_detector1">
    <text>"Echo" detector</text>
  </string>
  <string id="st_detector1_descr">
    <text>An outdated anomaly detector. It reacts with an audible signal when the presence of anomalous particles is detected in a special chamber. In addition to warning of nearby anomalous activity, it can also register nearby artifacts, and their approximate distance. Distance to the artifact is determined by the frequency of the detector's beeps. Flip back the lid-antenna to activate the artifact locator. Due to simplicity of its design, this detector is only able to locate the most common types of artifacts.</text>
  </string>
  <string id="st_detector2">
    <text>"Bear" detector</text>
  </string>
  <string id="st_detector3">
    <text>"Veles" detector</text>
  </string>
  <string id="st_detector3_descr">
    <text>A next generation detector, mainly used by scientists. With three advanced registration chambers the location of the detected artifact is shown on a special screen. It is able to detect all artifacts and anomalies known to science. Open the screen to enable artifact detection.</text>
  </string>
  <string id="st_detector4">
    <text>"Svarog" prototype detector</text>
  </string>
  <string id="st_detector4_descr">
    <text>A prototype anomalous activity detector with extended functionality. It has the added ability to display known static zones of anomalous activity on its screen, while maintaining the ability to find artifacts. Theoretically, it is possible to detect artifacts that have yet to be discovered by scientists.</text>
  </string>
  <string id="st_device_torch_descr">
    <text>A head-mounted flashlight. A useful item for the stalker stuck being on the road in the middle of the night. Caution should be exercised, as it might attract unwanted attention.</text>
  </string>
  <string id="st_device_torch_name">
    <text>Flashlight</text>
  </string>
  <string id="st_drug_anabiotic">
    <text>Anabiotics</text>
  </string>
  <string id="st_drug_antidot">
    <text>Antidote</text>
  </string>
  <string id="st_drug_antidot_descr">
    <text>This drug is a complex of antidotes: metoclopramide, pyridoxine, thiamine, riboxin and others. It adds substances to the blood that are capable of decomposing protein toxins, as well as absorbing synthetic poisons. It is especially popular among stalkers who do not rely on gasmasks and jumpsuits. It has a prolonged effect.</text>
  </string>
  <string id="st_drug_booster">
    <text>Hercules</text>
  </string>
  <string id="st_drug_coagulant">
    <text>Periwinkle</text>
  </string>
  <string id="st_drug_coagulant_descr">
    <text>"Vicasol" - A synthetic analogue of vitamin K. Its main effect is to increase blood clotting. It has high demand among stalkers, as it allows the body to quickly create scars from lacerations. It has a prolonged effect.</text>
  </string>
  <string id="st_drug_psy_blockade">
    <text>Psy-block</text>
  </string>
  <string id="st_drug_psy_blockade_descr">
    <text>A drug used for blocking the triggering of nerve impulses. An interesting side effect: after taking the drug, a short-term blocking of all emotions has been observed. In the Zone, it is used to counteract anomalous areas with higher psy-activity. Outside the zone, no practical application has been found for it. It has a prolonged effect.</text>
  </string>
  <string id="st_drug_radioprotector">
    <text>Radioprotector</text>
  </string>
  <string id="st_energy_drink">
    <text>"Stalker" Energy Drink</text>
  </string>
  <string id="st_energy_drink_descr">
    <text>Stalkers often drink this on multi-day hikes, when there are no chances to stop and rest. It contains easily digestible carbohydrates, as well as drugs that cause the release of adrenaline in the blood.</text>
  </string>
  <string id="st_guitar_descr">
    <text>At least you'll always talk to me, my seven-stringed friend...</text>
  </string>
  <string id="st_guitar_name">
    <text>Russian guitar</text>
  </string>
  <string id="st_kolbasa">
    <text>"Dietary" sausage</text>
  </string>
  <string id="st_kolbasa_descr">
    <text>Often, for the lack of something better, the sausage - a mixture of chicken and soy substitutes - is breakfast, lunch and dinner for a stalker. Due to the large amount of preservatives, it will not spoil for a very long time.</text>
  </string>
  <string id="st_medkit">
    <text>Medkit</text>
  </string>
  <string id="st_medkit_army">
    <text>Army medkit</text>
  </string>
  <string id="st_medkit_army_descr">
    <text>A specialized medical kit for first aid treatment of injuries for use on the battlefield. The kit includes drugs for accelerating blood clotting, painkillers, antibiotics and immune stimulants. In addition, there is a simple surgical kit for the extraction of bullets. A standard kit for army personnel.</text>
  </string>
  <string id="st_medkit_descr">
    <text>A universal set of disposable medical applications. Allows you to cope with injuries of various types and degrees of complexity: cuts, abrasions, damage to the soft tissues, thermal and chemical burns, and all kinds of food poisoning. Popular with stalkers for obvious reasons.</text>
  </string>
  <string id="st_medkit_science">
    <text>Scientific medkit</text>
  </string>
  <string id="st_medkit_science_descr">
    <text>A medical kit designed specifically for researchers who work in the Zone. Provides means for the healing of massive trauma, and to prevent the development of radiation sickness. Unlike the other kits, this one contains coagulants and anti-radiation drugs.</text>
  </string>
  <string id="st_pda_descr">
    <text>There is no saved data of use in the PDA.</text>
  </string>
  <string id="st_pda_name">
    <text>PDA</text>
  </string>
  <string id="st_vodka">
    <text>"Cossacks" vodka</text>
  </string>
  <string id="st_vodka_descr">
    <text>Vodka produced by the company "GSC". A good and popular drink, it significantly reduces the effects of radiation on an individual, though it should not be abused.</text>
  </string>
  <string id="st_detector2_descr">
    <text>A previous generation anomalous activity detector. Equipped with an anomaly locator and an LED display to show the direction of a nearby artifact, it can not only detect artifacts, but also determine the distance to them. Flip back the lid-antenna to activate the artifact locator. Unfortunately, it has an outdated list of artifacts that it can locate programmed into it on the hardware level.</text>
  </string>
  <string id="st_drug_anabiotic_descr">
    <text>An experimental drug developed for research groups operating in the Zone. The underlying drug, tetrodotoxin, also known as "zombie powder", causes paralysis of the central nervous system, which, presumably, could help an individual survive the Blowout while outside shelter. The drug was tested in the field, and failed clinical tests, casting doubt on its effectiveness. There's also the question of possible side effects.</text>
  </string>
  <string id="st_bolt">
    <text>Bolt</text>
  </string>
  <string id="st_drug_booster_descr">
    <text>Its main component is an artificially created steroid, chemically similar to testosterone. Used by stalkers on long journeys to increase their muscle fatigue threshold. Helps to significantly increase the amount of weight one can carry. It has a prolonged effect.</text>
  </string>
  <string id="st_drug_radioprotector_descr">
    <text>A radioprotector, "Indralin-B190", was part of the personal kits used by power plant staff. It was used as a substitute in the Zone to the toxic cystamine hydrochloride FC1. Reduces the impact of gamma radiation on the tissue of living organisms. It is best to use it preemptively, before contact with radiation, since the drug's effect is not instantaneous. It has a prolonged effect.</text>
  </string>
  <string id="st_harmonica_name">
	<text>Harmonica</text>
	</string>
	<string id="st_harmonica_descr">
	<text>For blues fans and romantic inmates.</text>
	</string>
</string_table>