<?xml version="1.0" encoding="windows-1251"?>
<string_table>
  <string id="jup_a9_conservation_info">
    <text>Papers with records</text>
  </string>
  <string id="jup_a9_conservation_info_desc">
    <text>These papers state that according to the order of the chief of the Section I the underground pass "Pripyat-1" was sealed off and filled with a mixture of carbon dioxide and an unknown additive. The personnel were required to use hazmat suits with closed-circuit breathing apparatus.</text>
  </string>
  <string id="jup_a9_delivery_info">
    <text>Supply notes for "Product #62"</text>
  </string>
  <string id="jup_a9_delivery_info_desc">
    <text>"Due to the anomalous phenomena the transportation of Product #62 above ground is impossible. Thus it is necessary to utilize the underground pass Pripyat-1. The plan of transportation through and subsequent sealing of the tunnel is directed to the First Division headquarters".</text>
  </string>
  <string id="jup_a9_evacuation_info">
    <text>Folder with orders</text>
  </string>
  <string id="jup_a9_evacuation_info_desc">
    <text>The documents talk about the evacuation of an industrial complex from the factory Jupiter into an underground laboratory. This discussion was to be held in the laboratory building.</text>
  </string>
  <string id="jup_a9_losses_info">
    <text>Delivery schedule</text>
  </string>
  <string id="jup_a9_losses_info_desc">
    <text>"The graph of "Product #62" supplies: 14.07 - 20 (twenty) units, 1 (one) damaged; 21.07 - 32 (thirty-two) units, 2 (two) damaged; 28.07 - 26 (twenty-six) units, 1 (one) damaged. The report on loss percentage is directed to the administration building. A backup copy is sent to the repair shop".</text>
  </string>
  <string id="jup_a9_meeting_info">
    <text>Notebook sheet</text>
  </string>
  <string id="jup_a9_meeting_info_desc">
    <text>The result of the conference: all sections should focus on evacuation of the production complex of "Product #62".</text>
  </string>
  <string id="jup_a9_power_info">
    <text>Duty shift journal</text>
  </string>
  <string id="jup_a9_power_info_desc">
    <text>"18:30 - All sections of "P-1" are hermetically sealed. 19:00 - The railroad gates are hermetically sealed. 19:45 - The transport gate is sealed. An auxiliary generator had to be used for this due to the planned power cut. 20:00 - The chemical plant began filling the pass with the gaseous compound. 22:00 - The process of sealing the underground pass is completed. All documentation is sent to Section I."</text>
  </string>
  <string id="jup_a9_way_info">
    <text>Passage schematic</text>
  </string>
  <string id="jup_a9_way_info_desc">
    <text>The schematic of the "Pripyat-1" underground passage. According to the scheme, it goes on under the city. There are two markings on the scheme: "1. Seal off the transport gate" and "2. Use the gas produced in the chemical compound plant for the conservation of the pass".</text>
  </string>
  <string id="jup_b1_half_artifact">
    <text>Mutated insulator</text>
  </string>
  <string id="jup_b1_half_artifact_descr">
    <text>This item has been an electrical insulator once. Now it's a half-formed artifact with unstable properties. Most likely, it is the source of the varying psy-field.</text>
  </string>
  <string id="jup_b200_tech_materials_acetone">
    <text>Rosin</text>
  </string>
  <string id="jup_b200_tech_materials_acetone_descr">
    <text>A box of Rosin flux used for soldering. A rather rare item in the Zone: usually broken items are fixed by taping them together.</text>
  </string>
  <string id="jup_b200_tech_materials_capacitor">
    <text>Capacitor package</text>
  </string>
  <string id="jup_b200_tech_materials_capacitor_descr">
    <text>A pack of capacitors. In and of themselves, they are not rare in the Zone. However, the marked capacity of these parts is so high that imagining a use for them is rather difficult.</text>
  </string>
  <string id="jup_b200_tech_materials_textolite">
    <text>Textolite framework</text>
  </string>
  <string id="jup_b200_tech_materials_textolite_descr">
    <text>Textolite is the base of an electronic circuit board. The feelings that an electronics enthusiast feels at the sight of a clean textolite plate are only comparable by the feelings of a writer at the sight of a blank page.</text>
  </string>
  <string id="jup_b200_tech_materials_transistor">
    <text>Transistor package</text>
  </string>
  <string id="jup_b200_tech_materials_transistor_descr">
    <text>A box of high quality transistors - semiconductors capable of generating, transforming, and amplifying electrical impulses. The most sought after item by any electronics technicians who ended up in the Zone.</text>
  </string>
  <string id="jup_b200_tech_materials_wire">
    <text>Copper wire coil</text>
  </string>
  <string id="jup_b200_tech_materials_wire_descr">
    <text>Copper is an excellent conductor. Due to this fact and the fact that copper can fetch a high price at metal recycling plants, it is a quite rare metal in the Zone. Most copper supplies in the Zone were found and recycled in mid 1990s.</text>
  </string>
  <string id="jup_b209_monster_scanner">
    <text>Mutant presence scanner</text>
  </string>
  <string id="jup_b209_monster_scanner_descr">
    <text>A complex device consisting of an anomalous activity scanner, a mutant presence sensor (limited radius) and a memory block. The device is supplied with an automatic switch that turns it off after collecting a sufficient amount of data.</text>
  </string>
  <string id="jup_b47_jupiter_products_info">
    <text>Administrative documents</text>
  </string>
  <string id="jup_b47_jupiter_products_info_descr">
    <text>A folder with documents that contain purely administrative information. The documents state that, according to an order from the central laboratory, all technical documentation on "Product #62" was transferred to the testing department.</text>
  </string>
  <string id="jup_b47_merc_pda">
    <text>Cherniy's PDA</text>
  </string>
  <string id="jup_b47_merc_pda_desc">
    <text>Among the few messages, one attracts particular attention because of the nickname of the sender: Jackal. "My man in the Institute will recommend you to the head of the expedition. He will have to take your people to protect the bunker, this will make it easier. Remember: the customer wants no information on the objects with index "X" to reach the hands of the scientists. If anything is leaked, we're dead as soon as we are out of the Zone. Don't let me down, Cherniy."</text>
  </string>
  <string id="jup_b9_blackbox">
    <text>"Black box"</text>
  </string>
  <string id="jup_b9_blackbox_descr">
    <text>A "black box" that survived after the crash of helicopter "Skat-1". It should hold information about the last minutes of the flight.</text>
  </string>
  <string id="pri_a25_explosive_charge_descr">
    <text>Military-grade plastic explosives. Equipped with a five-second timer.</text>
  </string>
  <string id="pri_a25_explosive_name">
    <text>Timed explosives</text>
  </string>
  <string id="st_af_quest_b14_twisted">
    <text>Altered steering wheel</text>
  </string>
  <string id="st_device_flash_snag">
    <text>Snag's PDA</text>
  </string>
  <string id="st_device_flash_snag_descr">
    <text>This PDA contains a map with a marking near the train substation - most likely a stash - plus a few low-quality erotic pictures.</text>
  </string>
  <string id="st_device_pda_port_bandit_leader">
    <text>Bandit's PDA</text>
  </string>
  <string id="st_device_pda_port_bandit_leader_descr">
    <text>The last message on the PDA: "Bring this Snag over here; I want to talk to him. Bring him to me no matter where he is. If he resists, teach him a lesson. That is all. Sultan".</text>
  </string>
  <string id="st_device_pda_zat_b5_dealer_desc">
    <text>This PDA stores data on Morgan's clients, as well as coordinates of a secret Duty stash that Morgan got his weapons from. The weapons were sold to mercenaries. There is also information of dealings with a certain Sultan. In order to cover his tracks, Morgan decided to give the location of the stash to Freedom. The one responsible for that was his partner Grif. Also, the PDA tells of a certain sensor that was supposed to alert Duty in case of anyone opening the stash and which is only possible to deactivate by Morgan himself. This data will most likely interest both Duty and Freedom.</text>
  </string>
  <string id="st_device_pda_zat_b5_dealer_name">
    <text>Morgan's PDA</text>
  </string>
  <string id="st_jup_b10_notes_01_desc">
    <text>A note on the reverse side of an old document: "Ghost, I am taking all my items. A big thanks for the rifle - it's a great help. In return, I left some meds for you from Doctor. I managed to lure a mercenary that was following me into a trap, so I won't need them... hopefully. I am going to a rendezvous with Fang right now: he managed to assemble the decoder. Meet up at the usual place. Strelok.</text>
  </string>
  <string id="st_jup_b10_notes_01_name">
    <text>Note to Ghost</text>
  </string>
  <string id="st_jup_b10_notes_02_desc">
    <text>A note on a sheet torn out of a notebook: "Strelok, I left the second decoder in our Pripyat stash just in case. Me and Ghost are going to Agroprom right now. We are leaving leftover equipment here. Take anything you need. Good luck! Fang".</text>
  </string>
  <string id="st_jup_b10_notes_02_name">
    <text>Note to Strelok</text>
  </string>
  <string id="st_jup_b10_notes_03_desc">
    <text>A note on the reverse side of an old document: "Fang, I cannot wait for you anymore - I have a huge flock chasing me. I am going to the Sarcophagus alone. I'm leaving my lucky gun behind: getting ammo for it is harder and harder. If I don't return, give it to Ghost and tell him to take care of it - a decent gun. Later! Strelok".</text>
  </string>
  <string id="st_jup_b10_notes_03_name">
    <text>Note to Fang</text>
  </string>
  <string id="st_jup_b10_ufo_memory_2_desc">
    <text>A memory module extracted from an unmanned reconnaissance vehicle. Novikov unlocked the module and accessed the gathered intelligence. Among other things, it contains coordinates of three radio beacons.</text>
  </string>
  <string id="st_jup_b10_ufo_memory_2_name">
    <text>Memory module (unlocked)</text>
  </string>
  <string id="st_jup_b10_ufo_memory_desc">
    <text>A memory module extracted from an unmanned reconnaissance vehicle. Despite the crash of the vehicle, the module is still functional - but, sadly, the information on it is locked.</text>
  </string>
  <string id="st_jup_b10_ufo_memory_name">
    <text>Memory module (locked)</text>
  </string>
  <string id="st_jup_b205_sokolov_note_desc">
    <text>An old sheet with a guard schedule. There are four numbers on the bottom of it: "1421". Above the old writing is a scribble made with a marker: "Lt. Sokolov V.I. Due to the helicopter crash I proceeded to the evacuation point "B205". No evacuation happened within 2 days, remaining on the point any further is too risky. Therefore I took a decision to leave the evacuation point and head towards the science team bunker. The bunker is located NE of the evacuation point".</text>
  </string>
  <string id="st_jup_b205_sokolov_note_name">
    <text>Note from Sokolov</text>
  </string>
  <string id="st_jup_b206_plant_desc">
    <text>A plant that has previously been a part of the anomalous grove. The trees reacted rather violently upon intrusion, but the plant itself has not shown any dangerous properties yet.</text>
  </string>
  <string id="st_jup_b206_plant_name">
    <text>Anomalous plant</text>
  </string>
  <string id="st_jup_b207_merc_pda_with_contract_desc">
    <text>The last received message on this PDA is from Morgan. In essence, this is an order on elimination of a stalker named Degtyarev. There are several photographs attached to the message. At the end of the message, Morgan demands to erase it.</text>
  </string>
  <string id="st_jup_b207_merc_pda_with_contract_name">
    <text>Mercenary's PDA</text>
  </string>
  <string id="st_jup_b32_scanner_device_desc">
    <text>The case of this device holds an artifact detector, an accumulator and a powerful transmitter. This thing should be able to scan anomalies and determine the amount and type of artifacts in it. All received information should be automatically sent to scientist bunker.</text>
  </string>
  <string id="st_jup_b32_scanner_device_name">
    <text>Anomalous activity scanner</text>
  </string>
  <string id="st_jup_b46_duty_founder_pda_desc">
    <text>The last recording on the PDA is a voice clip:\n"...wherever you go, you always return to the same place. This goddamn fog... impossible to get used to... Chepurnoy disappeared without a trace. Strange. Maybe he found an exit?...\nDay six, we are out of water... The colonel has lost it: he shot two people and then sent a bullet through his own brains... I am alone now. Alone inside this godforsaken anomaly... Why the hell did I sever connections to the Center! They could have retrieved me, huh? Retirement, a summer house, fishing - and there would be no Duty... Really, interesting, how would it have turned out?... But damn it all. Captain Tkachenko is already long dead... And the Duty General Tkachenko will leave now, forever... to the upper tundra, to the places rich in deer... that's justice for you".\nYou can hear the sound of a gunshot, then the recording breaks off.</text>
  </string>
  <string id="st_jup_b46_duty_founder_pda_name">
    <text>Gen. Tkachenko's PDA</text>
  </string>
  <string id="st_lx8_service_instruction_descr">
    <text>The instructions describe how to use "Product #62". Particularly emphasized that, when aiming, adjustments for wind and lead should not be performed, because these parameters are insignificant in the effective range of use.\nThese documents should not fall into the wrong hands: they are clearly of interest to analysts of the SBU.</text>
  </string>
  <string id="st_lx8_service_instruction_name">
    <text>Instruction for "Product #62"</text>
  </string>
  <string id="st_pri_a19_american_experiment_info_descr">
    <text>In the notebook there is a detailed description of experiments about psy-field effects on an object located in another hemisphere. A group of scientists on a ship in the Caribbean received the signal which, however, was distorted. Modulations were inexplicably distorted, almost as if they were "adjusted" by someone. One working hypothesis is based on the assumption of the truth of the theory of the noosphere, which supposedly brought these distortions.\nThese documents should not fall into the wrong hands: they are clearly of interest to SBU analysts.</text>
  </string>
  <string id="st_pri_a19_american_experiment_info_name">
    <text>Notebook with a record of an experiment</text>
  </string>
  <string id="st_pri_a19_lab_x10_info_descr">
    <text>The documents indicate the technical characteristics of the antenna and how they differ from predicted. On the other side of the notebook there is a title - it shows that this documentation is compiled in lab X10.\nThese documents should not fall into the wrong hands: they are clearly of interest to SBU analysts.</text>
  </string>
  <string id="st_pri_a19_lab_x10_info_name">
    <text>"Rainbow" Emitter - main performance characteristics</text>
  </string>
  <string id="st_pri_a19_lab_x16_info_descr">
    <text>The documents referred to one of the adverse results of research - the discovery of the ability of living creatures to generate psy-radiation of directional nature. In the process of research a biological field emitter was grown in lab X16 - basically a giant brain.\nThese documents should not fall into the wrong hands: they are clearly of interest to SBU analysts.</text>
  </string>
  <string id="st_pri_a19_lab_x16_info_name">
    <text>Documents on research</text>
  </string>
  <string id="st_pri_a19_lab_x18_info_descr">
    <text>This report refers to the study of biological samples sent from lab X18. The samples were exposed to information fields of varying intensity. The report describes in detail the mutations of living organisms, caused by such exposure.\nThese documents should not fall into the wrong hands: they are clearly of interest to SBU analysts.</text>
  </string>
  <string id="st_pri_a19_lab_x18_info_name">
    <text>Report on sample study</text>
  </string>
  <string id="st_pri_a19_lab_x7_info_descr">
    <text>The document refers to transfer of the research team and of all materials into lab X7, which will research the problem of the influence of the noosphere. Composition of the study group: Lebedev NA, Calancha EF, Suslov VI.\nThese documents should not fall into the wrong hands: they are clearly of interest to SBU analysts.</text>
  </string>
  <string id="st_pri_a19_lab_x7_info_name">
    <text>Transfer order</text>
  </string>
  <string id="st_pri_b306_envoy_pda_desc">
    <text>The last entry on the PDA states: "I found the auxiliary generator on the maintenance sixth floor. Wasted 2 hours to bring it to a more or less working state. Should try launching it, but Serbin forbid doing anything until he brings people.</text>
  </string>
  <string id="st_pri_b306_envoy_pda_name">
    <text>Barchuk's PDA</text>
  </string>
  <string id="st_pri_b35_lab_x8_key_desc">
    <text>A red magnetic key-card. One of the surfaces reads "X8".</text>
  </string>
  <string id="st_pri_b35_lab_x8_key_name">
    <text>Red key-card - "X8"</text>
  </string>
  <string id="st_pri_b36_monolith_hiding_place_pda_desc">
    <text>The PDA holds many entries that make no sense, but one of them attracts attention: "The Monolith has talked to its children and ordered to collect all spare equipment and stash them in places hidden from heretics; and these places should be marked with the Sign. There will be hard times, and those who can hear the Monolith will be able to use its wisdom... I relayed the wisdom of the Monolith to my brothers and pointed to the locations..."</text>
  </string>
  <string id="st_pri_b36_monolith_hiding_place_pda_name">
    <text>A Monolith's PDA</text>
  </string>
  <string id="st_toolkit_1_desc">
    <text>The "Young technician" tool set. It's doubtful that it can be used for fine work, but considering the lack of proper tools in the Zone a decent technician should be able to make do.</text>
  </string>
  <string id="st_toolkit_1_name">
    <text>Tools for rough work</text>
  </string>
  <string id="st_toolkit_2_desc">
    <text>A nice set of tools. Looks like it was assembled by a skilled master for his own personal use. Despite all the years, the tool set is in a good condition.</text>
  </string>
  <string id="st_toolkit_2_name">
    <text>Tools for fine work</text>
  </string>
  <string id="st_toolkit_3_desc">
    <text>A professional tool set for fine adjustment of equipment. The label on the box states that the set was produced in GDR. The tools included in the set are sufficient to perform nearly any kind of work on fine-tuning and calibration.</text>
  </string>
  <string id="st_toolkit_3_name">
    <text>Tools for calibration</text>
  </string>
  <string id="st_zat_a23_access_card">
    <text>Old magnetic key-card</text>
  </string>
  <string id="st_zat_a23_access_card_descr">
    <text>This magnetic key-card belongs to Cardan. It was used for access to the test chamber of "Product #62".</text>
  </string>
  <string id="st_zat_a23_gauss_rifle_docs">
    <text>Documentation on "Product #62"</text>
  </string>
  <string id="st_zat_a23_gauss_rifle_docs_descr">
    <text>This documentation describes the principle of work and main technical characteristics of the electromagnetic device.\nThere is a note in the documents: "The documentation should be returned to lab X8, the central one. I'm busy, do it yourself. Go to the Jubilee KBO, use the magnetic card to reach floor -2. After that it's self-explanatory. The key-card is attached.\nN. Lebedev"\nThese documents should not fall into the wrong hands: they are clearly of interest to SBU analysts.</text>
  </string>
  <string id="st_zat_a23_labx8_key_name">
    <text>Yellow key-card - "X8"</text>
  </string>
  <string id="st_zat_b12_documents_1">
    <text>Order #562</text>
  </string>
  <string id="st_zat_b12_documents_2">
    <text>Internal order #423</text>
  </string>
  <string id="st_zat_b12_key_1">
    <text>Key "A"</text>
  </string>
  <string id="st_zat_b12_key_1_descr">
    <text>An ordinary-looking key marked with a single letter "A".</text>
  </string>
  <string id="st_zat_b12_key_2">
    <text>Key "B"</text>
  </string>
  <string id="st_zat_b12_key_2_descr">
    <text>An ordinary-looking key marked with a single letter "B".</text>
  </string>
  <string id="st_zat_b20_noah_pda_desc">
    <text>The voice in one of the audio recordings is particularly worked up: "Aha, there you are, fucking mutants!... So you climbed up there and think Noah can't get you? He-he! Looks like you don't know I have a personal way near the northern village... You're screwed, bastards!".</text>
  </string>
  <string id="st_zat_b20_noah_pda_name">
    <text>Noah's PDA</text>
  </string>
  <string id="st_zat_b40_notebook_desc">
    <text>Amidst the load of spam the laptop's inbox holds a single message marked with an importance flag:\n"Establish a base at the recycling factory: everyone who joins the case will arrive at your place. Do not wait for Cherniy: he'll be at Jupiter with his people, he has his own mission. The military has ceased with their flights around the Zone, so there should be no problems. When stalkers find a way to Pripyat, we will send a guide and wait while the customer arrives - they will point out the location of the lab.\nJackal".</text>
  </string>
  <string id="st_zat_b40_notebook_name">
    <text>Mercenary laptop</text>
  </string>
  <string id="st_zat_b40_pda_1_desc">
    <text>The last incoming message is:\n"We're sticking around some old shops right now. I sent two people to check out the road to you. However, we will wait here until the customer's representative shows up - the air is fresher here.\nHatchet"</text>
  </string>
  <string id="st_zat_b40_pda_1_name">
    <text>Hook's PDA</text>
  </string>
  <string id="st_zat_b40_pda_2_name">
    <text>Backbone's PDA</text>
  </string>
  <string id="st_zat_b57_gas_desc">
    <text>A container filled with a dangerous neurotoxin.</text>
  </string>
  <string id="st_zat_b57_gas_name">
    <text>"Perrin-V3" gas container</text>
  </string>
  <string id="zat_b33_safe_container_desc">
    <text>The box is locked with a rather intricate lock. Judging by its weight and the sounds when shaken, the box holds something.</text>
  </string>
  <string id="zat_b33_safe_container_name">
    <text>Steel box</text>
  </string>
  <string id="zat_b39_joker_pda_description">
    <text>A recording in the PDA: "Now I am absolutely sure that the artifact is not down here! It should be on the tree itself! I think it's possible to climb up it from the hill. I just hope there are no monsters around. Sigh, it sucks that after the quarrel with Barge and Cardan I have to go here alone... But as soon as I get the artifact, they will understand who they should have listened to!"</text>
  </string>
  <string id="zat_b39_joker_pda_name">
    <text>Joker's PDA</text>
  </string>
  <string id="zat_b44_barge_pda_desc">
    <text>The last entry on the PDA bears an air of resentment: "Cardan's an old drunkard! When he drinks, he won't lift his ass off the chair - yeah, right, "we need to take our time"... idiot! He even lashed out at Joker and me - we are too young and inexperienced, blah blah... Damn! Joker's one of a kind as well: he just left off without saying a word! While I took my time calming Cardan down, he disappeared in an unknown direction. And what should I do now with this old idiot, drink vodka? Even this vodka is shit... phew... and how well it all began!</text>
  </string>
  <string id="zat_b44_barge_pda_name">
    <text>Barge's PDA</text>
  </string>
  <string id="zat_b22_medic_pda_desc">
    <text>Entry #12. The research is finished soon... Someone over at the base is already starting to suspect something. Gluhar and Danila agreed to go on a bloodsucker hunt... I need to sort the blood flasks and find out which ones of them are contaminated, and then hide the clean ones... [quickly:]Someone's coming.[a sound of turning recorder off/on]. Entry #13... Probably my last. Everything went wrong. First this stupidly curious hunter, and now Gluhar. It would be naive to ask for forgiveness. They will come. Nevertheless... [snigger] what's the difference? The hemoglobin dependency will kill me soon. Better to be shot than to die slowly due to sickness.</text>
  </string>
  <string id="zat_b22_medic_pda">
    <text>Tremor's PDA</text>
  </string>
  <string id="st_zat_b12_documents_1_descr">
    <text>Top secret. Order #562 of the Chief of Defense Staff of Object #1 R.Yu. Didenko.\nThe chemical protection division #423 is to change the disposition from sector "B103" to sector "A19", in order to conduct field tests of the chemical compound "Perrin V3" in an environment closely resembling war. Responsible for conducting the tests is the unit commander, Colonel P.P. Slavin. Responsible for transportation and security is the unit vice commander, Lt. Colonel K.S. Valov.</text>
  </string>
  <string id="st_zat_b12_documents_2_descr">
    <text>Top secret. Order from Colonel P.P. Slavin.\nAccording to this order the chemical protection squad #423 is to be acquainted with the following information:\n1. Keys to the container with the chemical compound "Perrin V3" are distributed to Colonel P.P. Slavin (key "A") and Lt. Colonel K.S. Valov (key "B").\n2. Vehicle column composition, starting from the head: vice commander's vehicle, Escort #8, BTR #1, transport #1, BTR #3, Escort #2, commander P.P. Slavin's vehicle.\nA copy of this order is to be handed to Colonel K.S. Valov and Senior Lieutenant R.B. Nazarenko.</text>
  </string>
  <string id="st_zat_a23_labx8_key_descr">
    <text>A yellow magnetic key-card. One of the surfaces reads "X8".\nIt should not fall into the wrong hands, since it provides access to the secret laboratory.</text>
  </string>
  <string id="st_jup_b202_bandit_pda">
    <text>PDA of Sultan's envoy</text>
  </string>
  <string id="st_jup_b202_bandit_pda_descr">
    <text>Last sent message from the PDA: "Sultan, I've got this rotten maggot! He's got his fill from me! Now he'll think twice before trying to mess with the bros!"</text>
  </string>
  <string id="st_af_quest_b14_twisted_descr">
    <text>Once this was a steering wheel of a dredge. Now it looks to be a half-formed artifact. This artifact is a bit unusual - it shines brightly, radiates a bit - but has no properties otherwise.</text>
  </string>
  <string id="st_zat_b40_pda_2_desc">
    <text>Incoming message:\n"I was able to make a deal on the weapons: this greedy bastard will sell his faction's supplies to us. Pretty cheap, but we have to get to Jupiter for that.\nGrif".</text>
  </string>
</string_table>