<?xml version="1.0" encoding="windows-1251"?>
<string_table>
  <string id="jup_a10_actor_agree_back_vano_duties_name">
    <text>Debt: Deliver the money to the bandits</text>
  </string>
  <string id="jup_a10_actor_agree_back_vano_duties_text">
    <text>Vano owes bandits money for his suit and cannot pay it back, as the interest grows too quickly. He has asked you to deal with this problem.</text>
  </string>
  <string id="jup_a10_actor_back_vano_duties_name">
    <text>Debt: Return to Vano</text>
  </string>
  <string id="jup_a10_actor_back_vano_duties_text">
    <text>Tell Vano how the debt payment went.</text>
  </string>
  <string id="jup_a10_kill_all_bandit_name">
    <text>Debt: Deal with the bandits</text>
  </string>
  <string id="jup_a10_kill_all_bandit_text">
    <text>Vano's debt return took a dangerous turn. The bandits should be eliminated.</text>
  </string>
  <string id="jup_a12_free_prisoner_get_reward_name">
    <text>Hostage: Receive my reward from Mityay's friends</text>
  </string>
  <string id="jup_a12_free_prisoner_get_reward_text">
    <text>Mityay is released. Meet up with his friends in the bar and receive my reward.</text>
  </string>
  <string id="jup_a12_free_prisoner_name">
    <text>Hostage: Rescue Mityay</text>
  </string>
  <string id="jup_a12_free_prisoner_not_ready_name">
    <text>Hostage: Tell Bear whenever I am ready</text>
  </string>
  <string id="jup_a12_free_prisoner_not_ready_text">
    <text>Talk to Bear before taking over the rescue operation.</text>
  </string>
  <string id="jup_a12_free_prisoner_power_name">
    <text>Hostage: Free Mityay by force</text>
  </string>
  <string id="jup_a12_free_prisoner_power_text">
    <text>Eliminate the bandits to rescue the stalker named Mityay.</text>
  </string>
  <string id="jup_a12_free_prisoner_power_wait_name">
    <text>Hostage: Meet up with stalkers</text>
  </string>
  <string id="jup_a12_free_prisoner_power_wait_text">
    <text>Stalkers will help rescue the hostage. Meet up with them at night for a joint attack on the bandits.</text>
  </string>
  <string id="jup_a12_free_prisoner_ransom_name">
    <text>Hostage: Negotiate for Mityay</text>
  </string>
  <string id="jup_a12_free_prisoner_ransom_text">
    <text>Negotiate with the bandit leader on the payment for the stalker named Mityay.</text>
  </string>
  <string id="jup_a12_free_prisoner_text">
    <text>Release the stalker named Mityay, who was taken hostage by bandits.</text>
  </string>
  <string id="jup_a12_guide_prisoner_name">
    <text>Hostage: Take Mityay out of the bandit camp</text>
  </string>
  <string id="jup_a12_guide_prisoner_text">
    <text>It's too dangerous to talk in the bandit camp. Lead Mityay out of the camp.</text>
  </string>
  <string id="jup_a12_talk_with_prisoner_name">
    <text>Hostage: Talk to Mityay</text>
  </string>
  <string id="jup_a12_talk_with_prisoner_text">
    <text>Mityay is in relative safety. Confer with him on further actions.</text>
  </string>
  <string id="jup_a9_way_to_pripyat_tech_name">
    <text>Road to Pripyat: Talk to a technician about the underground pass</text>
  </string>
  <string id="jup_a9_way_to_pripyat_tech_text">
    <text>From the retrieved documents, it becomes clear that under the Jupiter factory there is an underground pass leading to Pripyat. The pass is un-powered, filled with gas, and the entrance to it is blocked. Find a technician that can turn on the generator and open the gateway.</text>
  </string>
  <string id="jup_b10_ufo_memory_at_text">
    <text>The memory module is in the hands of a technician. Wait for him to unlock access to the information in it.</text>
  </string>
  <string id="jup_b10_ufo_memory_name">
    <text>Unmanned reconnaissance: Unlock the memory module</text>
  </string>
  <string id="jup_b10_ufo_memory_nitro_name">
    <text>Unmanned reconnaissance: Retrieve the memory module from Nitro</text>
  </string>
  <string id="jup_b10_ufo_memory_novikov_name">
    <text>Unmanned reconnaissance: Retrieve the memory module from Novikov</text>
  </string>
  <string id="jup_b10_ufo_memory_repaired_by_nitro_text">
    <text>Nitro unlocked the memory module. Pick up the module and examine the information in it.</text>
  </string>
  <string id="jup_b10_ufo_memory_repaired_by_novikov_text">
    <text>Novikov unlocked the memory module. Pick up the module and examine the information in it.</text>
  </string>
  <string id="jup_b10_ufo_memory_started_text">
    <text>I managed to retrieve a memory module from the unmanned reconnaissance plane. To retrieve the information from it, I need to unlock it.</text>
  </string>
  <string id="jup_b10_ufo_memory_wait_name">
    <text>Unmanned reconnaissance: Wait while the technician unlocks the memory module</text>
  </string>
  <string id="jup_b16_oasis_art_name">
    <text>Oasis: Find evidence</text>
  </string>
  <string id="jup_b16_oasis_art_text">
    <text>I found the Oasis. This place really does have healing properties. Find any evidence that could convince scientists.</text>
  </string>
  <string id="jup_b16_oasis_artifact_back_name">
    <text>Oasis: Bring evidence to the scientists</text>
  </string>
  <string id="jup_b16_oasis_artifact_back_text">
    <text>I found the Oasis. This place really does have healing properties. The artifact that I found there should be brought to the scientists as evidence.</text>
  </string>
  <string id="jup_b16_oasis_name">
    <text>Oasis: Check the credibility of the legend</text>
  </string>
  <string id="jup_b16_oasis_text">
    <text>Professor Ozersky, a scientist from the bunker, asked me to try and find the legendary Oasis. According to rumors, there should be a reservoir of healing water there. However, no one knows for sure whether this place really exists.</text>
  </string>
  <string id="jup_b19_agreed_to_go_name">
    <text>Kopachi: Go on the raid with Uncle Yar</text>
  </string>
  <string id="jup_b19_agreed_to_go_text">
    <text>Uncle Yar needs some kind of help. Go with him to the village of Kopachi.</text>
  </string>
  <string id="jup_b19_destroy_mercs_name">
    <text>Kopachi: Destroy the mercenaries</text>
  </string>
  <string id="jup_b19_destroy_mercs_text">
    <text>Looks like Uncle Yar anticipated the appearance of the mercenaries. Eliminate them.</text>
  </string>
  <string id="jup_b19_following_yar_name">
    <text>Kopachi: Stay close to Uncle Yar</text>
  </string>
  <string id="jup_b19_following_yar_text">
    <text>Uncle Yar asked me to stay near him and make no noise.</text>
  </string>
  <string id="jup_b19_talk_to_yar_name">
    <text>Kopachi: Talk to Uncle Yar</text>
  </string>
  <string id="jup_b19_talk_to_yar_text">
    <text>The mercenaries are dead. Talk to Uncle Yar for an explanation of what happened.</text>
  </string>
  <string id="jup_b1_bring_art_back_name">
    <text>Variable psy-field: Bring the anomalous object to the scientists</text>
  </string>
  <string id="jup_b1_bring_art_back_text">
    <text>Bring the sample I found to Professor Herman, as I agreed to. Apparently, this half-mutated object is the source of the variable psy-field.</text>
  </string>
  <string id="jup_b1_get_art_name">
    <text>Variable psy-field: Investigate the source</text>
  </string>
  <string id="jup_b1_get_art_text">
    <text>Examine the tunnel in search of any anomalous objects. Scientists believe that the variable psy-field has a source and that it may be an artifact.</text>
  </string>
  <string id="jup_b1_join_squad_name">
    <text>Variable psy-field: Meet up with Topol's squad</text>
  </string>
  <string id="jup_b1_join_squad_text">
    <text>Topol's squad went to the tunnel with the variable psy-field, meet them there.</text>
  </string>
  <string id="jup_b1_meet_squad_name">
    <text>Variable psy-field: Speak with Topol</text>
  </string>
  <string id="jup_b1_meet_squad_text">
    <text>Join Topol's squad and head for the tunnel with the variable psy-field. The stalkers will guard the tunnel while I search for the anomalous object.</text>
  </string>
  <string id="jup_b200_tech_materials_brought_all_text">
    <text>Bring all the electronic components to Nitro.</text>
  </string>
  <string id="jup_b200_tech_materials_brought_some_text">
    <text>Nitro is in need of electronic components. I can bring whatever I've already found to him, or search for more.</text>
  </string>
  <string id="jup_b200_tech_materials_name">
    <text>Electronics: Find components for Nitro</text>
  </string>
  <string id="jup_b200_tech_materials_text">
    <text>Nitro is in need of electronic components. According to him, the best place to look for them would be the cement factory.</text>
  </string>
  <string id="jup_b202_actor_items_stolen_01_name">
    <text>Theft: Find out who would steal the items</text>
  </string>
  <string id="jup_b202_actor_items_stolen_01_text">
    <text>Ask stalkers in Yanov about whether anyone has seen someone suspicious who could steal items from my personal stash.</text>
  </string>
  <string id="jup_b202_actor_items_stolen_02_name">
    <text>Theft: Check out the small train station</text>
  </string>
  <string id="jup_b202_actor_items_stolen_02_text">
    <text>Check out the small train station. It looks like the suspicious stalker capable of robbing me might have gone there.</text>
  </string>
  <string id="jup_b202_actor_items_stolen_03_name">
    <text>Theft: Retrieve my items</text>
  </string>
  <string id="jup_b202_actor_items_stolen_03_text">
    <text>All the items that Snag took from my stash should be in his stash: in the sewer behind the small train station.</text>
  </string>
  <string id="jup_b206_anomalous_grove_get_plant_name">
    <text>Anomalous plant: Get a sample of vegetation</text>
  </string>
  <string id="jup_b206_anomalous_grove_get_plant_text">
    <text>Recently, an anomalous grove appeared at the edge of the old quarry. Professor Ozersky asked me to provide him with a sample to research.</text>
  </string>
  <string id="jup_b206_anomalous_grove_have_plant_name">
    <text>Anomalous plant: Give the sample to Professor Ozersky</text>
  </string>
  <string id="jup_b206_anomalous_grove_have_plant_text">
    <text>Provide Professor Ozersky with the sample of anomalous vegetation. In exchange for this, he will convince Professor Herman to provide a scientific suit.</text>
  </string>
  <string id="jup_b208_burers_hunt_kill_burers_name">
    <text>The hunt: Eliminate the unknown mutants</text>
  </string>
  <string id="jup_b208_burers_hunt_kill_burers_text">
    <text>A group of stalkers discovered strange mutants in the tunnel north of the Jupiter plant. Investigate the place and eliminate the mutants.</text>
  </string>
  <string id="jup_b208_burers_hunt_take_reward_name">
    <text>The hunt: Retrieve my reward from Huntsman for killing the mutants in the tunnel</text>
  </string>
  <string id="jup_b208_burers_hunt_take_reward_text">
    <text>The mutants in the tunnels north of the Jupiter plant are slain. Notify Huntsman and pick up my reward.</text>
  </string>
  <string id="jup_b209_hypotheses_1_name">
    <text>Hypothesis: Install the scanner in the center of the collapse</text>
  </string>
  <string id="jup_b209_hypotheses_1_text">
    <text>In order to test the hypothesis of Professor Ozersky, install the scanner near the center of the collapse.</text>
  </string>
  <string id="jup_b209_hypotheses_2_name">
    <text>Hypothesis: Wait until the end of the experiment</text>
  </string>
  <string id="jup_b209_hypotheses_2_text">
    <text>The scanner is now in active state and has started recording the information. I have to wait until enough data has been collected, whether it is to prove or disprove the hypothesis.</text>
  </string>
  <string id="jup_b209_hypotheses_3_name">
    <text>Hypothesis: Retrieve the scanner</text>
  </string>
  <string id="jup_b209_hypotheses_3_text">
    <text>Enough data has been collected to prove Professor Ozersky's hypothesis. Retrieve the scanner.</text>
  </string>
  <string id="jup_b209_hypotheses_4_name">
    <text>Hypothesis: Give the scanner to Professor Ozersky</text>
  </string>
  <string id="jup_b209_hypotheses_4_text">
    <text>Give the scanner to professor Ozersky. The data on it should be enough to prove his hypothesis without any questions.</text>
  </string>
  <string id="jup_b211_kill_bloodsuckers_name">
    <text>The hunt: Kill a pack of marsh bloodsuckers</text>
  </string>
  <string id="jup_b211_kill_bloodsuckers_text">
    <text>A pack of marsh bloodsuckers was spotted at the Flux near the cement factory. Local stalkers asked me to exterminate them.</text>
  </string>
  <string id="jup_b211_take_reward_name">
    <text>The hunt: Retrieve my reward for killing the marsh bloodsuckers from Huntsman</text>
  </string>
  <string id="jup_b211_take_reward_text">
    <text>The pack of bloodsuckers at the Flux was exterminated. I should retrieve the reward from Huntsman.</text>
  </string>
  <string id="jup_b212_jupiter_kill_chimera_name">
    <text>The night hunt: Slay the chimera</text>
  </string>
  <string id="jup_b212_jupiter_kill_chimera_text">
    <text>The chimera is a night predator; the location of its daytime lair is unknown. I have to kill it at night, when it goes hunting near the ventilation complex</text>
  </string>
  <string id="jup_b212_jupiter_tell_animalboy_about_chimera_name">
    <text>The night hunt: Tell Huntsman of the chimera's death</text>
  </string>
  <string id="jup_b212_jupiter_tell_animalboy_about_chimera_text">
    <text>The killer chimera is dead, Fox is avenged. Tell Huntsman about it.</text>
  </string>
  <string id="jup_b217_get_tools_1_2_name">
    <text>Tools: Bring tools to Nitro</text>
  </string>
  <string id="jup_b217_get_tools_1_2_text">
    <text>Nitro has asked me to bring him two sets of tools: one set for rough work and one set for fine adjustments. He will not only pay me for the tools, but will also be able to perform further modifications of weapons and armor.</text>
  </string>
  <string id="jup_b217_get_tools_1_3_name">
    <text>Tools: Bring tools to Nitro</text>
  </string>
  <string id="jup_b217_get_tools_1_3_text">
    <text>Nitro has asked me to bring him two sets of tools: one set for rough work and one set for calibration. He will not only pay me for the tools, but will also be able to perform further modifications of weapons and armor.</text>
  </string>
  <string id="jup_b217_get_tools_1_name">
    <text>Tools: Bring tools to Nitro</text>
  </string>
  <string id="jup_b217_get_tools_1_text">
    <text>Nitro has asked me to bring him a set of tools for rough work. He will not only pay me for the tools, but will also be able to perform further modifications of weapons and armor.</text>
  </string>
  <string id="jup_b217_get_tools_2_3_name">
    <text>Tools: Bring tools to Nitro</text>
  </string>
  <string id="jup_b217_get_tools_2_3_text">
    <text>Nitro has asked me to bring him two sets of tools: one set for fine adjustments and one set for calibration. He will not only pay me for the tools, but will also be able to perform further modifications of weapons and armor.</text>
  </string>
  <string id="jup_b217_get_tools_2_name">
    <text>Tools: Bring tools to Nitro</text>
  </string>
  <string id="jup_b217_get_tools_2_text">
    <text>Nitro has asked me to bring him a set of tools for fine adjustments. He will not only pay me for the tools, but will also be able to perform further modifications of weapons and armor.</text>
  </string>
  <string id="jup_b217_get_tools_3_name">
    <text>Tools: Bring tools to Nitro</text>
  </string>
  <string id="jup_b217_get_tools_3_text">
    <text>Nitro has asked me to bring him a set of tools for calibration. He will not only pay me for the tools, but will also be able to perform further modifications of weapons and armor.</text>
  </string>
  <string id="jup_b217_mechanic_toolkit_search_name">
    <text>Tools: Bring tools to Nitro</text>
  </string>
  <string id="jup_b217_mechanic_toolkit_search_text">
    <text>Nitro has asked me to bring him three sets of tools: one set for rough work, one set for fine adjustments and a set for calibration. He will not only pay me for the tools, but will also be able to perform further modifications of weapons and armor.</text>
  </string>
  <string id="jup_b218_actor_outfit_name">
    <text>"Pripyat-1": Find a suit with a closed-circuit breathing apparatus</text>
  </string>
  <string id="jup_b218_actor_outfit_text">
    <text>In order to get through the "Pripyat-1" underground pass, I require a suit with a closed-circuit breathing apparatus. The reason is that the pass was filled with carbon dioxide with an unknown additive.</text>
  </string>
  <string id="jup_b218_monolith_guide_to_zulus_name">
    <text>"Pripyat-1" - Bring Rogue to Zulu</text>
  </string>
  <string id="jup_b218_monolith_guide_to_zulus_text">
    <text>Lead Rogue to Zulu and introduce him as a new member of the squad. If the Monolith went alone, Zulu might have misunderstood.</text>
  </string>
  <string id="jup_b218_monolith_name">
    <text>"Pripyat-1": Talk to Rogue about the protective suit</text>
  </string>
  <string id="jup_b218_monolith_text">
    <text>The "Pripyat-1" tunnel was filled with carbon dioxide with an unknown additive. Tell Rogue that he needs a suit with a closed-circuit breathing apparatus to survive.</text>
  </string>
  <string id="jup_b218_pripyat_group_gathering_name">
    <text>"Pripyat-1": Assemble a team for journey to Pripyat via the underground pass</text>
  </string>
  <string id="jup_b218_pripyat_group_gathering_text">
    <text>Nitro could open the underground pass known as "Pripyat-1", but he refuses to go to the factory Jupiter without protection and recommends that I take a few companions with me. Zulu has already joined the squad. He recommends that I send all new members to him.</text>
  </string>
  <string id="jup_b218_pripyat_group_zulus_talk_name">
    <text>"Pripyat-1": Talk to Zulu about the trip to the Pripyat</text>
  </string>
  <string id="jup_b218_pripyat_group_zulus_talk_text">
    <text>Nitro could open the underground pass "Pripyat-1", but he refuses to go to the factory Jupiter without protection and recommends that I take a few companions with me. He suggested I talk to Zulu who can help assemble the squad.</text>
  </string>
  <string id="jup_b218_soldier_guide_to_zulus_name">
    <text>"Pripyat-1": Bring Sokolov to Zulu</text>
  </string>
  <string id="jup_b218_soldier_guide_to_zulus_text">
    <text>Sokolov agreed to go to Pripyat and can take a scientific protective suit with him. I must bring him to Zulu and present him as a new member of the squad.</text>
  </string>
  <string id="jup_b218_soldier_name">
    <text>"Pripyat-1": Talk to Sokolov about a protective suit</text>
  </string>
  <string id="jup_b218_soldier_talk_to_scientist_name">
    <text>"Pripyat-1": Talk to Professor Ozersky about a protective suit for Sokolov</text>
  </string>
  <string id="jup_b218_soldier_talk_to_scientist_text">
    <text>Sokolov has agreed to use a scientific suit for protection, but Professor Herman will probably not allow me to take even one. Talk to Professor Ozersky - he seem to be a kinder and softer person.</text>
  </string>
  <string id="jup_b218_soldier_tell_outfit_name">
    <text>"Pripyat-1": Tell Sokolov about the protective suit</text>
  </string>
  <string id="jup_b218_soldier_tell_outfit_text">
    <text>Professor Ozersky was pleased with the anomalous plant sample and asked me to relay to Sokolov that he can get a spare protective suit from Professor Herman.</text>
  </string>
  <string id="jup_b218_soldier_text">
    <text>The underground passage "Pripyat-1" was filled with carbon dioxide with an unknown additive. I need to tell Sokolov that he needs a protective suit with a closed-circuit breathing apparatus.</text>
  </string>
  <string id="jup_b218_stalker_bring_money_name">
    <text>"Pripyat-1": Bring Vano money for his suit</text>
  </string>
  <string id="jup_b218_stalker_bring_money_text">
    <text>Vano's suit had the required breathing apparatus. Vano had to offer his suit to repay the debt to the bandits. Now he needs 3000 to get it back.</text>
  </string>
  <string id="jup_b218_stalker_guide_to_zulus_name">
    <text>"Pripyat-1": Bring Vano to Zulu</text>
  </string>
  <string id="jup_b218_stalker_guide_to_zulus_text">
    <text>Vano agreed to go to Pripyat. Bring him to Zulu and introduce him as a new member of the squad. Along the road, Vano will pay off his suit.</text>
  </string>
  <string id="jup_b218_stalker_name">
    <text>"Pripyat-1": Talk to Vano about a protective suit</text>
  </string>
  <string id="jup_b218_stalker_text">
    <text>The underground passage "Pripyat-1" was filled with carbon dioxide with an unknown additive. I need to tell Vano that he needs a protective suit with a closed-circuit breathing apparatus.</text>
  </string>
  <string id="jup_b25_accuse_flint_end_text">
    <text>Flint, AKA Soroka, turned out to be a big scoundrel. I need to tell this to the stalkers at Zaton or leaders of the factions. That will be a nice lesson for him.</text>
  </string>
  <string id="jup_b25_accuse_flint_first_text">
    <text>Flint is obviously a blowhard if he tells stories of events he had not even witnessed. He should be brought to justice.</text>
  </string>
  <string id="jup_b25_accuse_flint_name">
    <text>Borrowed fame: Deal with Flint</text>
  </string>
  <string id="jup_b25_accuse_flint_second_text">
    <text>Flint obviously loves to claim others' achievements as his own. He ought to be taught to shut up.</text>
  </string>
  <string id="jup_b25_accuse_flint_third_text">
    <text>Flint's boasts overstep any boundaries. I need to talk to him so he understands.</text>
  </string>
  <string id="jup_b25_senya_accuse_flint_text">
    <text>Flint, AKA Soroka, turned out to be a big scoundrel. I need to tell this to the stalkers at Zaton or leaders of the factions. In this situation, this seems to be the best course of action.</text>
  </string>
  <string id="jup_b32_get_scanners_task_name">
    <text>Anomaly research: Retrieve the scanners from the technician</text>
  </string>
  <string id="jup_b32_get_scanners_task_text">
    <text>Retrieve the scanners from Novikov. They should be placed in anomalies. Since Professor Herman wants to collect statistics on artifact appearance, the scanners need to be placed in the very middle of some of the anomalies.</text>
  </string>
  <string id="jup_b32_task_name">
    <text>Anomaly research: Place the scanner in the anomaly</text>
  </string>
  <string id="jup_b32_task_reward_name">
    <text>Anomaly research: Retrieve my reward</text>
  </string>
  <string id="jup_b32_task_reward_text">
    <text>Reap the promised reward for placing the scanners into the anomalies. Now that the scanners are placed, Professor Herman can begin collecting the artifact appearance statistics.</text>
  </string>
  <string id="jup_b32_task_text">
    <text>Install the scanner in the center of the anomaly. Professor Herman wants to collect statistics of artifacts by placing scanners in the center of some of the anomalies.</text>
  </string>
  <string id="jup_b43_bring_fuzz_kolobok_name">
    <text>Contract with the scientists: Bring Garik a "Kolobok"</text>
  </string>
  <string id="jup_b43_bring_fuzz_kolobok_text">
    <text>Garik would like to terminate his contract with the science team, but for that he needs a "Kolobok". Bring him such an artifact.</text>
  </string>
  <string id="jup_b43_bring_mincer_meat_name">
    <text>Contract with the scientists: Bring Garik a "Meat Chunk"</text>
  </string>
  <string id="jup_b43_bring_mincer_meat_text">
    <text>Garik would like to terminate his contract with the science team, but for that he needs a "Meat Chunk". Bring him such an artifact.</text>
  </string>
  <string id="jup_b43_contract_started_name">
    <text>Contract with the scientists: Bring Garik a "Kolobok" and a "Meat Chunk"</text>
  </string>
  <string id="jup_b43_contract_started_text">
    <text>Garik would like to terminate his contract with the science team, but for that he needs two artifacts: a "Kolobok" and a "Meat Chunk". Bring him these artifacts.</text>
  </string>
  <string id="jup_b43_thanks_for_2_artifacts_name">
    <text>Contract with the scientists: The artifacts are delivered</text>
  </string>
  <string id="jup_b43_thanks_for_2_artifacts_text">
    <text>Garik received both artifacts. His contract is completed.</text>
  </string>
  <string id="jup_b46_duty_founder_pda_name">
    <text>History of Duty: Pass the PDA of the Duty founder to people who might be interested in it</text>
  </string>
  <string id="jup_b46_duty_founder_pda_text">
    <text>The body of the founder of Duty, who died in the anomaly held a personal PDA. Pass the device over to people who might be interested in finding out about the last minutes of life of the legendary founder of the group.</text>
  </string>
  <string id="jup_b46_spatial_bubble_name">
    <text>Anomalous activity: Investigate the area with the improved detector</text>
  </string>
  <string id="jup_b46_spatial_bubble_text">
    <text>Scientific scanners have detected anomalous activity north of the bunker. Investigate the area using the improved detector.</text>
  </string>
  <string id="jup_b47_bunker_guards_01_name">
    <text>Guards for scientists: Find reliable people</text>
  </string>
  <string id="jup_b47_bunker_guards_01_text">
    <text>The scientist bunker is left without protection. Find a group of trusted and reliable people to protect them.</text>
  </string>
  <string id="jup_b47_bunker_guards_02_name">
    <text>Guards for scientists: Return to Professor Herman for a reward</text>
  </string>
  <string id="jup_b47_bunker_guards_02_text">
    <text>I found a suitable group to guard the scientist bunker. Return to Professor Herman for my reward.</text>
  </string>
  <string id="jup_b47_jupiter_products_01_name">
    <text>Latest research: Find documents on the Jupiter factory</text>
  </string>
  <string id="jup_b47_jupiter_products_01_text">
    <text>Professor Herman is interested in the latest research at the Jupiter factory. Find appropriate documentation in the administrative building of the factory.</text>
  </string>
  <string id="jup_b47_jupiter_products_02_name">
    <text>Latest research: Bring the documents to Professor Herman</text>
  </string>
  <string id="jup_b47_jupiter_products_02_text">
    <text>The found documents state that all technical documentation was moved to a remote location. Provide Professor Herman with at least this information.</text>
  </string>
  <string id="jup_b47_jupiter_products_03_name">
    <text>Latest research: Bring the documents and Cherniy's PDA to Professor Herman</text>
  </string>
  <string id="jup_b47_jupiter_products_03_text">
    <text>While I was searching for the documentation I was attacked by a group of mercenaries. According to the PDA of their leader, Cherniy, they were supposed to prevent the finding of documentation by scientists. In addition, the found documents state that all the technical documentation was moved to a remote location. It is best to provide Professor Herman with this information, as well as Cherniy's PDA.</text>
  </string>
  <string id="jup_b4_monolith_squad_help_name">
    <text>Survived "Monolith": Talk to Yanov inhabitants about shelter</text>
  </string>
  <string id="jup_b4_monolith_squad_help_text">
    <text>A squad of Monolith has escaped the grasp of hypnotic suggestion. Now these guys are looking for a shelter from blowouts and monsters. Talk to the inhabitants and convince them to take in the Monolith.</text>
  </string>
  <string id="jup_b4_stalkers_come_duty_text">
    <text>Bring the Duty recruiters to the squad of ex-Monolith. If the Monolith join Duty, they will be able to seek shelter from blowouts and monsters in Yanov.</text>
  </string>
  <string id="jup_b4_stalkers_come_freedom_text">
    <text>Bring the Freedom recruiters to the squad of ex-Monolith. If the Monolith join Freedom, they will be able to seek shelter from blowouts and monsters in Yanov.</text>
  </string>
  <string id="jup_b4_stalkers_come_name">
    <text>Survived "Monolith": Bring the recruiters to the squad of ex-Monolith</text>
  </string>
  <string id="jup_b6_anom_1_guard_name">
    <text>Anomaly research: Guard stalkers</text>
  </string>
  <string id="jup_b6_anom_1_guard_text">
    <text>Looks like the taking of measurements of the anomaly has attracted monsters. Guard stalkers until they finish taking measurements.</text>
  </string>
  <string id="jup_b6_anom_2_guard_name">
    <text>Anomaly research: Guard stalkers</text>
  </string>
  <string id="jup_b6_anom_2_guard_text">
    <text>Looks like the taking of measurements of the anomaly has attracted zombies from Kopachi. Guard stalkers until they finish measurements.</text>
  </string>
  <string id="jup_b6_get_reward_name">
    <text>Anomaly research: Talk to Professor Herman</text>
  </string>
  <string id="jup_b6_get_reward_text">
    <text>Anomaly measurements are complete. Talk to scientists and retrieve my reward.</text>
  </string>
  <string id="jup_b6_get_to_anomal_place_name">
    <text>Anomaly research: Talk to the stalkers</text>
  </string>
  <string id="jup_b6_get_to_anomal_place_text">
    <text>Talk to the group of stalkers that will be conducting the measurements. I have to choose which anomaly I will examine.</text>
  </string>
  <string id="jup_b6_travel_home_name">
    <text>Anomaly research: Talk to the stalkers</text>
  </string>
  <string id="jup_b6_travel_home_text">
    <text>All necessary measurements are conducted. I can join them in the journey back to the scientist bunker.</text>
  </string>
  <string id="jup_b6_travel_name">
    <text>Anomaly research: Talk to the stalkers</text>
  </string>
  <string id="jup_b6_travel_text">
    <text>All measurements in this anomaly have been completed. Talk to the stalkers and decide where to go next.</text>
  </string>
  <string id="jup_b6_watch_topol_squad_six_name">
    <text>Anomaly research: Guard stalkers</text>
  </string>
  <string id="jup_b6_watch_topol_squad_six_text">
    <text>Professor Herman has offered me a job of guarding stalkers while they conduct measurements of the anomalies.</text>
  </string>
  <string id="jup_b8_heli_4_crash_name">
    <text>"Skat-4": Investigate crash site</text>
  </string>
  <string id="jup_b8_heli_4_crash_name_2">
    <text>"Skat-4": Find out the cause to the burnt circuitry</text>
  </string>
  <string id="jup_b8_heli_4_crash_text">
    <text>Investigate the location of the crashed helicopter "Skat-4".</text>
  </string>
  <string id="jup_b8_heli_4_crash_text_2">
    <text>Find out the source of the powerful electric surge that damaged "Skat-4".</text>
  </string>
  <string id="jup_b9_blackbox_decrypting_name">
    <text>"Skat-1": Give the black box to a technician in order to decipher it</text>
  </string>
  <string id="jup_b9_blackbox_decrypting_text">
    <text>The black box on "Skat-1" has survived. Give it to a mechanic so that you can gain access to the information in it.</text>
  </string>
  <string id="jup_b9_blackbox_descrypted_after_3_name">
    <text>"Skat-1": Wait for the deciphering of the black box to finish</text>
  </string>
  <string id="jup_b9_blackbox_descrypted_after_3_text">
    <text>Nitro has decided to decipher the black box. According to him, it will require about three hours. Wait for him to finish it.</text>
  </string>
  <string id="jup_b9_go_for_blackbox_descryption_name">
    <text>"Skat-1": Return to Nitro for the information in the black box</text>
  </string>
  <string id="jup_b9_go_for_blackbox_descryption_text">
    <text>Nitro finished deciphering the black box. Return to him and retrieve the information in the black box.</text>
  </string>
  <string id="jup_b9_heli_1_crash_name">
    <text>"Skat-1": Investigate crash site</text>
  </string>
  <string id="jup_b9_heli_1_crash_text">
    <text>Investigate the location of the crashed helicopter "Skat-1".</text>
  </string>
  <string id="pas_b400_pripyat_name">
    <text>"Pripyat-1": Reach Pripyat</text>
  </string>
  <string id="pas_b400_pripyat_text">
    <text>Travel through the underground pass "Pripyat-1" and reach the military evacuation point in Pripyat.</text>
  </string>
  <string id="zat_a9_way_gases_check_chemistry_workshop_name">
    <text>Road to Pripyat: Investigate the chemical compound plant of the Jupiter factory</text>
  </string>
  <string id="zat_a9_way_gases_check_chemistry_workshop_text">
    <text>The chemical compound plant in the Jupiter factory should hold information about conservation of the underground pass "Pripyat-1" with the use of some kind of gas.</text>
  </string>
  <string id="zat_a9_way_gates_check_corps_name">
    <text>Road to Pripyat: Investigate the administrative building of the Jupiter factory</text>
  </string>
  <string id="zat_a9_way_gates_check_corps_text">
    <text>The guide does not know any safe roads to Pripyat. However, he suggested the possibility of an underground route and suggested I investigate the administrative building of the Jupiter factory for information on it.</text>
  </string>
  <string id="zat_a9_way_gates_check_electrical_workshop_name">
    <text>Road to Pripyat: Investigate the laboratory section of the Jupiter factory</text>
  </string>
  <string id="zat_a9_way_gates_check_electrical_workshop_text">
    <text>The documents found in the administrative building of the factory hold information about the evacuation of the production complex from the territory of the factory. Information on this can be found in the laboratory section.</text>
  </string>
  <string id="zat_a9_way_gates_check_transport_workshop_name">
    <text>Road to Pripyat: Investigate the transport gateway of the underground pass "Pripyat-1"</text>
  </string>
  <string id="zat_a9_way_gates_check_transport_workshop_text">
    <text>The entrance to the underground pass is located behind the transport gateway. Investigate the building and find out any information regarding the underground pass.</text>
  </string>
  <string id="zat_a9_way_to_pripyat_check_archives_name">
    <text>Road to Pripyat: Investigate the first section of the Jupiter factory</text>
  </string>
  <string id="zat_a9_way_to_pripyat_check_archives_text">
    <text>The first section of the factory should hold information about the underground pass "Pripyat-1" which could turn out to be very useful.</text>
  </string>
  <string id="zat_a9_way_to_pripyat_check_delivery_department_name">
    <text>Road to Pripyat: Investigate the delivery department of the Jupiter factory</text>
  </string>
  <string id="zat_a9_way_to_pripyat_check_delivery_department_text">
    <text>According to records from the laboratory section, the evacuation was to be performed by the delivery department. Investigate the area.</text>
  </string>
  <string id="zat_a9_way_to_pripyat_check_repair_workshop_name">
    <text>Road to Pripyat: Investigate the repair shop of the Jupiter factory</text>
  </string>
  <string id="zat_a9_way_to_pripyat_check_repair_workshop_text">
    <text>The delivery department contained information about losses during transportation of a certain "Product #62". According to the notes, this happened in the repair shop. You should check it out.</text>
  </string>
  <string id="zat_a9_way_to_pripyat_tell_stalker_guide_name">
    <text>Road to Pripyat: Talk to the guide</text>
  </string>
  <string id="zat_a9_way_to_pripyat_tell_stalker_guide_text">
    <text>Judging from the information in the black box of one of the helicopters, the military were supposed to be assembled at the evacuation point "B28". It is located in Pripyat - at least, that's what the maps found in another helicopter indicate. A way to access Pripyat is required - and for that, I have to talk to a guide.</text>
  </string>
  <string id="zat_b207_depot_reward_task_name">
    <text>Duty stash: Take what has been promised to me</text>
  </string>
  <string id="zat_b207_morgan_depot_task_name">
    <text>Duty stash: Meet up with Morgan</text>
  </string>
  <string id="zat_b207_morgan_depot_task_text">
    <text>As a payment for keeping silent about his dealings, dealer Morgan has proposed access to the Duty stash. Meet him at the designated place - near the quarry.</text>
  </string>
  <string id="pas_b400_pripyat_gate_text">
    <text>To advance, I need to open the gates.</text>
  </string>
  <string id="pas_b400_pripyat_door_text">
    <text>To advance, I need to open the door.</text>
  </string>
  <string id="pas_b400_pripyat_hall_door_text">
    <text>To advance, I must provide power for the gates.</text>
  </string>
  <string id="pas_b400_pripyat_control_text">
    <text>To advance, I must unlock the gates. Presumably, this can be done in the control room.</text>
  </string>
  <string id="jup_b6_employ_stalkers_name">
    <text>Research team: Find people</text>
  </string>
  <string id="jup_b6_employ_stalkers_text">
    <text>The research team working for scientists has been wiped out. Find a new group so that the research work can continue.</text>
  </string>
  <string id="jup_b6_employ_stalkers_reward_name">
    <text>Research team: Return to Professor Herman for my reward</text>
  </string>
  <string id="jup_b6_employ_stalkers_reward_text">
    <text>I found people for a new research group. Return to Professor Herman and claim my reward.</text>
  </string>
  <string id="jup_b218_soldier_do_scientist_quest_name">
    <text>"Pripyat-1": Complete the task of Professor Ozersky</text>
  </string>
  <string id="jup_b218_soldier_do_scientist_quest_text">
    <text>In order to provide a protective suit for Sokolov, I need to complete a task given to me by Professor Ozersky and retrieve an anomalous plant for him.</text>
  </string>
  <string id="jup_b200_tech_materials_inside_text">
    <text>Nitro needs electronic components. Look for them at the cement factory.</text>
  </string>
  <string id="jup_b25_flint_and_senya_text">
    <text>The one who left Chip to die in the anomaly is Flint. Talk to him and find out why he did it.</text>
  </string>
  <string id="jup_b25_revenge_senya_name">
    <text>Revenge: Avenge Chip</text>
  </string>
  <string id="jup_b25_revenge_senya_text">
    <text>Find out who left Chip to die in the anomaly and took off with the artifact. Sadly, Chip did not manage to tell who it was, only that he was a Freedom member.</text>
  </string>
  <string id="zat_b207_depot_reward_task_duty_text">
    <text>Lt-Colonel Shulga allowed me to take any equipment from the Duty stash, provided I can wrestle it from Freedom.</text>
  </string>
  <string id="zat_b207_depot_reward_task_freedom_text">
    <text>Loki allowed me to take any equipment from the Duty stash as long as Freedom holds it.</text>
  </string>
</string_table>