<?xml version="1.0" encoding="windows-1251"?>
<string_table>
  <string id="pri_a17_get_gauss_rifle_documentation_name">
    <text>"Product #62": Find documentation in the testing facility</text>
  </string>
  <string id="pri_a17_get_gauss_rifle_documentation_text">
    <text>Find the documentation on "Product #62". The documents should make it clear whether this weapon could be the reason behind the helicopter disaster.</text>
  </string>
  <string id="pri_a17_get_in_cover_name">
    <text>Unknown weapon: Hide in the building</text>
  </string>
  <string id="pri_a17_get_in_cover_text">
    <text>Hide in the building and repel the Monolith assault.</text>
  </string>
  <string id="pri_a17_get_info_name">
    <text>Unknown weapon: Acquire information</text>
  </string>
  <string id="pri_a17_get_info_text">
    <text>The weapon is broken, and its functionality is unknown. Find a technician that could examine and understand this strange weapon.</text>
  </string>
  <string id="pri_a17_kill_preacher_name">
    <text>Unknown weapon: Kill the Monolith leader</text>
  </string>
  <string id="pri_a17_kill_preacher_text">
    <text>Kill the leader of the Monolith squad. He is armed with the unknown weapon.</text>
  </string>
  <string id="pri_a17_maraud_name">
    <text>Unknown weapon: Search the bodies of the Monolith troops</text>
  </string>
  <string id="pri_a17_maraud_text">
    <text>The Monolith troops should have an unknown weapon with them. Find it.</text>
  </string>
  <string id="pri_a17_stalker_tech_produce_62_get_info_name">
    <text>Unknown weapon: Talk to Cardan</text>
  </string>
  <string id="pri_a17_stalker_tech_produce_62_get_info_text">
    <text>Cardan must have woken up already. It's time to talk to him about the weapon.</text>
  </string>
  <string id="pri_a17_stalker_tech_produce_62_show_name">
    <text>Unknown weapon: Wait until Cardan comes to his senses</text>
  </string>
  <string id="pri_a17_stalker_tech_produce_62_show_text">
    <text>It looks like Cardan knows something about this weapon. Talk to him when he wakes up.</text>
  </string>
  <string id="pri_a17_talk_with_kovalski_about_gauss_rifle_information_name">
    <text>Gauss Rifle: Tell Kovalsky about the weapon</text>
  </string>
  <string id="pri_a17_talk_with_kovalski_about_gauss_rifle_information_text">
    <text>Relay all the information about Product #62 you acquired to Colonel Kovalsky.</text>
  </string>
  <string id="pri_a17_task_find_gauss_rifle_name">
    <text>Unknown weapon: Join the squad</text>
  </string>
  <string id="pri_a17_task_find_gauss_rifle_text">
    <text>Join the special squad in order to perform the weapon acquisition operation.</text>
  </string>
  <string id="pri_a17_task_get_gauss_rifle_from_preacher_name">
    <text>Unknown weapon: Pick up the weapon</text>
  </string>
  <string id="pri_a17_task_get_gauss_rifle_from_preacher_text">
    <text>Pick up the weapon that the Monolith squad leader dropped.</text>
  </string>
  <string id="pri_a17_task_give_gauss_rifle_to_kovalski_name">
    <text>Unknown weapon: Bring the weapon to Kovalsky</text>
  </string>
  <string id="pri_a17_task_give_gauss_rifle_to_kovalski_text">
    <text>You have the weapon. Now bring it to Kovalsky and find out whether it was responsible for the helicopter crashes.</text>
  </string>
  <string id="pri_a17_watch_recons_six_name">
    <text>Unknown weapon: Take part in the ambush on Monolith</text>
  </string>
  <string id="pri_a17_watch_recons_six_text">
    <text>A military reconnaissance group is organizing an ambush on a squad of Monolith. Take part in the operation.</text>
  </string>
  <string id="pri_a18_get_reinforcement_name">
    <text>Swarm of Monolith: Meet up with the reinforcements</text>
  </string>
  <string id="pri_a18_get_reinforcement_text">
    <text>Colonel Kovalsky has sent reinforcements to deal with the group of Monolith that have entrenched themselves in the bookshop.</text>
  </string>
  <string id="pri_a18_go_post_name">
    <text>Swarm of Monolith: Clear out the bookshop</text>
  </string>
  <string id="pri_a18_go_post_text">
    <text>Destroy all the Monolith that have entrenched themselves in the building. Squads like this are a threat to the military base.</text>
  </string>
  <string id="pri_a18_use_idol_name">
    <text>Swarm of Monolith: Examine the strange contraption</text>
  </string>
  <string id="pri_a18_use_idol_text">
    <text>Examine the strange structure in the room with the Monolith soldiers.</text>
  </string>
  <string id="pri_a19_lab_x8_investigation_name">
    <text>Lab X8: Find the documents on the experiments</text>
  </string>
  <string id="pri_a19_lab_x8_investigation_text">
    <text>Intelligence points to the central laboratory codenamed X8. It may hold info on the secret experiments that were performed within the Zone's perimeter.</text>
  </string>
  <string id="pri_a20_check_recon_squad_task_name">
    <text>Missing reconnaissance: Find the squad</text>
  </string>
  <string id="pri_a20_check_recon_squad_task_text">
    <text>The reconnaissance group sent by Kovalsky is missing after a rather strange message. Find them and find out what happened.</text>
  </string>
  <string id="pri_a21_chasovoi_body_search_name">
    <text>Missing guard: Investigate the area around the dead guard</text>
  </string>
  <string id="pri_a21_chasovoi_body_search_text">
    <text>The guard behaved very strangely, investigate the area and find out the reason to the strange behavior.</text>
  </string>
  <string id="pri_a21_find_chasovoi_name">
    <text>Missing guard: Find the guard</text>
  </string>
  <string id="pri_a21_find_chasovoi_text">
    <text>One of the soldiers has gone missing from his post. Find him and find out the cause of this.</text>
  </string>
  <string id="pri_a21_kill_kontroler_name">
    <text>Missing guard: Kill the controller</text>
  </string>
  <string id="pri_a21_kill_kontroler_text">
    <text>A controller was discovered near the missing guard. Kill the mutant.</text>
  </string>
  <string id="pri_a22_find_dead_squad_name">
    <text>Interference: Find the missing squad</text>
  </string>
  <string id="pri_a22_find_dead_squad_text">
    <text>The squad that was investigating the source of interference has gone missing. Find it.</text>
  </string>
  <string id="pri_a22_search_bodys_name">
    <text>Interference: Search the bodies of the dead squad members</text>
  </string>
  <string id="pri_a22_search_bodys_text">
    <text>Inspect the bodies of the dead squad members. This will help determine the cause of their deaths.</text>
  </string>
  <string id="pri_a22_search_yarmoshuk_body_name">
    <text>Interference: Search the body of the dead squad member</text>
  </string>
  <string id="pri_a22_search_yarmoshuk_body_text">
    <text>Inspect the body of the dead squad member. This will help determine the cause of his death.</text>
  </string>
  <string id="pri_a25_blow_up_door_name">
    <text>Interference: Blow up the door</text>
  </string>
  <string id="pri_a25_blow_up_door_text">
    <text>In order to enter the building, you need to set an explosive and clear out the passage.</text>
  </string>
  <string id="pri_a25_check_freezer_knock_name">
    <text>Interference: Investigate the source of the sound</text>
  </string>
  <string id="pri_a25_check_freezer_knock_text">
    <text>There is a faint knocking sound coming from inside the refrigerator. Looks like somebody is locked inside there. Find out who or what the source of the sound is.</text>
  </string>
  <string id="pri_a25_destroy_antenna_name">
    <text>Interference: Destroy the source of the interference</text>
  </string>
  <string id="pri_a25_destroy_antenna_text">
    <text>The source of the interference is discovered. Demolish it.</text>
  </string>
  <string id="pri_a25_find_antenna_name">
    <text>Interference: Find the source of the interference</text>
  </string>
  <string id="pri_a25_find_antenna_text">
    <text>The interference is somewhere inside the kindergarten. Find it.</text>
  </string>
  <string id="pri_a25_find_explosive_name">
    <text>Interference: Find explosives</text>
  </string>
  <string id="pri_a25_find_explosive_text">
    <text>The squad that was searching for the source of the interference was equipped with an explosive charge. Find it in order to clear the way into the kindergarten.</text>
  </string>
  <string id="pri_a25_remove_source_of_hindrances_name">
    <text>Interference: Enter the kindergarten</text>
  </string>
  <string id="pri_a25_remove_source_of_hindrances_text">
    <text>The source of the interference is somewhere inside the kindergarten. Infiltrate the building.</text>
  </string>
  <string id="pri_a28_cover_militarys_name">
    <text>Evacuation: Cover the military</text>
  </string>
  <string id="pri_a28_cover_militarys_text">
    <text>Despite the fact that Strelok died, the military should reach the helicopters safely.</text>
  </string>
  <string id="pri_a28_cover_strelok_name">
    <text>Evacuation: Cover Strelok</text>
  </string>
  <string id="pri_a28_cover_strelok_text">
    <text>The command center is interested in the information known to Strelok. Escort him to the helicopters.</text>
  </string>
  <string id="pri_a28_go_hellis_name">
    <text>Evacuation: Get to the helicopters</text>
  </string>
  <string id="pri_a28_go_hellis_text">
    <text>The entire squad is dead, now you have to get to the helicopters alone.</text>
  </string>
  <string id="pri_a28_talk_with_kovalski_name">
    <text>Evacuation: Talk to Kovalsky</text>
  </string>
  <string id="pri_a28_talk_with_kovalski_text">
    <text>Talk to Colonel Kovalsky before the start of the evacuation.</text>
  </string>
  <string id="pri_a28_tell_kovalski_when_ready_name">
    <text>Evacuation: Report to Kovalsky when ready</text>
  </string>
  <string id="pri_a28_tell_kovalski_when_ready_text">
    <text>Talk to Colonel Kovalsky when you are ready to leave.</text>
  </string>
  <string id="pri_a28_wait_surge_end_name">
    <text>Evacuation: Wait out the blowout</text>
  </string>
  <string id="pri_a28_wait_surge_end_text">
    <text>Wait for the blowout to end.</text>
  </string>
  <string id="pri_b305_check_unknown_signal_1_name">
    <text>Stranger: Investigate the source of the signal</text>
  </string>
  <string id="pri_b305_check_unknown_signal_1_text">
    <text>Lieutenant Kirillov has spotted a strange signal not far away from the base. Investigate its source.</text>
  </string>
  <string id="pri_b305_check_unknown_signal_2_name">
    <text>Stranger: Follow the signal</text>
  </string>
  <string id="pri_b305_check_unknown_signal_2_text">
    <text>The signal has appeared again, follow it.</text>
  </string>
  <string id="pri_b305_check_unknown_signal_3_name">
    <text>Stranger: Examine the location of the last appearance of the signal</text>
  </string>
  <string id="pri_b305_check_unknown_signal_3_text">
    <text>The signal disappeared in the yard of the building. Examine the area.</text>
  </string>
  <string id="pri_b305_check_unknown_signal_4_name">
    <text>Stranger: Prepare for an assault on the base</text>
  </string>
  <string id="pri_b305_check_unknown_signal_4_text">
    <text>Return to the base and prepare for a possible assault.</text>
  </string>
  <string id="pri_b305_kovalskiy_talk_name">
    <text>Interference: Talk to Kovalsky</text>
  </string>
  <string id="pri_b305_kovalskiy_talk_text">
    <text>Colonel Kovalsky requested a talk with you. Do as requested.</text>
  </string>
  <string id="pri_b306_task_1_name">
    <text>Lab X8: Enter the elevator shaft</text>
  </string>
  <string id="pri_b306_task_1_text">
    <text>There's an entrance to the underground lab under KBO Jubilee. The only way in is through an elevator shaft.</text>
  </string>
  <string id="pri_b306_task_2_name">
    <text>Lab X8: Find the generator</text>
  </string>
  <string id="pri_b306_task_2_text">
    <text>The elevator doors are powered down. Find and start the emergency generator in order to open them.</text>
  </string>
  <string id="pri_b306_task_3_name">
    <text>Lab X8: Enter the laboratory</text>
  </string>
  <string id="pri_b306_task_3_text">
    <text>Use the elevator to enter the underground lab X8 under KBO Jubilee.</text>
  </string>
  <string id="pri_b35_task_envoy_name">
    <text>One shot: Liquidate the envoy</text>
  </string>
  <string id="pri_b35_task_envoy_text">
    <text>The envoy must be liquidated. If he is down, the mercenaries will not be able to locate the laboratory.</text>
  </string>
  <string id="pri_b35_task_envoy_wait_name">
    <text>One shot: Wait for the customer's people to show up</text>
  </string>
  <string id="pri_b35_task_envoy_wait_text">
    <text>Wait for the people of the customer to show up and liquidate their leader. If he is dead, the mercenaries will not be able to locate the laboratory.</text>
  </string>
  <string id="pri_b35_task_merc_name">
    <text>One shot: Liquidate the leader of the mercenaries</text>
  </string>
  <string id="pri_b35_task_merc_text">
    <text>Eliminate the leader of the mercenaries. If he is dead, the mercenaries will become disorganized and will not pose a threat.</text>
  </string>
  <string id="pri_b35_task_merc_wait_name">
    <text>One shot: Wait for the mercenaries</text>
  </string>
  <string id="pri_b35_task_merc_wait_text">
    <text>Wait for the mercenaries to appear and liquidate their leader. With him dead, the mercenaries will become disorganized and will not pose a threat.</text>
  </string>
  <string id="pri_b35_task_reward_name">
    <text>One shot: Talk to Kovalsky</text>
  </string>
  <string id="pri_b35_task_reward_text">
    <text>Report to Colonel Kovalsky on the results of the operation.</text>
  </string>
  <string id="pri_a19_lab_x8_investigation_1_name">
    <text>Lab X8: Leave the underground complex, or continue searching for documents</text>
  </string>
  <string id="pri_a19_lab_x8_investigation_1_text">
    <text>You can leave the laboratory. However, there could be more documents inside the underground complex.</text>
  </string>
  <string id="pri_a19_lab_x8_investigation_2_name">
    <text>Lab X8: Leave the underground complex, or continue searching for documents</text>
  </string>
  <string id="pri_a19_lab_x8_investigation_2_text">
    <text>You can leave the laboratory. However, there could be more documents inside the underground complex.</text>
  </string>
  <string id="pri_a19_lab_x8_investigation_3_name">
    <text>Lab X8: Leave the underground complex</text>
  </string>
  <string id="pri_a19_lab_x8_investigation_3_text">
    <text>You have found every document of interest. Leave the underground complex.</text>
  </string>
  <string id="pri_a18_wait_reinf_name">
    <text>Swarm of Monolith: Wait for the reinforcements</text>
  </string>
  <string id="pri_a18_wait_reinf_text">
    <text>Wait for the reinforcements sent by Colonel Kovalsky in order to eliminate the group of Monolith inside the bookshop.</text>
  </string>
  <string id="pri_a22_talk_with_kovalski_name">
    <text>Face to face: Talk to Kovalsky</text>
  </string>
  <string id="pri_a22_talk_with_kovalski_text">
    <text>Talk to Colonel Kovalsky. Looks like he has something important to relay.</text>
  </string>
  <string id="pri_a28_defend_helis_name">
    <text>Evacuation: Stand your ground at the helicopters</text>
  </string>
  <string id="pri_a28_defend_helis_text">
    <text>Protect the helicopters against the advancing enemy until you can make good your escape.</text>
  </string>
  <string id="pri_a28_save_medic_name">
    <text>Evacuation: Bring the medic to his senses</text>
  </string>
  <string id="pri_a28_save_medic_text">
    <text>Seems like the medic has succumbed to an unknown influence. Quickly bring him to his senses.</text>
  </string>
  <string id="pri_a28_return_to_helis_name">
    <text>Evacuation: Return to the helicopters</text>
  </string>
  <string id="pri_a28_return_to_helis_text">
    <text>Return to the helicopters, they might leave at any moment.</text>
  </string>
  <string id="pri_a28_helis_gonna_fly_name">
    <text>Evacuation: Return to the helicopters immediately</text>
  </string>
  <string id="pri_a28_helis_gonna_fly_text">
    <text>The helicopters are ready to take off. Return to them immediately, the pilots will not wait for long.</text>
  </string>
</string_table>