<?xml version="1.0" encoding="windows-1251"?>
<string_table>
  <string id="hide_from_surge_message">
    <text>Blowout soon fellow stalker!</text>
  </string>
  <string id="hide_from_surge_descr_1_a">
    <text>Blowout imminent, get to the shelter immediately.</text>
  </string>
  <string id="hide_from_surge_descr_2_a">
    <text>You should not leave the shelter during a blowout.</text>
  </string>
  <string id="hide_from_surge_name_1">
    <text>Blowout: find shelter.</text>
  </string>
  <string id="hide_from_surge_name_2">
    <text>Blowout: stay sheltered.</text>
  </string>
</string_table>