<?xml version="1.0" encoding="windows-1251"?>
<string_table>
  <string id="zat_a2_reach_base_name">
    <text>Safe place: Reach Skadovsk</text>
  </string>
  <string id="zat_a2_reach_base_text">
    <text>The only relatively safe place here is Skadovsk. You should go there.</text>
  </string>
  <string id="zat_b100_guide_maps_01_name">
    <text>Area maps: Find someone who is interested</text>
  </string>
  <string id="zat_b100_guide_maps_02_name">
    <text>Area maps: Offer to Navigator</text>
  </string>
  <string id="zat_b100_guide_maps_02_text">
    <text>Possibly, Navigator can be interested in maps of the area between Zaton and Jupiter.</text>
  </string>
  <string id="zat_b100_heli_2_crash_name">
    <text>"Skat-2": Investigate crash site</text>
  </string>
  <string id="zat_b100_heli_2_crash_text">
    <text>Investigate the location of the crashed helicopter "Skat-2".</text>
  </string>
  <string id="zat_b101_heli_5_crash_name">
    <text>"Skat-5": Investigate crash site</text>
  </string>
  <string id="zat_b101_heli_5_crash_name_02">
    <text>"Skat-5": Find out the cause to the burnt circuitry</text>
  </string>
  <string id="zat_b101_heli_5_crash_name_03">
    <text>Squad "Skat": Find the source of the electrical impulse</text>
  </string>
  <string id="zat_b101_heli_5_crash_text">
    <text>Investigate the location of the crashed helicopter "Skat-5".</text>
  </string>
  <string id="zat_b101_heli_5_crash_text_02">
    <text>Find the source of the powerful electrical impulse that caused "Skat-5" to crash.</text>
  </string>
  <string id="zat_b101_heli_5_crash_text_03">
    <text>Find a reason for the burnt electronics on "Skat-4" and "Skat-5". They were hit by a powerful electrical impulse.</text>
  </string>
  <string id="zat_b103_merc_bring_supplies_name">
    <text>Provisions: Find food for mercenaries</text>
  </string>
  <string id="zat_b103_merc_bring_supplies_text">
    <text>The squad of mercenaries in the substation needs provisions - six sticks of sausages, six canned meat or bread.</text>
  </string>
  <string id="zat_b103_merc_supplies_got_name">
    <text>Provisions: Bring the food to mercenaries</text>
  </string>
  <string id="zat_b103_merc_supplies_got_text">
    <text>Bring food to mercenaries in the substation.</text>
  </string>
  <string id="zat_b103_toolkit_2_substation_workshop_name">
    <text>Tools: Examine substation</text>
  </string>
  <string id="zat_b103_toolkit_2_substation_workshop_text">
    <text>It's rumored that there can be tools in the substation. Maybe I will find some tools that mechanic needed.</text>
  </string>
  <string id="zat_b106_find_chimera_name">
    <text>Hunt for Chimera: Find the mutant while it sleeps</text>
  </string>
  <string id="zat_b106_find_chimera_text">
    <text>Find Chimera before it wakes up.</text>
  </string>
  <string id="zat_b106_found_soroka_name">
    <text>In search of Soroka: Tell Gonta</text>
  </string>
  <string id="zat_b106_found_soroka_text">
    <text>I found Soroka, the one who left Gonta's group. He joined "Freedom" and is known as Flint.</text>
  </string>
  <string id="zat_b106_kill_chimera_name">
    <text>Hunt for Chimera: Kill the mutant</text>
  </string>
  <string id="zat_b106_kill_chimera_text">
    <text>Chimera is awake now. Slay it.</text>
  </string>
  <string id="zat_b106_meet_with_gonta_at_night_name">
    <text>Hunt for Chimera: Meet Gonta in the Bar at three AM</text>
  </string>
  <string id="zat_b106_meet_with_gonta_at_night_text">
    <text>Meet up with Gonta and hunt down Chimera with his squad.</text>
  </string>
  <string id="zat_b106_receipt_reward_name">
    <text>Hunt for Chimera: Tell Huntsman</text>
  </string>
  <string id="zat_b106_receipt_reward_text">
    <text>Tell Huntsman about the successful hunt for Chimera.</text>
  </string>
  <string id="zat_b106_search_soroka_name">
    <text>In search of Soroka: Find the stalker</text>
  </string>
  <string id="zat_b106_search_soroka_text">
    <text>Stalker Soroka betrayed Gonta's squad. They ask me to find the bastard.</text>
  </string>
  <string id="zat_b107_evacuation_jupiter_name">
    <text>Evacuation point: Examine "B205"</text>
  </string>
  <string id="zat_b107_evacuation_jupiter_text">
    <text>One of the crashed helicopters held a map with marked evacuation points. Check out whether the military appeared in point "B205".</text>
  </string>
  <string id="zat_b107_evacuation_pripyat_1_name">
    <text>Evacuation point: Examine "B28"</text>
  </string>
  <string id="zat_b107_evacuation_pripyat_1_text">
    <text>Upon examining one of the helicopters, I found a map with places marked as "evacuation points". Examine the evacuation point "B28" for any signs of the military.</text>
  </string>
  <string id="zat_b107_evacuation_pripyat_2_name">
    <text>Evacuation point: Find coordinates of "B28" point</text>
  </string>
  <string id="zat_b107_evacuation_pripyat_2_text">
    <text>On a record from the "Skat" helicopter's black box, I found the point of evacuation to be "B28". It is necessary to locate the coordinates of the point.</text>
  </string>
  <string id="zat_b107_evacuation_pripyat_3_name">
    <text>Evacuation point: Reach "B28"</text>
  </string>
  <string id="zat_b107_evacuation_pripyat_3_text">
    <text>The meeting point of the military is in Pripyat. Find a way to get there.</text>
  </string>
  <string id="zat_b107_evacuation_zaton_name">
    <text>Evacuation point: Examine "B2"</text>
  </string>
  <string id="zat_b107_evacuation_zaton_text">
    <text>Upon examining one of the helicopters, I found a map with places marked as "evacuation points". Examine the evacuation point "B2" for any signs of the military.</text>
  </string>
  <string id="zat_b14_bring_strange_object_name">
    <text>Strange phenomena: Bring the artifact to Beard</text>
  </string>
  <string id="zat_b14_bring_strange_object_text">
    <text>The source of strange glow was a strange artifact. Beard will be interested in it.</text>
  </string>
  <string id="zat_b14_learn_about_strange_occurrence_by_stalkers_name">
    <text>Strange phenomena: Ask stalkers about the artifact</text>
  </string>
  <string id="zat_b14_learn_about_strange_occurrence_by_stalkers_text">
    <text>Maybe other stalkers know something about this artifact. You should ask them.</text>
  </string>
  <string id="zat_b14_learn_about_strange_occurrence_name">
    <text>Strange phenomena: Find the source of the glow in the dredge</text>
  </string>
  <string id="zat_b14_learn_about_strange_occurrence_text">
    <text>A very strange glow was spotted on the dredge. Beard asks to find the source of it.</text>
  </string>
  <string id="zat_b14_take_artefact_name">
    <text>Strange phenomena: Take the artifact</text>
  </string>
  <string id="zat_b14_take_artefact_text">
    <text>The source of the strange glow is a very strange artifact. You should take it.</text>
  </string>
  <string id="zat_b14_tell_svyaznoy_about_all_name">
    <text>Strange phenomena: Tell Beard about the artifact</text>
  </string>
  <string id="zat_b14_tell_svyaznoy_about_all_text">
    <text>The source of the strange glow was a very strange artifact. Even not having acquired it, you should tell Beard about it.</text>
  </string>
  <string id="zat_b20_cross_the_teleport_name">
    <text>The way to the plateau: Jump into the anomaly</text>
  </string>
  <string id="zat_b20_cross_the_teleport_text">
    <text>Looks like the only way to the plateau runs through an anomaly. You should jump into it.</text>
  </string>
  <string id="zat_b20_find_the_teleport_name">
    <text>The way to the plateau: Find Noah's personal way</text>
  </string>
  <string id="zat_b20_find_the_teleport_text">
    <text>There is information in Noah's PDA about his personal way to the plateau. You should find it.</text>
  </string>
  <string id="zat_b20_plato_talk_to_noah_name">
    <text>Way to the plateau: Find out about the way from Noah</text>
  </string>
  <string id="zat_b20_plato_talk_to_noah_text">
    <text>They say a stalker named Noah knows the way to the plateau. You should ask him.</text>
  </string>
  <string id="zat_b22_bring_proof_name">
    <text>Disappearance of stalkers: Bring the proof of Tremor's guilt</text>
  </string>
  <string id="zat_b22_bring_proof_text">
    <text>Bring Tremor's PDA to Beard. There is evidence of Tremor's guilt in it.</text>
  </string>
  <string id="zat_b22_find_proof_name">
    <text>Disappearance of stalkers: Find evidence of Tremor's guilt</text>
  </string>
  <string id="zat_b22_find_proof_text">
    <text>Find out whether Tremor has left any evidence of being involved in the disappearance of the stalkers.</text>
  </string>
  <string id="zat_b28_heli_3_crash_name">
    <text>"Skat-3": Investigate crash site</text>
  </string>
  <string id="zat_b28_heli_3_crash_text">
    <text>Investigate the location of the crashed helicopter "Skat-3".</text>
  </string>
  <string id="zat_b29_simple_bring_text_1">
    <text>Find the artifact and bring it to Beard. But now other stalkers are also looking for it.</text>
  </string>
  <string id="zat_b29_simple_bring_text_2">
    <text>Find the artifact and bring it to Beard. But don't forget that other stalkers are looking for it too.</text>
  </string>
  <string id="zat_b29_simple_bring_text_3">
    <text>Find the artifact and bring it to Beard, but there is a signal from another group - they've already found the artifact. I can track down this signal and pass ahead of them.</text>
  </string>
  <string id="zat_b29_simple_bring_text_4">
    <text>Find the artifact and bring it to Beard, but another group of stalkers has completed the order. I can only fetch half the price for the artifact.</text>
  </string>
  <string id="zat_b29_simple_bring_text_5">
    <text>Find the artifact and bring it to Beard.</text>
  </string>
  <string id="zat_b29_simple_bring_title_16">
    <text>The artifact order: Bring a "Gravi"</text>
  </string>
  <string id="zat_b29_simple_bring_title_17">
    <text>The artifact order: Bring an "Eye"</text>
  </string>
  <string id="zat_b29_simple_bring_title_18">
    <text>The artifact order: Bring a "Bubble"</text>
  </string>
  <string id="zat_b29_simple_bring_title_19">
    <text>The artifact order: Bring a "Dummy"</text>
  </string>
  <string id="zat_b29_simple_bring_title_20">
    <text>The artifact order: bring a "Goldfish"</text>
  </string>
  <string id="zat_b29_simple_bring_title_21">
    <text>The artifact order: Bring a "Flame"</text>
  </string>
  <string id="zat_b29_simple_bring_title_22">
    <text>The artifact order: Bring a "Firefly"</text>
  </string>
  <string id="zat_b29_simple_bring_title_23">
    <text>The artifact order: Bring a "Snowflake"</text>
  </string>
  <string id="zat_b29_simple_find_text_1">
    <text>Find the artifact and bring it to Beard. But now other stalkers are also looking for it.</text>
  </string>
  <string id="zat_b29_simple_find_text_2">
    <text>Find the artifact and bring it to Beard. But don't forget that other stalkers are looking for it too.</text>
  </string>
  <string id="zat_b29_simple_find_text_3">
    <text>Find the artifact and bring it to Beard, but there is a signal from another group - they've already found the artifact. I can track down this signal and pass ahead of them.</text>
  </string>
  <string id="zat_b29_simple_find_text_4">
    <text>Find the artifact and bring it to Beard, but another group of stalkers has completed the order. I can only fetch half the price for the artifact.</text>
  </string>
  <string id="zat_b29_simple_find_text_5">
    <text>Find the artifact and bring it to Beard.</text>
  </string>
  <string id="zat_b29_simple_find_title_16">
    <text>The artifact order: Bring a "Gravi"</text>
  </string>
  <string id="zat_b29_simple_find_title_17">
    <text>The artifact order: Bring an "Eye"</text>
  </string>
  <string id="zat_b29_simple_find_title_18">
    <text>The artifact order: Bring a "Bubble"</text>
  </string>
  <string id="zat_b29_simple_find_title_19">
    <text>The artifact order: Bring a "Dummy"</text>
  </string>
  <string id="zat_b29_simple_find_title_20">
    <text>The artifact order: Bring a "Goldfish"</text>
  </string>
  <string id="zat_b29_simple_find_title_21">
    <text>The artifact order: Bring a "Flame"</text>
  </string>
  <string id="zat_b29_simple_find_title_22">
    <text>The artifact order: Bring a "Firefly"</text>
  </string>
  <string id="zat_b29_simple_find_title_23">
    <text>The artifact order: Bring a "Snowflake"</text>
  </string>
  <string id="zat_b30_compass_to_barmen_task_find_name">
    <text>"Compass": Find Noah and ask him about "Compass"</text>
  </string>
  <string id="zat_b30_compass_to_barmen_task_find_text">
    <text>Find Noah and find out where I can get a very rare artifact called "Compass". Beard will pay well for it.</text>
  </string>
  <string id="zat_b30_compass_to_barmen_task_give_name">
    <text>"Compass": Bring the artifact to Beard</text>
  </string>
  <string id="zat_b30_compass_to_sultan_task_find_name">
    <text>"Compass": Ask Noah where I can get the artifact</text>
  </string>
  <string id="zat_b30_compass_to_sultan_task_find_text">
    <text>Sultan wants to intercept the artifact that Beard is looking for. Look for Noah on the old barge and find out where I can acquire the artifact.</text>
  </string>
  <string id="zat_b30_compass_to_sultan_task_give_name">
    <text>"Compass": Bring the artifact to Sultan</text>
  </string>
  <string id="zat_b30_compass_to_sultan_task_give_text">
    <text>The artifact that Noah gave to me is "Compass", which Sultan needs.</text>
  </string>
  <string id="zat_b30_percent_task_name">
    <text>Shady business: Retrieve arrears from Beard</text>
  </string>
  <string id="zat_b30_percent_task_text">
    <text>Retrieve arrears from Beard's profits.</text>
  </string>
  <string id="zat_b30_sultan_task_1_name">
    <text>Tempting business: Talk to Sultan</text>
  </string>
  <string id="zat_b30_sultan_task_1_text">
    <text>Trader Owl thinks that Beard does not complete his part of the deal and suggests I ask the local patron, Sultan, for help.</text>
  </string>
  <string id="zat_b30_sultan_task_2_name">
    <text>Shady business: Get detectors from stalkers</text>
  </string>
  <string id="zat_b30_sultan_task_2_text">
    <text>Deprive Beard's stalkers of detectors by all means necessary. When he has no more detectors, he will have to accept the terms of Sultan.</text>
  </string>
  <string id="zat_b30_sultan_task_3_name">
    <text>Shady business: Talk to Sultan</text>
  </string>
  <string id="zat_b30_sultan_task_3_text">
    <text>Beard doesn't have detectors now. Go to Sultan and find out if he solved the problem with other suppliers of Beard.</text>
  </string>
  <string id="zat_b30_sultan_task_4_name">
    <text>Shady business: Force Beard to work for Sultan</text>
  </string>
  <string id="zat_b30_sultan_task_4_text">
    <text>Now Beard doesn't have supplies and detectors. Force him to work for Sultan.</text>
  </string>
  <string id="zat_b30_sultan_task_6_name">
    <text>Shady business: Find out information about Beard's business</text>
  </string>
  <string id="zat_b30_sultan_task_6_text">
    <text>Find out what kind of business Beard is dealing in. It will help cut off his supply channels.</text>
  </string>
  <string id="zat_b30_sultan_task_7_name">
    <text>Shady business: Get a second detector from stalkers</text>
  </string>
  <string id="zat_b30_sultan_task_7_text">
    <text>Deprive Beard's stalkers of detectors by all means necessary. When he has no more detectors he will have to accept the terms of Sultan.</text>
  </string>
  <string id="zat_b30_task_1_name">
    <text>Tempting business: Bring three "Veles" detectors to Novikov</text>
  </string>
  <string id="zat_b30_task_1_text">
    <text>Trader Owl suggested partaking in a profitable business. I need to find three "Veles" detectors and bring them to Novikov in the scientist bunker.</text>
  </string>
  <string id="zat_b30_task_2_name">
    <text>Tempting business: Wait until Owl gets the detectors</text>
  </string>
  <string id="zat_b30_task_2_text">
    <text>Novikov has received the detectors and said that he will send them to Owl. I have to wait while he works on the detectors and then find out the results from Owl.</text>
  </string>
  <string id="zat_b30_task_3_name">
    <text>Tempting business: Talk to Owl</text>
  </string>
  <string id="zat_b30_task_3_text">
    <text>Trader Owl informed me by radio that he has problems. You should go to him.</text>
  </string>
  <string id="zat_b30_task_4_name">
    <text>Tempting business: Force Beard to uphold the deal</text>
  </string>
  <string id="zat_b30_task_4_text">
    <text>Owl thinks that Beard didn't uphold the rules of the deal. You should talk with him and force him to obey the rules.</text>
  </string>
  <string id="zat_b30_task_5_name">
    <text>Tempting business: Ask Owl for my share</text>
  </string>
  <string id="zat_b30_task_5_text">
    <text>Beard does not acknowledge that he owes anything to Owl. Find out which one of them is right and demand my share from one of them.</text>
  </string>
  <string id="zat_b33_zaporojec_text_01">
    <text>Snag asks me to bring him his container. He hid the container in an old Zaporozhets car that fell down into a crack in the earth after the earthquake. Snag fears to go down there because of the snorks.</text>
  </string>
  <string id="zat_b33_zaporojec_text_02">
    <text>I recovered Snag's container. I may now return it to the owner and share its contents equally.</text>
  </string>
  <string id="zat_b38_den_of_the_bloodsucker_inform_stalkers_name">
    <text>Bloodsucker lair: Tell other stalkers</text>
  </string>
  <string id="zat_b38_den_of_the_bloodsucker_inform_stalkers_text">
    <text>Tell other stalkers about the bloodsucker lair located under the BIS Circle.</text>
  </string>
  <string id="zat_b38_den_of_the_bloodsucker_tell_barman_about_all_name">
    <text>Bloodsucker lair: Tell Beard</text>
  </string>
  <string id="zat_b38_den_of_the_bloodsucker_tell_barman_about_all_text">
    <text>Tell Beard about the bloodsucker lair located under the BIS Circle so he could decide how to protect stalkers.</text>
  </string>
  <string id="zat_b38_disappearance_stalkers_clean_den_of_the_bloodsucker_name">
    <text>Disappearance of stalkers: Follow Gluhar</text>
  </string>
  <string id="zat_b38_disappearance_stalkers_clean_den_of_the_bloodsucker_text">
    <text>Gluhar asked me to follow him to the empty BIS Circle building. He saw bloodsuckers there and wants to look for the missing hunter.</text>
  </string>
  <string id="zat_b38_disappearance_stalkers_deal_with_medic_name">
    <text>Disappearance of stalkers: Find out what happened</text>
  </string>
  <string id="zat_b38_disappearance_stalkers_deal_with_medic_text">
    <text>Looks like Tremor is not so harmless, examine what happened here.</text>
  </string>
  <string id="zat_b38_disappearance_stalkers_find_cop_near_port_krans_name">
    <text>Disappearance of stalkers: Find Gluhar</text>
  </string>
  <string id="zat_b38_disappearance_stalkers_find_cop_near_port_krans_text">
    <text>Gluhar went to the port cranes for some reason, maybe he found out something about the missing stalker. Search for him there.</text>
  </string>
  <string id="zat_b38_disappearance_stalkers_find_out_where_is_cop_name">
    <text>Disappearance of stalkers: Find out where Gluhar is</text>
  </string>
  <string id="zat_b38_disappearance_stalkers_find_out_where_is_cop_text">
    <text>Gluhar disappeared. Ask Beard where he can be.</text>
  </string>
  <string id="zat_b38_disappearance_stalkers_find_to_be_missing_hunter_name">
    <text>Disappearance of stalkers: Find the lost hunter</text>
  </string>
  <string id="zat_b38_disappearance_stalkers_find_to_be_missing_hunter_text">
    <text>Gluhar asked for help to find the lost hunter. The hunter was going to find a bloodsucker lair. According to the information I have, the bloodsuckers are responsible for all the recent stalker disappearances.</text>
  </string>
  <string id="zat_b38_disappearance_stalkers_get_out_from_den_of_the_bloodsucker_name">
    <text>Disappearance of stalkers: Get out of the bloodsucker lair</text>
  </string>
  <string id="zat_b38_disappearance_stalkers_get_out_from_den_of_the_bloodsucker_text">
    <text>There is a bloodsucker lair in the basement. They are all in some weird hibernation. I have to get out of here and try not to be noisy.</text>
  </string>
  <string id="zat_b38_disappearance_stalkers_meet_cop_24h_past_name">
    <text>Disappearance of stalkers: Meet up with Gluhar</text>
  </string>
  <string id="zat_b38_disappearance_stalkers_meet_cop_24h_past_text">
    <text>Perhaps you should meet up with Gluhar and talk about further search of the hunter.</text>
  </string>
  <string id="zat_b38_disappearance_stalkers_meet_cop_later_name">
    <text>Disappearance of stalkers: Meet up with Gluhar later</text>
  </string>
  <string id="zat_b38_disappearance_stalkers_meet_cop_later_text">
    <text>There are no traces of Danila the hunter in the BIS building. But Gluhar is perplexed about what he found in there. He asks to meet up with him later. He wants to confirm some details.</text>
  </string>
  <string id="zat_b38_disappearance_stalkers_meet_ment_name">
    <text>Disappearance of stalkers: Meet up with Gluhar</text>
  </string>
  <string id="zat_b38_disappearance_stalkers_meet_ment_text">
    <text>In the place indicated by Gluhar there was nothing interesting except for a dead bloodsucker and no signs of Danila. However, Gluhar himself found something interesting and asks me to join him.</text>
  </string>
  <string id="zat_b38_disappearance_stalkers_tell_barmen_about_medic_text">
    <text>Looks like the disappearance of the stalkers is due to Tremor, the medic from Skadovsk.</text>
  </string>
  <string id="zat_b3_get_tools_1_2_name">
    <text>Tools: Bring tools to Cardan</text>
  </string>
  <string id="zat_b3_get_tools_1_2_text">
    <text>Cardan has asked me to bring him two sets of tools: one set for rough work and one set for fine adjustments. He will not only pay me for the tools, but will also be able to perform further modifications of weapons and armor.</text>
  </string>
  <string id="zat_b3_get_tools_1_3_name">
    <text>Tools: Bring tools to Cardan</text>
  </string>
  <string id="zat_b3_get_tools_1_3_text">
    <text>Cardan has asked me to bring him two sets of tools: one set for rough work and one set for calibration. He will not only pay me for the tools, but will also be able to perform further modifications of weapons and armor.</text>
  </string>
  <string id="zat_b3_get_tools_1_name">
    <text>Tools: Bring tools to Cardan</text>
  </string>
  <string id="zat_b3_get_tools_1_text">
    <text>Cardan has asked me to bring him a set of tools for rough work. He will not only pay me for the tools, but will also be able to perform further modifications of weapons and armor.</text>
  </string>
  <string id="zat_b3_get_tools_2_3_name">
    <text>Tools: Bring tools to Cardan</text>
  </string>
  <string id="zat_b3_get_tools_2_3_text">
    <text>Cardan has asked me to bring him two sets of tools: one set for fine adjustments and one set for calibration. He will not only pay me for the tools, but will also be able to perform further modifications of weapons and armor.</text>
  </string>
  <string id="zat_b3_get_tools_2_name">
    <text>Tools: Bring tools to Cardan</text>
  </string>
  <string id="zat_b3_get_tools_2_text">
    <text>Cardan has asked me to bring him a set of tools for fine adjustments. He will not only pay me for the tools, but will also be able to perform further modifications of weapons and armor.</text>
  </string>
  <string id="zat_b3_get_tools_3_name">
    <text>Tools: Bring tools to Cardan</text>
  </string>
  <string id="zat_b3_get_tools_3_text">
    <text>Cardan has asked me to bring him a set of tools for calibration. He will not only pay me for the tools, but will also be able to perform further modifications of weapons and armor.</text>
  </string>
  <string id="zat_b3_mechanic_toolkit_search_name">
    <text>Tools: bring tools to Cardan</text>
  </string>
  <string id="zat_b3_mechanic_toolkit_search_text">
    <text>Cardan has asked me to bring him three sets of tools: one set for rough work, one set for fine adjustments plus a set for calibration. He will not only pay me for the tools, but will also be able to perform further modifications of weapons and armor.</text>
  </string>
  <string id="zat_b40_reconnoitre_merc_camp_01_name">
    <text>Mercenary base: Retrieve any information</text>
  </string>
  <string id="zat_b40_reconnoitre_merc_camp_01_text">
    <text>The trader Owl has promised a good reward for any information found in the mercenary base on the recycling station. He is interested in their plans.</text>
  </string>
  <string id="zat_b40_reconnoitre_merc_camp_02_name">
    <text>Mercenary base: Retrieve any information</text>
  </string>
  <string id="zat_b40_reconnoitre_merc_camp_02_text">
    <text>The trader Owl has promised a good reward for any information found in the mercenary base on the recycling station. He is interested in their plans.</text>
  </string>
  <string id="zat_b44_tech_buddies_barge_name">
    <text>Three friends: Find out Barge's fate</text>
  </string>
  <string id="zat_b44_tech_buddies_barge_text">
    <text>Cardan wants me to relay his apologies to his friend Barge. They had a quarrel and Barge left in an unknown direction.</text>
  </string>
  <string id="zat_b44_tech_buddies_both_name">
    <text>Three friends: Find out the fates of Barge and Joker</text>
  </string>
  <string id="zat_b44_tech_buddies_both_text">
    <text>Cardan wants me to relay his apologies to his friends Barge and Joker. They had a quarrel and the friends left in unknown directions.</text>
  </string>
  <string id="zat_b44_tech_buddies_joker_name">
    <text>Three friends: Find out Joker's fate</text>
  </string>
  <string id="zat_b44_tech_buddies_joker_text">
    <text>Cardan wants me to relay his apologies to his friend Joker. They had a quarrel and Joker left in an unknown direction.</text>
  </string>
  <string id="zat_b51_nimble_items_get_order_name">
    <text>Special order: Retrieve the order</text>
  </string>
  <string id="zat_b51_nimble_items_get_order_text">
    <text>The order is complete, retrieve it from Nimble.</text>
  </string>
  <string id="zat_b51_nimble_items_wait_order_name">
    <text>Special order: Wait for the order</text>
  </string>
  <string id="zat_b51_nimble_items_wait_order_text">
    <text>The order as been placed, wait for Nimble to acquire the item.</text>
  </string>
  <string id="zat_b52_reputation_find_snag_name">
    <text>Reputation: Find Snag</text>
  </string>
  <string id="zat_b52_reputation_find_snag_text">
    <text>Find Snag and make him shut up. Nimble never handled stolen goods while Snag seems to lie pretty often. Last time he was seen near the port cranes.</text>
  </string>
  <string id="zat_b52_reputation_find_snag_text_2">
    <text>Find Snag and make him shut up. He's not at the port cranes, but maybe bandits know where he is.</text>
  </string>
  <string id="zat_b52_reputation_find_snag_text_3">
    <text>Find Snag and make him shut up. Looks like bandits are also in this and know where to look for him.</text>
  </string>
  <string id="zat_b52_reputation_find_snag_text_4">
    <text>Find Snag and make him shut up. I have no idea where to look for him.</text>
  </string>
  <string id="zat_b52_reputation_find_snag_text_5">
    <text>Find Snag and make him shut up. According to the PDA found on one of the bandits, Sultan's people are looking for him too. However, where to search for him is unknown.</text>
  </string>
  <string id="zat_b52_reputation_know_there_snog_name">
    <text>Reputation: Find out where Snag went</text>
  </string>
  <string id="zat_b52_reputation_know_there_snog_text">
    <text>Snag is not at his usual place, ask the locals about his current whereabouts.</text>
  </string>
  <string id="zat_b52_reputation_know_there_snog_text_2">
    <text>Find Snag and make him shut up. Maybe Sultan knows where to look for him.</text>
  </string>
  <string id="zat_b52_reputation_know_there_snog_text_3">
    <text>Find Snag and make him shut up. Maybe, Beard knows where he is.</text>
  </string>
  <string id="zat_b52_reputation_tell_snag_name">
    <text>Reputation: Talk to Snag</text>
  </string>
  <string id="zat_b52_reputation_tell_snag_text">
    <text>Find Snag and make him shut up. Nimble never handled stolen goods while Snag seems to lie pretty often.</text>
  </string>
  <string id="zat_b57_den_of_the_bloodsucker_destroy_lair_name">
    <text>Bloodsucker lair: Find a ventilation shaft</text>
  </string>
  <string id="zat_b57_den_of_the_bloodsucker_destroy_lair_text">
    <text>Find a ventilation shaft that I can use to let the toxic gas into the bloodsucker lair.</text>
  </string>
  <string id="zat_b57_den_of_the_bloodsucker_find_gas_name">
    <text>Bloodsucker lair: Find toxic gas</text>
  </string>
  <string id="zat_b57_den_of_the_bloodsucker_find_gas_text">
    <text>To destroy the bloodsucker lair, I need some kind of toxic gas. Owl probably knows where to get some.</text>
  </string>
  <string id="zat_b57_den_of_the_bloodsucker_find_gas_text_2">
    <text>To destroy the bloodsucker lair, I need some kind of toxic gas. Owl claims that there should be a canister of gas at the abandoned military escort.</text>
  </string>
  <string id="zat_b57_den_of_the_bloodsucker_get_gas_name">
    <text>Bloodsucker lair: Find keys for the container</text>
  </string>
  <string id="zat_b57_den_of_the_bloodsucker_get_gas_text">
    <text>In the documentation there is info about keys to the container with the toxic gas. Find them.</text>
  </string>
  <string id="zat_b57_den_of_the_bloodsucker_open_gas_box_name">
    <text>Bloodsucker lair: Find a way to open the container with toxic gas</text>
  </string>
  <string id="zat_b57_den_of_the_bloodsucker_open_gas_box_text">
    <text>The container with the gas is locked. I need to find a way to open it.</text>
  </string>
  <string id="zat_b57_den_of_the_bloodsucker_place_gas_name">
    <text>Bloodsucker lair: Install the gas canister</text>
  </string>
  <string id="zat_b57_den_of_the_bloodsucker_place_gas_text">
    <text>Install the gas canister into the ventilation system of the BIS Circle. The gas should travel through the system and fill the basement, killing the bloodsuckers.</text>
  </string>
  <string id="zat_b57_den_of_the_bloodsucker_tell_stalkers_about_destroy_lair_name">
    <text>Bloodsucker lair: Report to Beard about the extermination of the bloodsucker lair</text>
  </string>
  <string id="zat_b57_den_of_the_bloodsucker_tell_stalkers_about_destroy_lair_text">
    <text>Report to Beard about the destruction of the bloodsucker lair. Skadovsk and its inhabitants are now more secure.</text>
  </string>
  <string id="zat_b57_den_of_the_bloodsucker_twist_vintil_name">
    <text>Bloodsucker lair: Turn the valve</text>
  </string>
  <string id="zat_b57_den_of_the_bloodsucker_twist_vintil_text">
    <text>Turn the valve to let the toxic gas into the bloodsucker lair.</text>
  </string>
  <string id="zat_b57_den_of_the_bloodsucker_wait_destroy_name">
    <text>Bloodsucker lair: Wait while the gas works</text>
  </string>
  <string id="zat_b57_den_of_the_bloodsucker_wait_destroy_text">
    <text>Make sure that the gas reached its destination and all bloodsuckers are dead.</text>
  </string>
  <string id="zat_b5_come_to_bandits_name">
    <text>Deal: Meet up with bandits near forestry</text>
  </string>
  <string id="zat_b5_come_to_bandits_text">
    <text>Sultan asked me to participate in a deal with a certain smuggler. Escort his people and cover them in case of unforeseen circumstances.</text>
  </string>
  <string id="zat_b5_come_to_dealer_name">
    <text>Deal: Meet up with the trader</text>
  </string>
  <string id="zat_b5_come_to_dealer_text">
    <text>Owl offered me a job of guarding a smuggler. Seems like the deal is with a fishy character and might have negative circumstances.</text>
  </string>
  <string id="zat_b5_come_to_stalkers_name">
    <text>Deal: Meet up with stalkers at the forestry</text>
  </string>
  <string id="zat_b5_come_to_stalkers_text">
    <text>Meet up with stalkers at the forestry and help them intercept the deal between the bandits and the arms smuggler.</text>
  </string>
  <string id="zat_b5_cover_dealer_name">
    <text>Deal: Guard the trader</text>
  </string>
  <string id="zat_b5_cover_dealer_text">
    <text>The trader explained my task. Guard him for the duration of the deal.</text>
  </string>
  <string id="zat_b5_intercept_talking_name">
    <text>Deal: Overhear the conversation</text>
  </string>
  <string id="zat_b5_intercept_talking_text">
    <text>Stalkers want to overhear the conversation between the bandits and the arms smuggler.</text>
  </string>
  <string id="zat_b5_kill_dealer_name">
    <text>Deal: Intercept the arms deal</text>
  </string>
  <string id="zat_b5_kill_dealer_text">
    <text>Intercept the deal by any means possible.</text>
  </string>
  <string id="zat_b5_kill_stalkers_name">
    <text>Deal: Eliminate all witnesses</text>
  </string>
  <string id="zat_b5_kill_stalkers_text">
    <text>The deal was intercepted, eliminate all witnesses.</text>
  </string>
  <string id="zat_b5_protect_dealer_name">
    <text>Deal: Protect the smuggler</text>
  </string>
  <string id="zat_b5_protect_dealer_text">
    <text>Protect the arms smuggler. He ordered to eliminate all witnesses, including his partners.</text>
  </string>
  <string id="zat_b5_search_body_name">
    <text>Deal: Search the smuggler</text>
  </string>
  <string id="zat_b5_search_body_text">
    <text>The smuggler may have important information. Search him.</text>
  </string>
  <string id="zat_b5_secure_bandits_name">
    <text>Deal: Cover the bandits during the deal</text>
  </string>
  <string id="zat_b5_secure_bandits_text">
    <text>While the bandits are negotiating with the smuggler, cover them.</text>
  </string>
  <string id="zat_b5_speak_dealer_name">
    <text>Deal: Talk to the trader</text>
  </string>
  <string id="zat_b5_speak_dealer_text">
    <text>The deal prerequisites were complete, talk to the trader to receive my reward.</text>
  </string>
  <string id="zat_b5_talk_barmen_name">
    <text>Deal: Receive my reward from Beard</text>
  </string>
  <string id="zat_b5_talk_barmen_text">
    <text>Beard promised me a reward for intercepting the deal between the bandits and the arms smuggler. I can now safely claim my reward.</text>
  </string>
  <string id="zat_b5_talk_to_sultan_name">
    <text>Deal: Talk to the bandit leader</text>
  </string>
  <string id="zat_b5_talk_to_sultan_text">
    <text>Inform the bandit leader of my readiness to participate in the deal.</text>
  </string>
  <string id="zat_b7_stalkers_raiders_name">
    <text>Raid: Decide on my course of actions</text>
  </string>
  <string id="zat_b7_stalkers_raiders_raiders_name">
    <text>Raid: Attack the stalkers</text>
  </string>
  <string id="zat_b7_stalkers_raiders_stalkers_reward_name">
    <text>Raid: Retrieve my reward</text>
  </string>
  <string id="zat_b7_stalkers_raiders_stalkers_reward_text">
    <text>The raid was repelled and now I can retrieve my reward from the stalkers. Most likely they would have had it tough if it wasn't for me.</text>
  </string>
  <string id="zat_b7_stalkers_raiders_text">
    <text>A stalker group decided to form a bandit band and mug their fellow stalkers. Decide what to do: help them with the raid, warn stalkers or not interfere at all.</text>
  </string>
  <string id="zat_b7_stalkers_raiders_wait_name">
    <text>Raid: Wait until designated time</text>
  </string>
  <string id="zat_b7_stalkers_raiders_time_name">
    <text>Raid: Wait for a fitting moment</text>
  </string>
  <string id="zat_b33_zaporojec_name">
    <text>Unreachable stash: Bring Snag the container</text>
  </string>
  <string id="zat_b5_talk_stalkers_name">
    <text>Deal: Talk to the stalker squad leader</text>
  </string>
  <string id="zat_b5_talk_stalkers_text">
    <text>The deal is intercepted, the smuggler is dead. Talk to the stalker squad leader.</text>
  </string>
  <string id="zat_b38_disappearance_stalkers_tell_barmen_about_medic_name">
    <text>Disappearance of stalkers: Tell to people in Skadovsk what happened</text>
  </string>
  <string id="zat_b57_den_of_the_bloodsucker_open_container_text">
    <text>Open the containers with the keys I found and retrieve the gas canister.</text>
  </string>
  <string id="zat_b57_den_of_the_bloodsucker_open_container_name">
    <text>Bloodsucker lair: Retrieve the gas canister</text>
  </string>
  <string id="zat_b7_stalkers_raiders_backstab_name">
    <text>Raid: Attack the bandits</text>
  </string>
  <string id="zat_b7_stalkers_raiders_backstab_text">
    <text>Attack the bandits from behind to help the stalkers repel the raid.</text>
  </string>
  <string id="zat_b7_stalkers_raiders_meet_name">
    <text>Raid: Meet up with the bandits</text>
  </string>
  <string id="zat_b7_stalkers_raiders_raiders_text">
    <text>Participate in the bandit raid on the stalker base.</text>
  </string>
  <string id="zat_b7_stalkers_raiders_stalkers_name">
    <text>Raid: Infiltrate the bandit squad</text>
  </string>
  <string id="zat_b7_stalkers_raiders_stalkers_text">
    <text>Stalkers asked me to help them repel the raid. Infiltrate their squad. It will be easier to attack them from behind.</text>
  </string>
  <string id="zat_b7_stalkers_raiders_meet_text">
    <text>The bandits are waiting near "Shevchenko". Meet up with them to participate in the raid on the stalker base.</text>
  </string>
  <string id="zat_b7_stalkers_raiders_wait_text">
    <text>Wait until the designated raid time. The bandits want to attack late at night, in the dark. Place of meeting: "Shevchenko".</text>
  </string>
  <string id="zat_b7_stalkers_raiders_raiders_reward_name">
    <text>Raid: Talk to the bandits</text>
  </string>
  <string id="zat_b7_stalkers_raiders_raiders_reward_text">
    <text>The raid was successful. Talk to my accomplices.</text>
  </string>
  <string id="zat_b7_stalkers_raiders_time_text">
    <text>Wait until the bandits are distracted by the raid. I will be able to attack them from behind then.</text>
  </string>
  <string id="zat_b30_sultan_task_8_name">
    <text>Shady business: Start working for Beard</text>
  </string>
  <string id="zat_b30_sultan_task_8_text">
    <text>To deprive stalkers working for Beard of detectors, I need to infiltrate their ranks. This will make it possible to investigate the enemy camp.</text>
  </string>
  <string id="zat_b33_zaporojec_text_03">
    <text>Take the container and bring it to the owner.</text>
  </string>
  <string id="zat_b100_guide_maps_01_text">
    <text>The computer on "Skat-2" contained maps of the area between Zaton and Jupiter. Find someone who is interested in these maps.</text>
  </string>
  <string id="zat_b20_ask_a_stalkers_name">
    <text>Way to the plateau: Ask stalkers</text>
  </string>
  <string id="zat_b20_ask_a_stalkers_text">
    <text>Looks like it is impossible to reach the plateau by a conventional way. Ask local stalkers about other possible ways.</text>
  </string>
  <string id="zat_b30_compass_to_barmen_task_give_text">
    <text>The artifact that I received from Noah is the "Compass" that Beard needs.</text>
  </string>
</string_table>