<?xml version="1.0" encoding="windows-1251"?>
<string_table>
  <string id="zat_a1_cutscene_phrase_1">
    <text>On the night of April 26, 1986, Reactor 4 of the Chernobyl nuclear power plant was destroyed by a powerful thermal explosion. Taken up by the wind, radioactive dust fell partly on the territory of the USSR, leaving pockets of radiation in Europe and even reaching the shores of America.</text>
  </string>
  <string id="zat_a1_cutscene_phrase_2">
    <text>The consequences of the accident were so severe that the government of the Soviet Union was forced to undertake emergency evacuation of nearby settlements.</text>
  </string>
  <string id="zat_a1_cutscene_phrase_3">
    <text>The polluted area within a radius of thirty kilometers from the station was turned into a strictly protected Zone of complete alienation.</text>
  </string>
  <string id="zat_a1_cutscene_phrase_4">
    <text>After the erection of a reinforced concrete sarcophagus over the destroyed reactor Chernobyl NPP resumed operation. The availability of a powerful source of energy and lack of people allowed the creation of a closed campus of secret laboratories.</text>
  </string>
  <string id="zat_a1_cutscene_phrase_5">
    <text>June 10, 2006. The Zone suddenly became lit with an unbearable light. For a few moments, there was complete silence, and the clouds in the sky could be seen evaporating. Then came a terrible roar, the earth shuddered, and most of the soldiers guarding the perimeter were killed instantly.</text>
  </string>
  <string id="zat_a1_cutscene_phrase_6">
    <text>2007. Scientists still cannot give a clear explanation of what happened. Expeditions invariably end in tragedy, and the rare survivors tell of mutated animals with amazing abilities.</text>
  </string>
  <string id="zat_a1_cutscene_phrase_7">
    <text>2009. The exclusion zone, according to various estimates, contains one to three hundred people unaccounted for. These people call themselves "stalkers" and stay in search of so-called artifacts - anomalous formations, which are highly valuable.</text>
  </string>
  <string id="zat_a1_cutscene_phrase_8">
    <text>2010. In spite of cordons located on the perimeter, stalker expeditions grow in magnitude. But they only explored the outskirts of the Zone; attempts to penetrate to the center of it invariably end in failure.</text>
  </string>
  <string id="zat_a1_cutscene_phrase_9">
    <text>In 2012, a stalker nicknamed Strelok solved the riddle of the Brain Scorcher - a powerful transmitter, capable of destroying the human mind - and turned it off. Stalkers then rushed en masse to the center of the Zone; some were looking for the legendary mother lode of artifacts, others - no less than the legendary Wish Granter.</text>
  </string>
  <string id="zat_a1_cutscene_phrase_10">
    <text>Under these new conditions, the National Security Defense Council of Ukraine decided on the immediate conduction of a special operation codenamed "Farvater". Guided by the maps of the anomalous areas created beforehand, dozens of troop-filled military helicopters headed for Chernobyl NPP. Despite careful preparation, the operation ended in failure; none of the helicopters returned to the base.</text>
  </string>
  <string id="zat_a1_cutscene_phrase_11">
    <text>To determine the reasons for the operation's failure, SBU officer Major Degtyarev, an experienced former stalker, has been dispatched.</text>
  </string>
  <string id="zat_a1_cutscene_phrase_12">
    <text>With a two-week supply of provisions, an assault rifle and a radio transmitter to communicate with Command, he begins his way deep into the Zone.</text>
  </string>
  <string id="zat_a1_cutscene_phrase_13">
    <text>Trying to learn something, Degtyarev communicates with every stalker he meets. All in vain: they are either stubbornly silent or they really do not know.</text>
  </string>
  <string id="zat_a1_cutscene_phrase_14">
    <text>The Zone never tires of reminding its inhabitants that it is not to be trifled with. Hardly a day goes by without an attack by mutants - or worse, people.</text>
  </string>
  <string id="zat_a1_cutscene_phrase_15">
    <text>Communications from Command were not clear: they only know the coordinates of the five wrecked helicopters. A few kilometers from Chernobyl NPP, the transmitter fell silent altogether.</text>
  </string>
  <string id="zat_a1_cutscene_phrase_16">
    <text>Degtyarev is now alone.</text>
  </string>
  <string id="pri_a28_outro_phrase_1">
    <text>For his successful conduct of the investigation, Degtyarev was awarded extraordinary rank of colonel. He declined an office job and expressed a desire to go to the Zone as a permanent observer for the Security Service.</text>
  </string>
  <string id="pri_a28_outro_phrase_2">
    <text>The information on psy-labs discovered by Major Degtyarev has seriously alarmed his superiors. All materials on the "X-labs" were removed from military archives and marked by the "special importance" classification. The SBU agents in the Zone were ordered to prevent the spread of information about the nature of work undertaken at any cost.</text>
  </string>
  <string id="pri_a28_outro_phrase_3">
    <text>Several prototypes have been created from the documentation of "Product #62". Reports on tests concluded that the mass-production of the weapon was uneconomical; the ammunition is simply too expensive. However, some evidence suggests that the gauss gun is still being perfected in secret.</text>
  </string>
  <string id="pri_a28_outro_phrase_4_a">
    <text>After all attempts to take Skadovsk under control failed, Sultan and his gang left the ship. With the disappearance of this danger, a weak stream of stalkers and artifacts turned into a raging current. Beard's business began to flourish, and Skadovsk almost equaled the 100 Rads Bar in popularity.</text>
  </string>
  <string id="pri_a28_outro_phrase_4_b">
    <text>Skadovsk was finally brought under the "law" of Sultan and the ship became a base for bandits. Beard, not wanting to pay tribute to the criminals, moved to an unexplored part of the Zone with a group of stalkers. Attempts by stalkers to restore the status quo quickly ended in public executions.</text>
  </string>
  <string id="pri_a28_outro_phrase_4_c">
    <text>Skadovsk remained a haven for all who are lucky to get there. Bandits have persistently sought to establish their own order on the ship, but stalkers have successfully resisted this. Day after day the fragile balance was kept.</text>
  </string>
  <string id="pri_a28_outro_phrase_5_a">
    <text>But it did not last long. Bloodsuckers that lived in a den nearby paved the road to the ship. After the attacks began to occur even in the daylight, people organized a raid. Unfortunately, they failed to clear out the tunnels, and soon the next wave of predators flooded Skadovsk.</text>
  </string>
  <string id="pri_a28_outro_phrase_5_b">
    <text>After the destruction of the bloodsucker lair, the beasts of the Zone could no longer interrupt the flow of life in Zaton. For the time being, the old ship became the center of relative stability in the changing world of the Zone.</text>
  </string>
  <string id="pri_a28_outro_phrase_6_a">
    <text>The Freedom faction was able to earn the trust of stalkers at the Yanov station. Trying to regain lost ground, Duty organized an armed attack, but in the heat of battle, Lt-Colonel Shulga was killed. Without the commander, the Duty faction ceased to exist.</text>
  </string>
  <string id="pri_a28_outro_phrase_6_b">
    <text>The increased strength and popularity among stalkers allowed Duty to push Freedom from Yanov. After fierce fighting, the Freedom faction led by Loki was destroyed.</text>
  </string>
  <string id="pri_a28_outro_phrase_6_c">
    <text>A shaky balance was established between the Duty and Freedom factions. Tired of senseless fighting, the soldiers of the warring factions began to join the ranks of free stalkers.</text>
  </string>
  <string id="pri_a28_outro_phrase_7_a">
    <text>The research expedition of Professors Herman and Ozersky was a success: the collected data helped in the development of several unique devices and drugs. In light of this funding for the study of the Zone was increased several times.</text>
  </string>
  <string id="pri_a28_outro_phrase_7_b">
    <text>The research expedition of Professors Herman and Ozersky was unable to collect sufficient data and was discontinued. After returning to the mainland both scientists engaged in activities not related to the Zone.</text>
  </string>
  <string id="pri_a28_outro_phrase_8_a">
    <text>Garik's stories of the military's success in Pripyat made a lot of people interested, and soon many independent groups started exploring the ghost city. Despite the constant attacks by Monolith, stalkers were able to fortify themselves in the base previously occupied by military. They now conduct trips into the depths of the city, moving deeper every time.</text>
  </string>
  <string id="pri_a28_outro_phrase_8_b">
    <text>Garik's story of the fate of the military scared stalkers away from Pripyat. The few that dared venture there encountered unexplainable and scary phenomena, which only added to the sinister portrait of the dead city.</text>
  </string>
  <string id="pri_a28_outro_phrase_9">
    <text>The stories of Oasis stopped being legends. More and more often were those who managed to find the way there mentioned. The influx of the seekers of Oasis does not stop, which is used by bandits. Rookies usually catch the bait of a proposal to show the way to the Oasis, which usually ends up with a mugging somewhere away from stalker paths.</text>
  </string>
  <string id="pri_a28_outro_phrase_10">
    <text>Teams of mercenaries keep operating in the Zone. Their interest towards secret laboratories increased tenfold and managed to attract the attention of the SBU. Nevertheless, identifying the customer behind the mercenaries proved impossible.</text>
  </string>
  <string id="pri_a28_outro_phrase_11_a">
    <text>The area around Yanov attracts more and more stalkers. The absence of dangerous mutants and the prevalence of anomalous places has led to it being considered the artifact mother lode.</text>
  </string>
  <string id="pri_a28_outro_phrase_11_b">
    <text>The area around Yanov acquired the reputation of one of the most dangerous areas in the Zone. More and more often did stalkers not return from their raids: mutants killed them right by the station doors. One of the first ones to disappear was Huntsman, who went on his last hunt for the chimera.</text>
  </string>
  <string id="pri_a28_outro_phrase_12_a">
    <text>Zulu returned to the Duty headquarters at the Bar. Nobody knows what he was talking about with General Voronin, but a few days later Zulu was seen leading a large squad to the center of the Zone.</text>
  </string>
  <string id="pri_a28_outro_phrase_12_b">
    <text>Rumors about the fate of Zulu arrived to the leader of Duty General Voronin. To everyone's amazement, Voronin presented Zulu with the highest award for Duty - "The Order of the Silver Shield"... posthumously.</text>
  </string>
  <string id="pri_a28_outro_phrase_13_a">
    <text>Vano went to the army warehouses, to Freedom, where his lightheartedness and optimism quickly won universal sympathy. In the end, he led a small group of researchers who took up the study of anomalies.</text>
  </string>
  <string id="pri_a28_outro_phrase_13_b">
    <text>Stalkers of the Yanov station remember the jovial Vano sometimes, his cheerfulness and innate skill of the stalker. Everyone agrees that Vano, with his luck, should not have sought the road to Pripyat.</text>
  </string>
  <string id="pri_a28_outro_phrase_14_a">
    <text>The Zone has a new group of stalkers. They are well equipped and prepared, but their goals are unknown. According to unconfirmed rumors, all of these people once were warriors of Monolith under the leadership of the one known as Rogue.</text>
  </string>
  <string id="pri_a28_outro_phrase_14_b">
    <text>Few have noticed the disappearance of Rogue - the only man who tried to understand what happened to the Monolith, and help them.</text>
  </string>
  <string id="pri_a28_outro_phrase_15_a">
    <text>Lieutenant Sokolov continued to fly over the territory of the Zone and was shot down by the mercenaries over Limansk. Two weeks later, his survival being none other than a miracle, he was picked up at Cordon by a military patrol. Soon Sokolov left the ranks of the Air Force and joined civil aviation.</text>
  </string>
  <string id="pri_a28_outro_phrase_15_b">
    <text>The list of personnel lost during Operation Farvater has a new line: "Senior Lieutenant Sokolov O.N. - Killed in action".</text>
  </string>
  <string id="pri_a28_outro_phrase_16">
    <text>Owl has established good relationships with customers outside of the Zone. His goods: information. According to rumors, much of his information goes to the SBU.</text>
  </string>
  <string id="pri_a28_outro_phrase_17">
    <text>During a particularly violent blowout a group of stalkers have been forced to seek shelter in Noah's old barge. Soon the ship was attacked by snorks, and the guys realized that they were in a small but well-fortified castle. Noah's pseudodog gave birth to a litter of puppies that soon helped to defend the barge from mutants.</text>
  </string>
  <string id="pri_a28_outro_phrase_18_a">
    <text>Cardan, learning the fate of his friends, no longer thought of a career in stalking. After overcoming alcoholism, he moved to Yanov where together with Nitro he organized a repair shop that fixed absolutely everything. In their free time the machinists enthusiastically construct a means of transportation suitable for the extreme conditions of the Zone.</text>
  </string>
  <string id="pri_a28_outro_phrase_18_b">
    <text>After overcoming alcoholism, Cardan left Skadovsk. Stalkers said that he was searching for his missing comrades. A few days later, wounded and irradiated, Cardan arrived at Yanov, and right after being cured he left the Zone forever.</text>
  </string>
  <string id="pri_a28_outro_phrase_19_a">
    <text>Strelok handed the data he obtained at the NPP to the SBU. This information prompted the government to establish a research institute of the Chernobyl Anomalous Zone headed by none other than Strelok himself.</text>
  </string>
  <string id="pri_a28_outro_phrase_19_b">
    <text>Strelok's knowledge was lost with him. The information he acquired in the NPP that could have helped to solve many of the Zone's puzzles never left the Zone. The forbidden place keeps its secrets well.</text>
  </string>
  <string id="pri_a28_outro_phrase_20_a">
    <text>After returning, the commander of the "Skat" group, Colonel Kovalsky was debriefed by his superiors on the failure of Operation Farvater. After a long investigation and many attempts to place the blame on him, Kovalsky resigned.</text>
  </string>
  <string id="pri_a28_outro_phrase_20_b">
    <text>The commander of the "Skat" group Colonel Kovalsky remained with his squad - in death. Their bodies are absorbed by the Zone, and only a black-framed photograph preserves the memory of these men.</text>
  </string>
</string_table>