<?xml version="1.0" encoding="windows-1251"?>
<string_table>
  <string id="not_enough_money_actor">
    <text>You don't have enough money.</text>
  </string>
  <string id="not_enough_money_partner">
    <text>NPC doesn't have enough money.</text>
  </string>
  <string id="quick_use_str_1">
    <text>$$ACTION_QUICK_USE_1$$</text>
  </string>
  <string id="quick_use_str_2">
    <text>$$ACTION_QUICK_USE_2$$</text>
  </string>
  <string id="quick_use_str_3">
    <text>$$ACTION_QUICK_USE_3$$</text>
  </string>
  <string id="quick_use_str_4">
    <text>$$ACTION_QUICK_USE_4$$</text>
  </string>
  <string id="st_activate_artefact">
    <text>Activate artifact</text>
  </string>
  <string id="st_attach_gl_to_rifle">
    <text>Attach grenade launcher to</text>
  </string>
  <string id="st_attach_scope_to_pistol">
    <text>Attach scope to</text>
  </string>
  <string id="st_attach_silencer_to_pistol">
    <text>Attach suppressor to</text>
  </string>
  <string id="st_base_cost">
    <text>Price</text>
  </string>
  <string id="st_community">
    <text>Group:</text>
  </string>
  <string id="st_condition">
    <text>Condition</text>
  </string>
  <string id="st_detach_gl">
    <text>Detach the grenade launcher</text>
  </string>
  <string id="st_detach_scope">
    <text>Detach scope</text>
  </string>
  <string id="st_detach_silencer">
    <text>Detach suppressor</text>
  </string>
  <string id="st_dress_outfit">
    <text>Wear suit</text>
  </string>
  <string id="st_drop">
    <text>Drop</text>
  </string>
  <string id="st_drop_all">
    <text>Drop all</text>
  </string>
  <string id="st_eat">
    <text>Eat</text>
  </string>
  <string id="st_kg">
    <text>kg</text>
  </string>
  <string id="st_move_on_belt">
    <text>Put on belt</text>
  </string>
  <string id="st_move_to_bag">
    <text>Put in backpack</text>
  </string>
  <string id="st_move_to_slot">
    <text>Equip</text>
  </string>
  <string id="st_no_trade_tip_1">
    <text>Trader isn't interested.</text>
  </string>
  <string id="st_no_trade_tip_2">
    <text>Item's condition is too poor to sell.</text>
  </string>
  <string id="st_play">
    <text>Playback</text>
  </string>
  <string id="st_sell_item">
    <text>Sell</text>
  </string>
  <string id="st_ui_armor_static">
    <text>Armor condition</text>
  </string>
  <string id="st_ui_main_sensor">
    <text>Radiation poisoning</text>
  </string>
  <string id="st_undress_outfit">
    <text>Remove suit</text>
  </string>
  <string id="st_unload_magazine">
    <text>Unload</text>
  </string>
  <string id="st_use">
    <text>Use</text>
  </string>
  <string id="st_weight">
    <text>Weight</text>
  </string>
  <string id="ui_ammo_count">
    <text>Ammo capacity</text>
  </string>
  <string id="ui_inv_accuracy">
    <text>Accuracy</text>
  </string>
  <string id="ui_inv_ammo_pistol">
    <text>Buy ammunition for the pistol (Q)</text>
  </string>
  <string id="ui_inv_ammo_rifle">
    <text>Buy ammunition for rifles (W)</text>
  </string>
  <string id="ui_inv_bleeding">
    <text>Healing</text>
  </string>
  <string id="ui_inv_cancel">
    <text>Cancel</text>
  </string>
  <string id="ui_inv_cant_buy_item">
    <text>Cannot buy weapons</text>
  </string>
  <string id="ui_inv_count_restr">
    <text>Cannot carry this many</text>
  </string>
  <string id="ui_inv_damage">
    <text>Damage</text>
  </string>
  <string id="ui_inv_default(F5)">
    <text>Initial (F5)</text>
  </string>
  <string id="ui_inv_exit">
    <text>Exit</text>
  </string>
  <string id="ui_inv_granadelauncher_rifle">
    <text>Buy grenade launcher for a rifle (D)</text>
  </string>
  <string id="ui_inv_granades_rifle">
    <text>Buy grenades for grenade launcher (E)</text>
  </string>
  <string id="ui_inv_handling">
    <text>Handling</text>
  </string>
  <string id="ui_inv_has">
    <text>Now</text>
  </string>
  <string id="ui_inv_health">
    <text>Health regeneration</text>
  </string>
  <string id="ui_inv_heavy_weapons">
    <text>Heavy</text>
  </string>
  <string id="ui_inv_last_buy">
    <text>Buy previous set</text>
  </string>
  <string id="ui_inv_last_buy(F4)">
    <text>Previous (F4)</text>
  </string>
  <string id="ui_inv_money">
    <text>Money:</text>
  </string>
  <string id="ui_inv_need">
    <text>Necessary</text>
  </string>
  <string id="ui_inv_not_enought_money">
    <text>Not enough money</text>
  </string>
  <string id="ui_inv_ok">
    <text>OK</text>
  </string>
  <string id="ui_inv_outfit_additional_weight">
    <text>Max weight limit</text>
  </string>
  <string id="ui_inv_outfit_burn_protection">
    <text>Burn protection</text>
  </string>
  <string id="ui_inv_outfit_chemical_burn_protection">
    <text>Chem. protection</text>
  </string>
  <string id="ui_inv_outfit_fire_wound_protection">
    <text>Bullet protection</text>
  </string>
  <string id="ui_inv_outfit_radiation_protection">
    <text>Rad. protection</text>
  </string>
  <string id="ui_inv_outfit_shock_protection">
    <text>Shock protection</text>
  </string>
  <string id="ui_inv_outfit_telepatic_protection">
    <text>Psy-defense</text>
  </string>
  <string id="ui_inv_outfit_wound_protection">
    <text>Impact protection</text>
  </string>
  <string id="ui_inv_power">
    <text>Stamina Regen.</text>
  </string>
  <string id="ui_inv_preset1(F1)">
    <text>Set 1 (F1)</text>
  </string>
  <string id="ui_inv_preset2(F2)">
    <text>Set 2 (F2)</text>
  </string>
  <string id="ui_inv_preset3(F3)">
    <text>Set 3 (F3)</text>
  </string>
  <string id="ui_inv_radiation">
    <text>Radiation</text>
  </string>
  <string id="ui_inv_rank_restr">
    <text>Rank restriction</text>
  </string>
  <string id="ui_inv_rate_of_fire">
    <text>Rate of fire</text>
  </string>
  <string id="ui_inv_reset_items(C)">
    <text>Clear (C)</text>
  </string>
  <string id="ui_inv_rifles">
    <text>Assault rifles</text>
  </string>
  <string id="ui_inv_satiety">
    <text>Saturation</text>
  </string>
  <string id="ui_inv_scope_rifle">
    <text>Buy optic scope for rifle (S)</text>
  </string>
  <string id="ui_inv_sell_items(X)">
    <text>Sell all items from a backpack (X)</text>
  </string>
  <string id="ui_inv_shotguns">
    <text>Shotguns</text>
  </string>
  <string id="ui_inv_silencer_pistol">
    <text>Buy a suppressor for a pistol (A)</text>
  </string>
  <string id="ui_inv_silencer_rifle">
    <text>Buy a suppressor for a rifle (F)</text>
  </string>
  <string id="ui_inv_sniper_rifles">
    <text>Sniper rifles</text>
  </string>
  <string id="ui_inv_time">
    <text>Time</text>
  </string>
  <string id="ui_inv_you_already_have">
    <text>Already have</text>
  </string>
  <string id="ui_st_err_gs_not_available">
    <text>Online services for S.T.A.L.K.E.R. not available.</text>
  </string>
  <string id="ui_st_err_sb_master_server_conn_fail">
    <text>Unable to connect to the master server</text>
  </string>
  <string id="ui_st_outfit_protect">
    <text>Protection:</text>
  </string>
  <string id="ui_st_preset_def">
    <text>Initial</text>
  </string>
  <string id="ui_st_preset_stored_to">
    <text>Preset is saved as</text>
  </string>
  <string id="ui_total_weight">
    <text>Total weight:</text>
  </string>
  <string id="st_drink">
    <text>Drink</text>
  </string>
  <string id="ui_inv_outfit_power_restore">
    <text>Stamina recovery</text>
  </string>
  <string id="st_dress_helmet">
    <text>Wear helmet</text>
  </string>
  <string id="st_ui_bleeding_sensor">
    <text>Bleeding</text>
  </string>
  <string id="ui_inv_weight">
    <text>Max. weight</text>
  </string>
  <string id="st_ui_health_sensor">
    <text>Health</text>
  </string>
  <string id="ui_ammo_types">
    <text>Ammo</text>
  </string>
  <string id="ui_inv_effect_time">
    <text>Lasts</text>
  </string>
  <string id="ui_inv_seconds_short">
    <text>seconds</text>
  </string>
  <string id="ui_inv_survive_surge">
    <text>Survive Blowout</text>
  </string>
    <string id="st_undress_helmet">
    <text>Remove helmet</text>
  </string>
</string_table>