<?xml version="1.0" encoding="windows-1251"?>
<string_table>
  <string id="actor_inventory_box_use">
    <text>View Personal Stash ($$ACTION_USE$$)</text>
  </string>
  <string id="cant_walk">
    <text>You are too exhausted to move</text>
  </string>
  <string id="cant_walk_weight">
    <text>You are carrying too much to move</text>
  </string>
  <string id="car_character_use">
    <text>Open door ($$ACTION_USE$$)</text>
  </string>
  <string id="character_use">
    <text>Talk ($$ACTION_USE$$)</text>
  </string>
  <string id="dead_character_use">
    <text>Search corpse ($$ACTION_USE$$)</text>
  </string>
  <string id="dead_character_use_or_drag">
    <text>Search corpse ($$ACTION_USE$$)\nDrag corpse (SHIFT+$$ACTION_USE$$)</text>
  </string>
  <string id="general_complete_task">
    <text>Task Complete:</text>
  </string>
  <string id="general_fail_task">
    <text>Task Failed:</text>
  </string>
  <string id="general_in_item">
    <text>Obtained Item(s):</text>
  </string>
  <string id="general_in_money">
    <text>Obtained Money:</text>
  </string>
  <string id="general_new_task">
    <text>New Task:</text>
  </string>
  <string id="general_out_item">
    <text>Lost Item(s):</text>
  </string>
  <string id="general_out_money">
    <text>Lost Money:</text>
  </string>
  <string id="general_reverse_task">
    <text>Task Canceled:</text>
  </string>
  <string id="general_update_task">
    <text>Task Updated:</text>
  </string>
  <string id="gun_jammed">
    <text>Weapon jammed, reload!</text>
  </string>
  <string id="inventory_box_use">
    <text>Search Stash ($$ACTION_USE$$)</text>
  </string>
  <string id="inventory_item_use">
    <text>Pick Up ($$ACTION_USE$$)</text>
  </string>
  <string id="jup_b10_ufo_searching_tips">
    <text>Search the aircraft ($$ACTION_USE$$)</text>
  </string>
  <string id="jup_b1_bar_door">
    <text>Door jammed</text>
  </string>
  <string id="jup_b1_door_is_closed">
    <text>Door is locked from the other side</text>
  </string>
  <string id="jup_b202_treasures_closed">
    <text>Safe closed</text>
  </string>
  <string id="jup_b205_tip_door_closed">
    <text>Code required</text>
  </string>
  <string id="jup_b205_tip_door_decode">
    <text>Enter Code ($$ACTION_USE$$)</text>
  </string>
  <string id="jup_b206_use_plant">
    <text>Pick plant ($$ACTION_USE$$)</text>
  </string>
  <string id="jup_b209_scanner_place_tips">
    <text>Place scanner ($$ACTION_USE$$)</text>
  </string>
  <string id="jup_b209_scanner_remove_tips">
    <text>Pick up scanner ($$ACTION_USE$$)</text>
  </string>
  <string id="lx8_raduga">
    <text>"Rainbow" aggression suppressor \nA model of the external emitting complex \nScale 1:20</text>
  </string>
  <string id="pas_b400_tip_switcher">
    <text>Switch on ($$ACTION_USE$$)</text>
  </string>
  <string id="pri_a18_use_idol">
    <text>Inspect structure ($$ACTION_USE$$)</text>
  </string>
  <string id="pri_a25_blow_up_enter_door">
    <text>Set explosives ($$ACTION_USE$$)</text>
  </string>
  <string id="pri_a28_talk_with_stupid_medic">
    <text>Bring to senses ($$ACTION_USE$$)</text>
  </string>
  <string id="pri_b306_elevator_door_locked_used">
    <text>Elevator dead</text>
  </string>
  <string id="pri_b306_generator_use">
    <text>Start generator ($$ACTION_USE$$)</text>
  </string>
  <string id="sleep_ok_button">
    <text>Sleep</text>
  </string>
  <string id="sleep_warning_all_pleasures">
    <text>You can not sleep, you are irradiated and bleeding heavily. Use medicaments or speak to a medic.</text>
  </string>
  <string id="sleep_warning_bleeding">
    <text>You are bleeding too badly to sleep. Use medicaments or speak to a medic.</text>
  </string>
  <string id="sleep_warning_radiation">
    <text>You are too irradiated to sleep. Use medicaments or speak to a medic.</text>
  </string>
  <string id="sleep_zone_tip">
    <text>Sleep ($$ACTION_USE$$)</text>
  </string>
  <string id="st_ach_balance_advocate">
    <text>Achievement unlocked: The Hand of Balance</text>
  </string>
  <string id="st_ach_battle_systems_master">
    <text>Achievement unlocked: Master Modder</text>
  </string>
  <string id="st_ach_detective">
    <text>Achievement unlocked: Investigator</text>
  </string>
  <string id="st_ach_diplomat">
    <text>Achievement unlocked: Diplomacy</text>
  </string>
  <string id="st_ach_friend_of_duty">
    <text>Achievement unlocked: Friend of Duty</text>
  </string>
  <string id="st_ach_friend_of_freedom">
    <text>Achievement unlocked: Friend of Freedom</text>
  </string>
  <string id="st_ach_friend_of_stalkers">
    <text>Achievement unlocked: Friend of Stalkers</text>
  </string>
  <string id="st_ach_herald_of_justice">
    <text>Achievement unlocked: Champion of Justice</text>
  </string>
  <string id="st_ach_high_tech_master">
    <text>Achievement unlocked: Master Technician</text>
  </string>
  <string id="st_ach_information_dealer">
    <text>Achievement unlocked: Informant</text>
  </string>
  <string id="st_ach_keeper_of_secrets">
    <text>Achievement unlocked: Keeper of Secrets</text>
  </string>
  <string id="st_ach_kingpin">
    <text>Achievement unlocked: Authority</text>
  </string>
  <string id="st_ach_leader">
    <text>Achievement unlocked: Leader</text>
  </string>
  <string id="st_ach_mutant_hunter">
    <text>Achievement unlocked: Mutant Hunter</text>
  </string>
  <string id="st_ach_one_of_the_lads">
    <text>Achievement unlocked: True Bro</text>
  </string>
  <string id="st_ach_pioneer">
    <text>Achievement unlocked: Discovery</text>
  </string>
  <string id="st_ach_research_man">
    <text>Achievement unlocked: Internship</text>
  </string>
  <string id="st_ach_seeker">
    <text>Achievement unlocked: Seeker</text>
  </string>
  <string id="st_ach_skilled_stalker">
    <text>Achievement unlocked: Master Stalker</text>
  </string>
  <string id="st_ach_wealthy">
    <text>Achievement unlocked: Valued Customer</text>
  </string>
  <string id="st_autosave">
    <text>Autosaving...</text>
  </string>
  <string id="st_can_use_weapon_now">
    <text>You may use weapons now</text>
  </string>
  <string id="st_codelock">
    <text>Code lock ($$ACTION_USE$$)</text>
  </string>
  <string id="st_detective_news">
    <text>Medicine has been left in your personal stash in Skadovsk as a reward for solving the case of the missing stalkers.</text>
  </string>
  <string id="st_duty_first_reward_news">
    <text>For assisting Duty, a PS5-M Universal Protection suit has been added to your personal stash in Yanov.</text>
  </string>
  <string id="st_duty_second_reward_news">
    <text>For assisting Duty, a PSZ-9d Duty Armor has been added to your personal stash in Yanov.</text>
  </string>
  <string id="st_freedom_first_reward_news">
    <text>For assisting Freedom, a Wind of Freedom suit has been added to your personal stash in Yanov.</text>
  </string>
  <string id="st_freedom_second_reward_news">
    <text>For assisting Freedom, a Guardian of Freedom suit has been added to your personal stash in Yanov.</text>
  </string>
  <string id="st_freeplay_text_ok">
    <text>You didn't get to the helicopters in time. The evacuation has proceeded without you.</text>
  </string>
  <string id="st_freeplay_text_yes_no">
    <text>Are you ready to leave the Zone? There's no turning back.</text>
  </string>
  <string id="st_game_over">
    <text>Game Over</text>
  </string>
  <string id="st_game_over_press_jump">
    <text>Press ($$ACTION_JUMP$$) to exit to main menu</text>
  </string>
  <string id="st_game_paused">
    <text>Paused</text>
  </string>
  <string id="st_game_saved">
    <text>Saved</text>
  </string>
  <string id="st_herald_of_justice_news">
    <text>For help in exposing the traitor Soroka, an artifact has been added to your personal stash in Skadovsk.</text>
  </string>
  <string id="st_jup_b41_door_locked">
    <text>You must wait for the air lock to cycle.</text>
  </string>
  <string id="st_lx8_button_press_true">
    <text>Access Granted</text>
  </string>
  <string id="st_lx8_lift_button">
    <text>Take the elevator ($$ACTION_USE$$)</text>
  </string>
  <string id="st_pri_b306_go_down">
    <text>Go down ($$ACTION_USE$$)</text>
  </string>
  <string id="st_psy_danger">
    <text>Critical levels of psy-radiation. Leave the danger zone immediately!</text>
  </string>
  <string id="st_radiation_danger">
    <text>Critical levels of radiation. You need protection to proceed.</text>
  </string>
  <string id="st_search_helicopter">
    <text>Search helicopter ($$ACTION_USE$$)</text>
  </string>
  <string id="st_search_treasure">
    <text>Search cache ($$ACTION_USE$$)</text>
  </string>
  <string id="st_sleep_hours">
    <text>h</text>
  </string>
  <string id="st_tip">
    <text>Message</text>
  </string>
  <string id="tip_door_blocked">
    <text>Door is blocked</text>
  </string>
  <string id="tip_door_close">
    <text>Close door ($$ACTION_USE$$)</text>
  </string>
  <string id="tip_door_closed_base_alarm">
    <text>Door locked - Base is alerted</text>
  </string>
  <string id="tip_door_closed_hide_weapon">
    <text>Door locked - Hide your weapon</text>
  </string>
  <string id="tip_door_locked">
    <text>Door locked</text>
  </string>
  <string id="tip_door_no_electricity">
    <text>Door has no power</text>
  </string>
  <string id="tip_door_open">
    <text>Open door ($$ACTION_USE$$)</text>
  </string>
  <string id="tip_gate_locked">
    <text>Gate is locked</text>
  </string>
  <string id="tip_need_access_card">
    <text>Use Access Card ($$ACTION_USE$$)</text>
  </string>
  <string id="tip_no_access_card">
    <text>Need access card</text>
  </string>
  <string id="tip_open_another_site">
    <text>Door can't be opened from this side</text>
  </string>
  <string id="ui_st_mp_experience_grow">
    <text>-</text>
  </string>
  <string id="zat_b12_conteiner_full_locked">
    <text>Container locked - Two keys are required</text>
  </string>
  <string id="zat_b12_conteiner_has_one_key">
    <text>Use the key ($$ACTION_USE$$)</text>
  </string>
  <string id="zat_b12_conteiner_has_two_key">
    <text>Use the keys ($$ACTION_USE$$)</text>
  </string>
  <string id="zat_b12_conteiner_locked">
    <text>Container locked - Need second key</text>
  </string>
  <string id="zat_b12_conteiner_open">
    <text>Open Container ($$ACTION_USE$$)</text>
  </string>
  <string id="zat_b14_door_locked_hint">
    <text>Door is blocked from the inside</text>
  </string>
  <string id="zat_b57_balon_use_hint">
    <text>Connect the gas cylinder ($$ACTION_USE$$)</text>
  </string>
  <string id="zat_b57_gas_warning">
    <text>Warning! Chemical hazard!</text>
  </string>
  <string id="zat_b57_vintil_press">
    <text>Turn valve ($$ACTION_USE$$)</text>
  </string>
  <string id="zat_b33_car_searching_tip">
    <text>Search car ($$ACTION_USE$$)</text>
  </string>
  <string id="st_resupply_ready">
    <text>Before the operation, you can replenish supplies at Lieutenants Rogovets and Kirillov</text>
  </string>
  <string id="st_surge_while_asleep">
    <text>There was a blowout recently</text>
  </string>
  <string id="st_ach_marked_by_zone">
    <text>Achievement unlocked: Marked by the Zone</text>
  </string>
  <string id="st_mutant_hunter_news">
    <text>For destroying the dangerous mutants, ammunition has been added to your personal stash in Yanov.</text>
  </string>
  <string id="st_found_old_treasure">
    <text>Obtained coordinates of a previously found cache</text>
  </string>
  <string id="st_got_treasure">
    <text>Found cache</text>
  </string>
  <string id="st_found_new_treasure">
    <text>Obtained cache coordinates</text>
  </string>
  <string id="st_press_any_key">
    <text>Press any key to continue</text>
  </string>
</string_table>