<?xml version="1.0" encoding="windows-1251"?>
<string_table>
  <string id="Btn_Cancel">
    <text>Cancel</text>
  </string>
  <string id="Btn_No">
    <text>No</text>
  </string>
  <string id="Btn_OK">
    <text>OK</text>
  </string>
  <string id="Btn_Yes">
    <text>Yes</text>
  </string>
  <string id="bad">
    <text>Bad</text>
  </string>
  <string id="enemy">
    <text>Enemy</text>
  </string>
  <string id="excellent">
    <text>Excellent</text>
  </string>
  <string id="experienced">
    <text>Experienced</text>
  </string>
  <string id="friendly">
    <text>Friendly</text>
  </string>
  <string id="global_map">
    <text>Zone map</text>
  </string>
  <string id="good">
    <text>Good</text>
  </string>
  <string id="indifferent">
    <text>Indifferent</text>
  </string>
  <string id="master">
    <text>Master</text>
  </string>
  <string id="mm_mp_pda_hunt">
    <text>PDA bonus</text>
  </string>
  <string id="mp_only_one_voting">
    <text>Only one active vote is allowed.</text>
  </string>
  <string id="neutral">
    <text>Neutral</text>
  </string>
  <string id="novice">
    <text>Novice</text>
  </string>
  <string id="st_game">
    <text>Game</text>
  </string>
  <string id="st_item_used">
    <text>Used</text>
  </string>
  <string id="st_level">
    <text>Level</text>
  </string>
  <string id="st_loading_ai_objects">
    <text>Loading AI objects</text>
  </string>
  <string id="st_loading_alife_simulator">
    <text>Server: Loading A-Life simulation</text>
  </string>
  <string id="st_loading_cform">
    <text>Loading objects</text>
  </string>
  <string id="st_loading_details">
    <text>Loading detailed objects</text>
  </string>
  <string id="st_loading_geometry">
    <text>Loading geometry</text>
  </string>
  <string id="st_loading_saved_game">
    <text>Loading saved game</text>
  </string>
  <string id="st_loading_sectors_portals">
    <text>Loading sectors and portals</text>
  </string>
  <string id="st_loading_shaders">
    <text>Loading shaders</text>
  </string>
  <string id="st_loading_spatial_db">
    <text>Loading spatial db</text>
  </string>
  <string id="st_loading_textures">
    <text>Loading textures</text>
  </string>
  <string id="st_mp_direct_ip">
    <text>Direct IP</text>
  </string>
  <string id="st_no_active_task">
    <text>No active task</text>
  </string>
  <string id="st_not_enough_money">
    <text>Not enough money</text>
  </string>
  <string id="st_not_enough_money_npc">
    <text>NPC don't have enough money</text>
  </string>
  <string id="st_opening_stream">
    <text>Opening stream</text>
  </string>
  <string id="st_prefetching_objects">
    <text>Prefetching objects</text>
  </string>
  <string id="st_rubles">
    <text>RU</text>
  </string>
  <string id="st_server_connecting">
    <text>Server: Connecting</text>
  </string>
  <string id="st_server_starting">
    <text>Server: Starting</text>
  </string>
  <string id="st_validating_cdkey">
    <text>Validating CD-Key</text>
  </string>
  <string id="st_video">
    <text>Video</text>
  </string>
  <string id="terrible">
    <text>Terrible</text>
  </string>
  <string id="ui_inv_repair">
    <text>Repair</text>
  </string>
  <string id="ui_st_cant_run_r2">
    <text>Your computer can't run r2</text>
  </string>
  <string id="ui_st_community">
    <text>Community</text>
  </string>
  <string id="ui_st_conn_cdkey_disabled">
    <text>Connection error: Your CD-key is disabled. Please contact support.</text>
  </string>
  <string id="ui_st_conn_cdkey_in_use">
    <text>Connection error: The CD-key is already in use</text>
  </string>
  <string id="ui_st_conn_cdkey_invalid">
    <text>Connection error: Invalid CD-key</text>
  </string>
  <string id="ui_st_conn_invalid_host">
    <text>Connection error: Invalid host</text>
  </string>
  <string id="ui_st_conn_invalid_pass">
    <text>Connection error: Invalid password</text>
  </string>
  <string id="ui_st_conn_new_patch">
    <text>A new patch is available. \n Version: %s\n %s\n Do you want to update now?</text>
  </string>
  <string id="ui_st_conn_no_new_patch">
    <text>No new patches are available</text>
  </string>
  <string id="ui_st_conn_rejected_server">
    <text>Connection failed: Connection closed by server</text>
  </string>
  <string id="ui_st_conn_sess_full">
    <text>Connection failed: The server is full</text>
  </string>
  <string id="ui_st_conn_version_differs">
    <text>Connection error: Version differs</text>
  </string>
  <string id="ui_st_connecting_to_masterserver">
    <text>Connecting to master server</text>
  </string>
  <string id="ui_st_days">
    <text>days.</text>
  </string>
  <string id="ui_st_error">
    <text>Error</text>
  </string>
  <string id="ui_st_error_loading">
    <text>Loading error</text>
  </string>
  <string id="ui_st_file_exist_owerwrite_q">
    <text>A file with the same name exists. Overwrite?</text>
  </string>
  <string id="ui_st_file_name_is_empty">
    <text>Filename is empty.</text>
  </string>
  <string id="ui_st_hours">
    <text>hours.</text>
  </string>
  <string id="ui_st_kicked_by_battleye">
    <text>Kicked by BattlEye</text>
  </string>
  <string id="ui_st_kicked_by_server">
    <text>You have been kicked. Reason -</text>
  </string>
  <string id="ui_st_leave">
    <text>Leave</text>
  </string>
  <string id="ui_st_load_game_confirm">
    <text>Loading a game will result in the loss of unsaved data. Would you like to continue?</text>
  </string>
  <string id="ui_st_mins">
    <text>mins.</text>
  </string>
  <string id="ui_st_months">
    <text>months.</text>
  </string>
  <string id="ui_st_opponent_items">
    <text>Backpack</text>
  </string>
  <string id="ui_st_params">
    <text>Settings</text>
  </string>
  <string id="ui_st_patch_download_error">
    <text>Cannot download the patch.</text>
  </string>
  <string id="ui_st_patch_download_success">
    <text>Patch successfully downloaded. Would you like to install?</text>
  </string>
  <string id="ui_st_price">
    <text>Price</text>
  </string>
  <string id="ui_st_rank">
    <text>Rank</text>
  </string>
  <string id="ui_st_relation">
    <text>Attitude</text>
  </string>
  <string id="ui_st_reputation">
    <text>Reputation</text>
  </string>
  <string id="ui_st_secs">
    <text>secs.</text>
  </string>
  <string id="ui_st_select_one_map">
    <text>Please select at least one map.</text>
  </string>
  <string id="ui_st_take_all">
    <text>Take All</text>
  </string>
  <string id="ui_st_time_remains">
    <text>left</text>
  </string>
  <string id="ui_st_voting_disabled">
    <text>Voting disabled</text>
  </string>
  <string id="ui_st_want_to_leave_game_q">
    <text>Do you really want to leave the game?</text>
  </string>
  <string id="ui_total_price">
    <text>Total</text>
  </string>
  <string id="very_bad">
    <text>Very bad</text>
  </string>
  <string id="very_good">
    <text>Very good</text>
  </string>
  <string id="veteran">
    <text>Veteran</text>
  </string>
  <string id="ui_st_inv_repair">
    <text>Repair</text>
  </string>
  <string id="ui_repair_button_hint">
    <text>Repair selected item</text>
  </string>
  <string id="st_key_notbinded">
    <text>KEY NOT BOUND</text>
  </string>
  <string id="st_save_uni_travel_generic">
    <text>local travel</text>
  </string>
  <string id="st_save_uni_travel_zat_to_jup">
    <text>travel from Zaton to Jupiter</text>
  </string>
  <string id="st_save_uni_travel_zat_to_pri">
    <text>travel from Zaton to Pripyat</text>
  </string>
  <string id="st_save_uni_travel_jup_to_zat">
    <text>travel from Jupiter to Zaton</text>
  </string>
  <string id="st_save_uni_travel_jup_to_pri">
    <text>travel from Jupiter to Pripyat</text>
  </string>
  <string id="st_save_uni_travel_pri_to_zat">
    <text>travel from Pripyat to Zaton</text>
  </string>
  <string id="st_save_uni_travel_pri_to_jup">
    <text>travel from Pripyat to Jupiter</text>
  </string>
  <string id="st_save_uni_pri_to_labx8">
    <text>travel from Pripyat to Lab X8</text>
  </string>
  <string id="st_save_uni_labx8_to_pri">
    <text>travel from Lab X8 to Pripyat</text>
  </string>
  <string id="st_save_uni_surge_start">
    <text>blowout</text>
  </string>
  <string id="st_save_zat_a1_game_start">
    <text>game start</text>
  </string>
  <string id="st_save_zat_a2_reached_skadovsk">
    <text>arrived at Skadovsk</text>
  </string>
  <string id="st_save_jup_b9_searched_heli_1">
    <text>investigated SKAT-1</text>
  </string>
  <string id="st_save_zat_b100_searched_heli_2">
    <text>investigated SKAT-2</text>
  </string>
  <string id="st_save_zat_b28_searched_heli_3">
    <text>investigated SKAT-3</text>
  </string>
  <string id="st_save_jup_b8_searched_heli_4">
    <text>investigated SKAT-4</text>
  </string>
  <string id="st_save_zat_b101_searched_heli_5">
    <text>investigated SKAT-5</text>
  </string>
  <string id="st_save_zat_b18_noah_showed_teleport">
    <text>on the way to the plateau</text>
  </string>
  <string id="st_save_jup_b217_arrived_to_jup">
    <text>arrived at Jupiter</text>
  </string>
  <string id="st_save_jup_a9_got_underpass_docs">
    <text>found a way to Pripyat</text>
  </string>
  <string id="st_save_jup_b15_drunk_with_zulu">
    <text>Zulu joined squad</text>
  </string>
  <string id="st_save_jup_a10_gonna_return_debt">
    <text>Vano's debt paid off</text>
  </string>
  <string id="st_save_jup_b218_vano_in_squad">
    <text>Vano joined the squad</text>
  </string>
  <string id="st_save_jup_b206_got_anomalous_plant">
    <text>got the anomalous plant</text>
  </string>
  <string id="st_save_jup_b218_sokolov_in_squad">
    <text>Sokolov joined the squad</text>
  </string>
  <string id="st_save_jup_b218_strider_in_squad">
    <text>Rogue joined the squad</text>
  </string>
  <string id="st_save_jup_b218_travel_jup_to_pas">
    <text>the squad was assembled</text>
  </string>
  <string id="st_save_pas_b400_underpass_start">
    <text>arrived at the underpass</text>
  </string>
  <string id="st_save_uni_travel_pas_to_pri">
    <text>reached Pripyat</text>
  </string>
  <string id="st_save_pri_a16_arrived_to_pri">
    <text>found military</text>
  </string>
  <string id="st_save_pri_a17_hospital_start">
    <text>retrieved the unknown weapon</text>
  </string>
  <string id="st_save_pri_a20_found_dead_recon">
    <text>found recon</text>
  </string>
  <string id="st_save_pri_a18_met_reinforcement">
    <text>met the reinforcements</text>
  </string>
  <string id="st_save_pri_a18_searched_antenna">
    <text>investigated Antenna</text>
  </string>
  <string id="st_save_pri_a21_approached_mad_sentry">
    <text>found the lost sentry</text>
  </string>
  <string id="st_save_pri_a21_killed_controller">
    <text>killed the controller near sentry</text>
  </string>
  <string id="st_save_zat_a23_entered_test_center">
    <text>entered the test center</text>
  </string>
  <string id="st_save_zat_a23_got_gauss_docs">
    <text>found gauss-gun documentation</text>
  </string>
  <string id="st_save_pri_a22_found_dead_squad">
    <text>found dead soldier</text>
  </string>
  <string id="st_save_pri_a25_gonna_place_explosive">
    <text>entrance to kindergarten</text>
  </string>
  <string id="st_save_pri_a25_freed_medic">
    <text>military doctor rescued</text>
  </string>
  <string id="st_save_pri_a28_talked_with_ssu">
    <text>established contact with the command</text>
  </string>
  <string id="st_save_pri_a28_evacutaion_start">
    <text>started evacuation of Pripyat</text>
  </string>
  <string id="st_save_pri_a28_evacuation_end">
    <text>helicopters reached</text>
  </string>
  <string id="st_save_uni_zone_to_reality">
    <text>leave the Zone</text>
  </string>
  <string id="st_save_jup_b209_placed_mutant_scanner">
    <text>placed the mutant scanner</text>
  </string>
  <string id="st_save_jup_a12_gave_artefact_for_hostage">
    <text>traded artifact for hostage</text>
  </string>
  <string id="st_save_jup_a12_met_with_liberators">
    <text>hostage released</text>
  </string>
  <string id="st_save_jup_b6_arrived_to_ash_heap">
    <text>researched Ash Heap</text>
  </string>
  <string id="st_save_jup_b6_arrived_to_fen">
    <text>researched Plavni</text>
  </string>
  <string id="st_save_zat_b38_met_with_grouse">
    <text>bloodsucker den</text>
  </string>
  <string id="st_save_jup_b19_arrived_to_kopachy">
    <text>arrived at Kopachi</text>
  </string>
  <string id="st_save_zat_b40_warned_by_mercs">
    <text>arrived at the recycling station</text>
  </string>
  <string id="st_save_zat_b7_met_with_robbers">
    <text>attacking the stalkers</text>
  </string>
  <string id="st_save_zat_b33_got_container">
    <text>container found in the secret compartment</text>
  </string>
  <string id="st_save_zat_b106_arrived_to_chimera_lair">
    <text>arrived at chimera lair</text>
  </string>
  <string id="st_save_jup_b16_passed_labyrinth">
    <text>found Oasis</text>
  </string>
  <string id="st_save_pri_b35_ready_to_snipe">
    <text>start of mission One shot</text>
  </string>
  <string id="st_save_jup_b1_entered_railroad_tunnel">
    <text>find the source of psy-radiation</text>
  </string>
  <string id="st_save_jup_b47_got_admin_docs">
    <text>found administrative documents</text>
  </string>
  <string id="st_save_zat_b103_warned_by_mercs">
    <text>arrived at the substation</text>
  </string>
  <string id="st_save_zat_b5_met_with_others">
    <text>deal near the forest</text>
  </string>
  <string id="st_save_jup_b207_arrived_to_duty_depot">
    <text>arrived at Duty depot</text>
  </string>
  <string id="st_save_zat_b14_got_altered_wheel">
    <text>found the source of the strange glow</text>
  </string>
  <string id="st_save_pri_b301_arrived_to_help_zulu">
    <text>Zulu found</text>
  </string>
  <string id="st_save_zat_b42_arrived_to_controler_lair">
    <text>arrived at the dangerous den</text>
  </string>
  <string id="ui_st_upgrade">
    <text>Repair / Upgrade</text>
  </string>
  <string id="ui_st_buy">
    <text>Buy</text>
  </string>
  <string id="ui_st_sell">
    <text>Sell</text>
  </string>
  <string id="ui_st_trade">
    <text>Trade</text>
  </string>
  <string id="ui_st_exit_hint">
    <text>Close window ($$ACTION_USE$$)</text>
  </string>
  <string id="ui_st_trade_hint">
    <text>Open trade window ($$ACTION_SPRINT_TOGGLE$$)</text>
  </string>
  <string id="ui_st_upgrade_hint">
    <text>View repairs and modifications window ($$ACTION_SPRINT_TOGGLE$$)</text>
  </string>
  <string id="ui_st_take_all_hint">
    <text>Move everything to your backpack ($$ACTION_SPRINT_TOGGLE$$)</text>
  </string>
  <string id="ui_st_buy_hint">
    <text>Buy selected items</text>
  </string>
  <string id="ui_st_sell_hint">
    <text>Sell selected items</text>
  </string>
  <string id="st_save_pri_a28_evacuation_heli">
    <text>evacuation helicopters departed</text>
  </string>
</string_table>