<?xml version="1.0" encoding="windows-1251"?>
<string_table>
  <string id="ls_header">
    <text>"100 Tips for Surviving in the Zone"</text>
  </string>
  <string id="ls_mp_tip_16">
    <text>A bullet between the eyes will kill you, no matter how protective your armor is.</text>
  </string>
  <string id="ls_mp_tip_19">
    <text>The AN-94 "Abakan" has a unique firing mode that allows it to fire two rounds at once. In this firing mode, both bullets hit the same mark.</text>
  </string>
  <string id="ls_mp_tip_21">
    <text>Double-barreled shotguns can fire two shots almost simultaneously.</text>
  </string>
  <string id="ls_mp_tip_25">
    <text>Never underestimate pistols. They are just as good for fighting and can be very effective against opponents with poor armor.</text>
  </string>
  <string id="ls_mp_tip_32">
    <text>Sniper rifles have high flatness and accuracy, making them ideal for destroying enemies in a distance. However, they aren't very effective close-range.</text>
  </string>
  <string id="ls_mp_tip_33">
    <text>Shooting while moving greatly reduces your accuracy compared to standing or crouching.</text>
  </string>
  <string id="ls_mp_tip_34">
    <text>In the Zone's harsh conditions, weapons and protective suits wear down quickly. Weapons in poor condition have lower accuracy and can misfire, while armor loses its protective properties.</text>
  </string>
  <string id="ls_mp_tip_54">
    <text>Press ($$ACTION_SCREENSHOT$$) to take a screenshot.</text>
  </string>
  <string id="ls_mp_tip_9">
    <text>An artifact or its carrier is displayed on the minimap. If the artifact is far away, a direction arrow is shown on the minimap.</text>
  </string>
  <string id="ls_tip_37">
    <text>The AN-94 "Abakan" has a unique firing mode that allows it to fire two rounds at once. In this firing mode, both bullets hit the same mark.</text>
  </string>
  <string id="ls_tip_39">
    <text>Double-barreled shotguns can fire two shots almost simultaneously.</text>
  </string>
  <string id="ls_tip_43">
    <text>Never underestimate pistols. They can be just as useful for fighting and can be very effective against opponents with poor armor.</text>
  </string>
  <string id="ls_tip_50">
    <text>Sniper rifles have high flatness and accuracy, making them ideal for destroying enemies in a distance. However, they aren't very effective close-range.</text>
  </string>
  <string id="ls_tip_52">
    <text>In the Zone's harsh conditions, weapons and protective suits wear down quickly. Weapons in poor condition have lower accuracy and can misfire, while armor loses its protective properties.</text>
  </string>
  <string id="ls_tip_56">
    <text>Some medications have unique properties. Take the drug "Hercules" for example, allowing you to carry much greater loads for a time, or psy-block, increasing your resistance to mental damage.</text>
  </string>
  <string id="ls_tip_83">
    <text>Press ($$ACTION_SCREENSHOT$$) to take a screenshot.</text>
  </string>
  <string id="ls_tip_number">
    <text>Zone Tip #</text>
  </string>
  <string id="ls_tip_1">
    <text>Vodka is a cheap and available alternative to anti-radiation medication.</text>
  </string>
  <string id="ls_tip_10">
    <text>You can check the details of your current objective by holding ($$ACTION_SCORES$$).</text>
  </string>
  <string id="ls_tip_13">
    <text>A detector is required for artifact searching. More advanced detectors make artifacts easier to find and can find higher quality artifacts.</text>
  </string>
  <string id="ls_tip_14">
    <text>Stalkers don't like it very much if you approach their camp with your weapon out. Press your current weapon's hotkey ($$ACTION_WPN_1$$), ($$ACTION_WPN_2$$), ($$ACTION_WPN_3$$) or ($$ACTION_WPN_4$$) to holster it.</text>
  </string>
  <string id="ls_tip_15">
    <text>An anomaly's boundaries can be determined by throwing a bolt at it. Press ($$ACTION_WPN_6$$) to select your bolts.</text>
  </string>
  <string id="ls_tip_17">
    <text>Food not only satisfies your hunger, it also heals you somewhat.</text>
  </string>
  <string id="ls_tip_18">
    <text>Drinking an energy drink temporarily boosts your stamina recovery, allowing you to be more mobile.</text>
  </string>
  <string id="ls_tip_20">
    <text>A lack of stamina could result in loss of mobility in critical situation, leaving you quite vulnerable.</text>
  </string>
  <string id="ls_tip_21">
    <text>Your degree of concealment can be monitored using the sight and noise indicators located in the upper left corner of the screen.</text>
  </string>
  <string id="ls_tip_22">
    <text>With a detector in one hand, you can still hold a knife, pistol, or bolt in the other.</text>
  </string>
  <string id="ls_tip_23">
    <text>Some medications can increase your resistance to harmful effects and could mean your salvation while raiding anomalous areas.</text>
  </string>
  <string id="ls_tip_27">
    <text>Some items in your backpack could have context menus. Try pointing at things and right clicking.</text>
  </string>
  <string id="ls_tip_28">
    <text>Despite their helpful properties, almost all artifacts are radioactive. However, you can compensate this with artifacts that absorb radiation.</text>
  </string>
  <string id="ls_tip_29">
    <text>The knife is not very effective against enemies with guns. Its areas of expertise are hand-to-hand combat and stealthy assassination.</text>
  </string>
  <string id="ls_tip_3">
    <text>The weight you carry directly affects how fast your stamina drains. Greater weight limits your mobility, and over-encumbrance leaves you unable to move at all.</text>
  </string>
  <string id="ls_tip_30">
    <text>Detectors are the only devices capable of finding artifacts in the anomalous Zone.</text>
  </string>
  <string id="ls_tip_31">
    <text>Most artifacts move around within anomalous areas and cannot be seen with the naked eye unless detected with a help of a detector.</text>
  </string>
  <string id="ls_tip_32">
    <text>Night is a time of mutant activity. Most stalkers prefer to carry out raids during the day.</text>
  </string>
  <string id="ls_tip_33">
    <text>Heavy exposure to radiation requires anti-radiation medication or a trip to a doctor. If neither is available, a medkit can temporarily reduce the damage being done until the problem can be remedied.</text>
  </string>
  <string id="ls_tip_34">
    <text>Most stalkers can guide you to the large camps, but only an experienced guide will lead you to remote areas quickly and safely. In any case, the guide's services are in great demand.</text>
  </string>
  <string id="ls_tip_35">
    <text>Profit can be made not only from selling artifacts but also extra equipment. It should be noted that traders will not give you full price and do not accept damaged merchandise.</text>
  </string>
  <string id="ls_tip_38">
    <text>To detach a mounted silencer, sight, or grenade launcher, right click the weapon in inventory and click the appropriate command from the menu.</text>
  </string>
  <string id="ls_tip_40">
    <text>To move without making too much noise, you can press ($$ACTION_ACCEL$$) to walk or crouch while walking with ($$ACTION_CROUCH$$).</text>
  </string>
  <string id="ls_tip_41">
    <text>Shotgun is a short-range weapon. The further away the target, the less effective the weapon.</text>
  </string>
  <string id="ls_tip_42">
    <text>When hiding from gunfire, you should take into account what you're hiding behind. A wooden board or thin metal sheet will not protect you nearly as much as a concrete wall.</text>
  </string>
  <string id="ls_tip_44">
    <text>A direct headshot is fatal for almost any opponent.</text>
  </string>
  <string id="ls_tip_45">
    <text>Each mutant has its own methods of attack and defense. Keeping them in mind will greatly improve your chance of survival.</text>
  </string>
  <string id="ls_tip_46">
    <text>Grenade throwing range can be adjusted by holding ($$ACTION_WPN_ZOOM$$).</text>
  </string>
  <string id="ls_tip_47">
    <text>Opponents can - and will - make use of grenades. When you see the on-screen grenade symbol, leave the area immediately to avoid damage.</text>
  </string>
  <string id="ls_tip_48">
    <text>A running jump will allow you to cross large holes and cracks.</text>
  </string>
  <string id="ls_tip_49">
    <text>Key indicators - health and endurance - are shown in the bottom right corner of the screen.</text>
  </string>
  <string id="ls_tip_53">
    <text>Don't forget the Zone is filled with life. There's always a chance you will meet a mutant or hostile stalkers in a supposedly safe area.</text>
  </string>
  <string id="ls_tip_54">
    <text>You must remain vigilant while in the Zone. Some anomalous zones cannot be crossed by the same routes you've previously taken.</text>
  </string>
  <string id="ls_tip_58">
    <text>Dealing with the same stalkers can net you useful information about new places or events that have recently occurred.</text>
  </string>
  <string id="ls_tip_60">
    <text>Don't forget you can use any range of weaponry. Try to choose a convenient combination: an assault rifle and a shotgun, a pistol and sniper rifle, a machine gun and grenade launcher, etc.</text>
  </string>
  <string id="ls_tip_61">
    <text>Individual traders in stalker camps offer their own special range of products. For example, the best medicine variety will probably be from a medic.</text>
  </string>
  <string id="ls_tip_62">
    <text>Once you make it to a stalker camp, you can count on getting free assistance from the local doctor.</text>
  </string>
  <string id="ls_tip_63">
    <text>You can leave your belongings in a personal box near your bed to avoid carrying extra weight.</text>
  </string>
  <string id="ls_tip_64">
    <text>If you need to pass the time until a certain hour, you can sleep at a stalker camp. Find a bed, then press ($$ACTION_USE$$) and choose when you want to wake up.</text>
  </string>
  <string id="ls_tip_65">
    <text>Basic night vision devices on your helmet can be replaced with more sophisticated devices, increasing resolution.</text>
  </string>
  <string id="ls_tip_67">
    <text>In the Zone, it is always better to carry spare ammunition. You never know when you might need it.</text>
  </string>
  <string id="ls_tip_68">
    <text>Periodically saving the game can save you a lot of time since won't need to replay a lot after dying.</text>
  </string>
  <string id="ls_tip_69">
    <text>For proper use of medications, you need to know their properties. Carefully read the individual descriptions.</text>
  </string>
  <string id="ls_tip_70">
    <text>You can use a grenade to kill an enemy hiding behind cover. Keep the explosion and shrapnel radius in mind to avoid injuring your allies as well.</text>
  </string>
  <string id="ls_tip_71">
    <text>To get rid of an item, you can either right click it and select the appropriate command from the menu or simply drag it to the left side of the screen.</text>
  </string>
  <string id="ls_tip_72">
    <text>One of the game's settings allows the game to auto-save in key locations or after events.</text>
  </string>
  <string id="ls_tip_73">
    <text>Upon returning to camp, it is wise to sell unneeded artifacts, repair your equipment, and resupply your ammunition and medical supplies.</text>
  </string>
  <string id="ls_tip_75">
    <text>To reduce the harmful effects of anomalies on your body, upgrade your protective clothing, use related artifacts, or take appropriate medication.</text>
  </string>
  <string id="ls_tip_77">
    <text>In addition to the normal items you find on a corpse, searching it could yield key items like a PDA with important information.</text>
  </string>
  <string id="ls_tip_78">
    <text>Artifacts - Not only are they valuable, they often have useful properties.</text>
  </string>
  <string id="ls_tip_79">
    <text>Many objects in the Zone are highly radioactive. Approaching such objects without protection is quite dangerous.</text>
  </string>
  <string id="ls_tip_8">
    <text>To stop bleeding, you can use a bandage, an army medkit, or the drug "Periwinkle". Bleeding that's not quickly taken care of can cause significant health problems and can result in death.</text>
  </string>
  <string id="ls_tip_80">
    <text>You can equip an adjustable sight to some weapons. Use the mouse wheel to zoom.</text>
  </string>
  <string id="ls_tip_82">
    <text>Some places are too small for you to fit in, even while crouching. To get as low as possible, press ($$ACTION_CROUCH$$) and ($$ACTION_ACCEL$$) simultaneously.</text>
  </string>
  <string id="ls_tip_84">
    <text>You can shoot while looking around a corner to reduce the chance of being shot. To do this, hold ($$ACTION_LLOOKOUT$$) or ($$ACTION_RLOOKOUT$$).</text>
  </string>
  <string id="ls_tip_85">
    <text>You can use binoculars to examine distant objects and even pick out enemies. To take out the binoculars, press ($$ACTION_WPN_5$$).</text>
  </string>
  <string id="ls_tip_86">
    <text>To turn your flashlight on and off, press ($$ACTION_TORCH$$).</text>
  </string>
  <string id="ls_tip_87">
    <text>To pick up a bolt to help you check for anomalies, press ($$ACTION_WPN_6$$).</text>
  </string>
  <string id="ls_tip_88">
    <text>You can enable or disable your helmet's built-in night vision device by pressing ($$ACTION_NIGHT_VISION$$).</text>
  </string>
  <string id="ls_tip_89">
    <text>Pressing ($$ACTION_QUICK_USE_1$$), ($$ACTION_QUICK_USE_2$$), ($$ACTION_QUICK_USE_3$$) or ($$ACTION_QUICK_USE_4$$) allows you to use the associated items on your quick-access toolbar.</text>
  </string>
  <string id="ls_tip_9">
    <text>A medication's effect is not instantaneous, and some last for quite some time. Reapplication of a drug will overwrite similar medications already taking effect.</text>
  </string>
  <string id="ls_tip_90">
    <text>Your PDA stores a map of the area, information about your current assignments, personal statistics, and an entire communication history. To activate the PDA, press ($$ACTION_ACTIVE_JOBS$$).</text>
  </string>
  <string id="ls_tip_91">
    <text>You need to use your detector to search for artifacts. Take it out by pressing ($$ACTION_SHOW_DETECTOR$$).</text>
  </string>
  <string id="ls_tip_92">
    <text>To pause the game, press ($$ACTION_PAUSE$$).</text>
  </string>
  <string id="ls_tip_93">
    <text>To quickly save your game, press ($$ACTION_QUICK_SAVE$$). This save can be quickly loaded by pressing ($$ACTION_QUICK_LOAD$$).</text>
  </string>
  <string id="ls_tip_94">
    <text>Sprinting is the fastest mode of travel, but drains your stamina. To run, press ($$ACTION_SPRINT_TOGGLE$$).</text>
  </string>
  <string id="ls_tip_95">
    <text>While aiming at an enemy, you are much more accurate looking down the sights than firing from the hip. To look down the weapon's sights, press ($$ACTION_WPN_ZOOM$$).</text>
  </string>
  <string id="ls_tip_96">
    <text>If your weapon has a grenade launcher equipped, you can switch between normal fire and grenade launcher fire by pressing ($$ACTION_WPN_FUNC$$).</text>
  </string>
  <string id="ls_tip_97">
    <text>If you are carrying several types of ammunition for your currently used weapon, you can switch between ammunition types by pressing ($$ACTION_WPN_NEXT$$).</text>
  </string>
  <string id="ls_tip_98">
    <text>To reload your weapon without having to fire all its shots, press ($$ACTION_WPN_RELOAD$$).</text>
  </string>
  <string id="ls_tip_99">
    <text>To drop your current weapon, press ($$ACTION_DROP$$).</text>
  </string>
  <string id="ls_tip_6">
    <text>When a blowout approaches, you must wait it out underground or in an enclosed structure. When a blowout approaches, the nearest shelter will be displayed on your PDA.</text>
  </string>
  <string id="ls_tip_12">
    <text>To quickly use an item, you can drag it from your backpack to one of the four shortcut boxes.</text>
  </string>
  <string id="ls_tip_24">
    <text>A symbol looking like a drop of blood will appear to warn you that you are actively bleeding. The color of the symbol indicates how intense the bleeding is.</text>
  </string>
  <string id="ls_tip_25">
    <text>A radiation symbol will appear to warn you that you have absorbed a harmful amount of radiation. The color of the symbol indicates how badly irradiated you are.</text>
  </string>
  <string id="ls_tip_4">
    <text>The PDA's map has a variety of filters that turn different types of marks on the map on or off. These buttons are located between the map itself and the list of active jobs.</text>
  </string>
  <string id="ls_tip_55">
    <text>Artifacts typically move around inside of the anomalous zone they were formed in. As a result of blindly following the artifact you may stumble into an anomaly.</text>
  </string>
  <string id="ls_tip_57">
    <text>Some stalkers may offer to sell you information, a unique item, or request a particular artifact.</text>
  </string>
  <string id="ls_tip_59">
    <text>After a blowout, new artifacts might get created in areas previously cleaned out.</text>
  </string>
  <string id="ls_tip_74">
    <text>The game's difficulty is in the settings menu, allowing you to adjust it at any time.</text>
  </string>
  <string id="ls_tip_2">
    <text>The properties of weapons, protective suits, and helmets can be improved by mechanics in stalker camps.</text>
  </string>
  <string id="ls_tip_66">
    <text>Pay attention to the noise made by your Geiger counter - it signals areas of high radiation. Also listen to your detector, it makes noise as you get close to anomalies.</text>
  </string>
  <string id="ls_tip_26">
    <text>Your relationships with other people directly affect the prices of their offered products and services. With a bad relationship, they won't offer any discounts, but a good one could convince them to sell you a unique product.</text>
  </string>
  <string id="ls_tip_11">
    <text>In order to get more ammo, you should empty your slain enemy's weapon. To do so, right click the weapon in the backpack and select the appropriate command from the menu.</text>
  </string>
  <string id="ls_mp_tip_1">
    <text>Points needed for higher rank are awarded for killing enemies and finding artifacts. As a new rank is achieved, new weapons, armor and equipment become available.</text>
  </string>
  <string id="ls_mp_tip_11">
    <text>You can use smoke grenades to sneak away with an artifact or cover from enemy.</text>
  </string>
  <string id="ls_mp_tip_13">
    <text>In the left part of the buy menu there are five tabs: handguns, primary weapons, equipment, ammo, drugs. After choosing a tab, you will see the assortment available for your current rank.</text>
  </string>
  <string id="ls_mp_tip_14">
    <text>In the upper right part of the buy menu, there are four quick-buy slots. Clicking on a diskette icon saves current set of weapons and equipment, and pressing a corresponding key loads it. The fourth slot saves the last purchased set automatically.</text>
  </string>
  <string id="ls_mp_tip_15">
    <text>If you have more than one weapon, you switch between them with ($$ACTION_WPN_2$$) or ($$ACTION_WPN_3$$).</text>
  </string>
  <string id="ls_mp_tip_17">
    <text>You can activate an artifact to create an anomaly. To do this equip an artifact by with ($$ACTION_ARTEFACT$$) and press ($$ACTION_WPN_FIRE$$). Newly created anomaly is dangerous for enemies, its creator and his team as well.</text>
  </string>
  <string id="ls_mp_tip_18">
    <text>SEVA protective suit can help you survive in highly radioactive and/or anomalous areas.</text>
  </string>
  <string id="ls_mp_tip_2">
    <text>To win in the Artifact Hunt game mode, deliver a specified number of artifacts to your base.</text>
  </string>
  <string id="ls_mp_tip_20">
    <text>To detach a silencer, scope or grenade launcher installed on a weapon, right-click the weapon in inventory and choose the desired action from the menu.</text>
  </string>
  <string id="ls_mp_tip_22">
    <text>To avoid undesired noise, you can walk with ($$ACTION_ACCEL$$) or crouch with ($$ACTION_CROUCH$$).</text>
  </string>
  <string id="ls_mp_tip_23">
    <text>A shotgun is a short-ranged weapon. It is less effective on farther targets.</text>
  </string>
  <string id="ls_mp_tip_24">
    <text>When looking for a cover from bullets, consider what it is made of. A wooden board or a thin steel sheet will not provide you with sufficient protection, unlike a concrete wall.</text>
  </string>
  <string id="ls_mp_tip_26">
    <text>A headshot would be lethal for most enemies.</text>
  </string>
  <string id="ls_mp_tip_27">
    <text>Sprinting, jumping and injuries drain your stamina.</text>
  </string>
  <string id="ls_mp_tip_28">
    <text>You can adjust throw distance of a grenade with ($$ACTION_WPN_ZOOM$$).</text>
  </string>
  <string id="ls_mp_tip_29">
    <text>Your enemies can - and will - use grenades. When you notice the grenade warning symbol on screen, leave the dangerous area immediately.</text>
  </string>
  <string id="ls_mp_tip_3">
    <text>Score the most kills to win in the Deathmatch game mode.</text>
  </string>
  <string id="ls_mp_tip_30">
    <text>You can get over large pits and cracks with a sprinting jump.</text>
  </string>
  <string id="ls_mp_tip_31">
    <text>Important indicators of your health and stamina can be seen in lower right corner of the screen.</text>
  </string>
  <string id="ls_mp_tip_35">
    <text>Minimap shows position of the artifact in relation to player. When the arrow points up, the artifact is above the player, when it points down, the artifact is below the player.</text>
  </string>
  <string id="ls_mp_tip_36">
    <text>You can profit from looting the dead. Sell loot at the base.</text>
  </string>
  <string id="ls_mp_tip_37">
    <text>Protect allied artifact carrier at all costs.</text>
  </string>
  <string id="ls_mp_tip_38">
    <text>Use grenades to flush your opponent out of cover. Consider its area of effect so you don't harm your allies.</text>
  </string>
  <string id="ls_mp_tip_39">
    <text>You can communicate with your team via voice menu. To use it press ($$ACTION_SPEECH_MENU_0$$) or ($$ACTION_SPEECH_MENU_1$$).</text>
  </string>
  <string id="ls_mp_tip_4">
    <text>To win in the Team Deathmatch game mode your team must score more kills then the opposing team.</text>
  </string>
  <string id="ls_mp_tip_40">
    <text>To start a vote press ($$ACTION_VOTE_BEGIN$$).</text>
  </string>
  <string id="ls_mp_tip_41">
    <text>To see the scoreboard press ($$ACTION_SCORES$$).</text>
  </string>
  <string id="ls_mp_tip_42">
    <text>To respawn press ($$ACTION_JUMP$$) after timer expires.</text>
  </string>
  <string id="ls_mp_tip_43">
    <text>To open the buy menu press ($$ACTION_BUY_MENU$$) while in the base.</text>
  </string>
  <string id="ls_mp_tip_44">
    <text>To use chat press ($$ACTION_CHAT$$). To use team chat press ($$ACTION_CHAT_TEAM$$).</text>
  </string>
  <string id="ls_mp_tip_45">
    <text>Sprinting is the fastest way to move but it drains your stamina. Press ($$ACTION_SPRINT_TOGGLE$$) to sprint.</text>
  </string>
  <string id="ls_mp_tip_46">
    <text>While aiming at an enemy, you are much more accurate looking down the sights than firing from the hip. To look down the weapon's sights, press ($$ACTION_WPN_ZOOM$$).</text>
  </string>
  <string id="ls_mp_tip_47">
    <text>If your weapon has a grenade launcher equipped, you can switch between normal fire and grenade launcher fire by pressing ($$ACTION_WPN_FUNC$$).</text>
  </string>
  <string id="ls_mp_tip_48">
    <text>If you are carrying several types of ammunition for your currently used weapon, you can switch between ammunition types by pressing ($$ACTION_WPN_NEXT$$).</text>
  </string>
  <string id="ls_mp_tip_49">
    <text>To reload your weapon without having to fire all its shots, press ($$ACTION_WPN_RELOAD$$).</text>
  </string>
  <string id="ls_mp_tip_5">
    <text>To win in the Artifact Capture game mode, deliver a specified number of artifacts to your base from opponent's base.</text>
  </string>
  <string id="ls_mp_tip_50">
    <text>To drop equipped weapon press ($$ACTION_DROP$$).</text>
  </string>
  <string id="ls_mp_tip_51">
    <text>To open your inventory press ($$ACTION_INVENTORY$$).</text>
  </string>
  <string id="ls_mp_tip_52">
    <text>Automatic weapons have several modes of fire. To cycle between them, press ($$ACTION_WPN_FIREMODE_NEXT$$) or ($$ACTION_WPN_FIREMODE_PREV$$).</text>
  </string>
  <string id="ls_mp_tip_53">
    <text>Some places are too small for you to fit in, even while crouching. To get as low as possible, press ($$ACTION_CROUCH$$) and ($$ACTION_ACCEL$$) simultaneously.</text>
  </string>
  <string id="ls_mp_tip_55">
    <text>To lean around a corner press ($$ACTION_LLOOKOUT$$) or ($$ACTION_RLOOKOUT$$). Keep in mind you can't fire while leaning.</text>
  </string>
  <string id="ls_mp_tip_6">
    <text>Artifact capture: to return stolen artifact kill its carrier and pick it up with ($$ACTION_USE$$).</text>
  </string>
  <string id="ls_mp_tip_7">
    <text>Artifact hunting: you can destroy an artifact by activating it. First equip it with ($$ACTION_ARTEFACT$$) then press ($$ACTION_WPN_FIRE$$).</text>
  </string>
  <string id="ls_mp_tip_8">
    <text>You can't sprint while carrying an artifact.</text>
  </string>
  <string id="ls_tip_100">
    <text>To check the contents of your backpack, press ($$ACTION_INVENTORY$$).</text>
  </string>
  <string id="ls_tip_36">
    <text>To repair a weapon, protective suit, or helmet, you must find a mechanic and select repair in the item's upgrade menu.</text>
  </string>
  <string id="ls_tip_81">
    <text>Automatic weapons have several modes of fire. To cycle between them, press ($$ACTION_WPN_FIREMODE_NEXT$$) or ($$ACTION_WPN_FIREMODE_PREV$$).</text>
  </string>
  <string id="ls_tip_7">
    <text>Flatness - a weapon property influencing the trajectory of its bullets - influences how fast a bullet gets to its target.</text>
  </string>
  <string id="ls_tip_5">
    <text>Some protective suits have their own helmets. You cannot wear a helmet with these suits.</text>
  </string>
  <string id="ls_tip_76">
    <text>Each weapon has its own unique accuracy, handling, damage, and rate of fire. This gives everyone the opportunity to pick a favorite weapon.</text>
  </string>
  <string id="ls_tip_51">
    <text>Shooting while moving greatly reduces your accuracy compared to standing or crouching.</text>
  </string>
  <string id="ls_mp_tip_10">
    <text>The energy drink temporarily increases the speed your stamina recovers, allowing you to run longer with shorter breaks.</text>
  </string>
  <string id="ls_mp_tip_12">
    <text>In a Deathmatch game ammo is unlimited.</text>
  </string>
  <string id="ls_tip_16">
    <text>Radiation: one of the most common hazards in the Zone. High levels of radiation are very unhealthy, and without proper treatment you will most likely die.</text>
  </string>
    <string id="ls_tip_19">
    <text>If you leave on a long mission, make sure you take a sufficient supply of food. Strong hunger notably impacts your endurance and health.</text>
  </string>
</string_table>