﻿<?xml version="1.0" encoding="utf-8"?>
<string_table>
  <!-- UI STRINGS FOR CLOSED CAPTION MODS -->
  <string id="ui_mm_play_igm">
    <text>播放过场动画</text>
  </string>
  <string id="ui_mm_cc_igm">
    <text>过场动画中的字幕</text>
  </string>
  <string id="ui_mm_cc_npc">
    <text>游戏内字幕</text>
  </string>
  <string id="ui_mm_cc_icc">
    <text>游戏内隐藏式字幕</text>
  </string>
  <string id="ui_mm_cc_captioning">
    <text>游戏内字幕</text>
  </string>
  <string id="ui_mm_cc_none">
    <text>无字幕</text>
  </string>
  <string id="ui_mm_cc_speechonly">
    <text>字幕（仅语音）</text>
  </string>
  <string id="ui_mm_cc_all">
    <text>隐藏式字幕</text>
  </string>
  <!-- STRING TABLE ADDITIONS FOR GAME -->
  <string id="st_sending_msg">
    <text>发送消息</text>
  </string>
  <string id="st_memo">
    <text>备忘录</text>
  </string>
  <string id="st_msgfrom_err1">
    <text>[发件人未知]</text>
  </string>
  <string id="st_msgfrom_err2">
    <text>&lt;!DATA_ERROR!&gt;</text>
  </string>
  <string id="st_msgfrom_err3">
    <text>=?Network failure</text>
  </string>
  <string id="st_joker_name">
    <text>小丑</text>
  </string>
  <string id="st_ssu_general_name">
    <text>SBU 公共频道</text>
  </string>
  <!-- CLOSED CAPTIONS FOR GAME -->
  <string id="ambient-blowout_begin">
    <text>[风暴开始]</text>
  </string>
  <string id="device-door_start">
    <text>[开门]</text>
  </string>
  <string id="device-door_closing">
    <text>[关门]</text>
  </string>
  <string id="device-radio_call">
    <text>[无线电呼叫]</text>
  </string>
  <string id="ambient-pripyat-pri_a25_blow_up_door_peep">
    <text>[炸弹倒计时蜂鸣声]</text>
  </string>
  <string id="ambient-pripyat-pri_a25_freezer_knock">
    <text>[敲击金属]</text>
  </string>
  <!-- CLOSED CAPTIONS FOR 'CALL OF PRIPYAT' -->
  <!-- Zaton -->
  <string id="characters_voice-scenario-zaton-zat_a2_base_alarm">
    <text>潜行者请注意！ 斯卡多夫斯克受到攻击。 我们已经密封了舱门，直到一切再次安静下来。</text>
  </string>
  <string id="characters_voice-scenario-zaton-zat_a2_base_guard_1">
    <text>放下你的枪，你知道，这里是我们的营地。</text>
  </string>
  <string id="characters_voice-scenario-zaton-zat_a2_base_guard_1_pda">
    <text>放下你的枪，你知道，这里是我们的营地。</text>
  </string>
  <string id="characters_voice-scenario-zaton-zat_a2_base_guard_2">
    <text>这里很安全，所以冷静下来，收起你的武器。</text>
  </string>
  <string id="characters_voice-scenario-zaton-zat_a2_base_guard_2_pda">
    <text>这里很安全，所以冷静下来，收起你的武器。</text>
  </string>
  <string id="characters_voice-scenario-zaton-zat_a2_base_guard_3">
    <text>把你的枪拿去别处吧，这里是一个营地。</text>
  </string>
  <string id="characters_voice-scenario-zaton-zat_a2_base_guard_3_pda">
    <text>把你的枪拿去别处吧，这里是一个营地。</text>
  </string>
  <string id="characters_voice-scenario-zaton-zat_a2_base_megaphone_1">
    <text>这艘船上不准挥动枪支，潜行者。 能请您收起您的武器吗？</text>
  </string>
  <string id="characters_voice-scenario-zaton-zat_a2_base_megaphone_2">
    <text>斯卡多夫斯克货船是一个安全的地方，因此您可以放下武器。</text>
  </string>
  <string id="characters_voice-scenario-zaton-zat_a2_base_megaphone_3">
    <text>如果你想到达货船，请收起你的武器，潜行者。</text>
  </string>
  <string id="characters_voice-scenario-zaton-zat_a2_base_relax">
    <text>潜行者请注意，斯卡多夫斯克再次被允许进入。</text>
  </string>
  <string id="characters_voice-scenario-zaton-zat_a2_linker_b29_take_order">
    <text>太好了！钱我就拿走了！</text>
  </string>
  <string id="characters_voice-scenario-zaton-zat_a2_stalker_barmen_after_surge">
    <text>唷，感谢上帝，风暴已经结束了，伙计们。 大家还好吗？</text>
  </string>
  <string id="characters_voice-scenario-zaton-zat_a2_stalker_barmen_farewell_1">
    <text>一旦你有任何感兴趣的事情就回来看看。 我们的斯卡多夫斯克可不会远航。</text>
  </string>
  <string id="characters_voice-scenario-zaton-zat_a2_stalker_barmen_farewell_2">
    <text>如果你找到一件神器，就到这里来给我看看。</text>
  </string>
  <string id="characters_voice-scenario-zaton-zat_a2_stalker_barmen_farewell_angry_1">
    <text>是吗？ 你知道出口在哪里的。</text>
  </string>
  <string id="characters_voice-scenario-zaton-zat_a2_stalker_barmen_farewell_angry_2">
    <text>离我远点。 除了你这样的水蛭之外，我还有一些事情要担心。</text>
  </string>
  <string id="characters_voice-scenario-zaton-zat_a2_stalker_barmen_greeting_1">
    <text>嗯，你好！ 是什么好风把你吹到这里来的？</text>
  </string>
  <string id="characters_voice-scenario-zaton-zat_a2_stalker_barmen_greeting_2">
    <text>欢迎登上我们的沼泽破冰船！</text>
  </string>
  <string id="characters_voice-scenario-zaton-zat_a2_stalker_barmen_greeting_angry_1">
    <text>尽管船没有漂浮，但老鼠仍然在这里......你需要什么？</text>
  </string>
  <string id="characters_voice-scenario-zaton-zat_a2_stalker_barmen_greeting_angry_2">
    <text>你需要什么？</text>
  </string>
  <string id="characters_voice-scenario-zaton-zat_a2_stalker_barmen_surge_phase_1">
    <text>潜行者请注意！ 风暴在即！ 我再说一遍，风暴即将来临！ 立即寻求庇护。</text>
  </string>
  <string id="characters_voice-scenario-zaton-zat_a2_stalker_barmen_surge_phase_2">
    <text>潜行者请注意！ 风暴即将来临。 找个洞躲起来，你的生活就靠它了。</text>
  </string>
  <string id="characters_voice-scenario-zaton-zat_a23_about_x8">
    <text>它提到了中央实验室 X8。 或许，可以在那里找到有关特异区秘密研究的信息。 我们的分析师对此进行了很长时间的研究。</text>
  </string>
  <string id="characters_voice-scenario-zaton-zat_b100_heli_2_maps">
    <text>显然，机组人员在空中死亡，直升机失控坠落。 机载计算机更幸运点。 那么我们来看看它是否有任何用处。 啊哈，带有一些标记的本地地图 - 这会很有用。</text>
  </string>
  <string id="characters_voice-scenario-zaton-zat_b101_both_heli_info">
    <text>这里的电子设备也是如此，但风暴保护系统没问题。 嗯……那会是什么？</text>
  </string>
  <string id="characters_voice-scenario-zaton-zat_b101_one_heli_info">
    <text>里面的所有电子设备都被烧毁，甚至绝缘层也被熔化。</text>
  </string>
  <string id="characters_voice-scenario-zaton-zat_b103_merc_come_here_now">
    <text>现在过来，我们谈谈吧。</text>
  </string>
  <string id="characters_voice-scenario-zaton-zat_b103_merc_come_here_now_pda">
    <text>现在过来，我们谈谈吧。</text>
  </string>
  <string id="characters_voice-scenario-zaton-zat_b103_merc_count_1">
    <text>一！</text>
  </string>
  <string id="characters_voice-scenario-zaton-zat_b103_merc_count_1_pda">
    <text>一！</text>
  </string>
  <string id="characters_voice-scenario-zaton-zat_b103_merc_count_2">
    <text>二！</text>
  </string>
  <string id="characters_voice-scenario-zaton-zat_b103_merc_count_2_pda">
    <text>二！</text>
  </string>
  <string id="characters_voice-scenario-zaton-zat_b103_merc_count_3">
    <text>三！</text>
  </string>
  <string id="characters_voice-scenario-zaton-zat_b103_merc_count_3_pda">
    <text>三！</text>
  </string>
  <string id="characters_voice-scenario-zaton-zat_b103_merc_hide_weapon_1">
    <text>快把枪放下</text>
  </string>
  <string id="characters_voice-scenario-zaton-zat_b103_merc_hide_weapon_1_pda">
    <text>快把枪放下</text>
  </string>
  <string id="characters_voice-scenario-zaton-zat_b103_merc_hide_weapon_2">
    <text>我说过，放下你的枪。 我数到三！</text>
  </string>
  <string id="characters_voice-scenario-zaton-zat_b103_merc_hide_weapon_2_pda">
    <text>我说过，放下你的枪。 我数到三！</text>
  </string>
  <string id="characters_voice-scenario-zaton-zat_b103_merc_talk_to_commander_1">
    <text>我没心情聊天。 去找指挥官。</text>
  </string>
  <string id="characters_voice-scenario-zaton-zat_b103_merc_talk_to_commander_2">
    <text>去找指挥官谈谈。</text>
  </string>
  <string id="characters_voice-scenario-zaton-zat_b103_merc_warning">
    <text>你聋了？！ 要么回去，要么吃枪子！</text>
  </string>
  <string id="characters_voice-scenario-zaton-zat_b103_merc_warning_pda">
    <text>你聋了？！ 要么回去，要么吃枪子！</text>
  </string>
  <string id="characters_voice-scenario-zaton-zat_b106_dont_receipt_reward">
    <text>我们完事了，该回去了。你是没点屁用，所以你拿不到任何奖励。</text>
  </string>
  <string id="characters_voice-scenario-zaton-zat_b106_dont_receipt_reward_pda">
    <text>我们完事了，该回去了。你是没点屁用，所以你拿不到任何奖励。</text>
  </string>
  <string id="characters_voice-scenario-zaton-zat_b106_garmata_refuse_talk">
    <text>离我远点。 去跟领队说吧。</text>
  </string>
  <string id="characters_voice-scenario-zaton-zat_b106_garmata_story_reply">
    <text>到处问也没有用。 没有人听到任何声音，就像他从未存在过一样。</text>
  </string>
  <string id="characters_voice-scenario-zaton-zat_b106_gonta_hunt_complete">
    <text>好了，小伙子们，我们已经完成了，我们回去吧。 你也别忘了向亚诺夫的亨斯曼汇报。 告诉他有关奇美拉的事，这样你就可以得到报酬。</text>
  </string>
  <string id="characters_voice-scenario-zaton-zat_b106_gonta_hunt_complete_pda">
    <text>好了，小伙子们，我们已经完成了，我们回去吧。 你也别忘了向亚诺夫的亨斯曼汇报。 告诉他有关奇美拉的事，这样你就可以得到报酬。</text>
  </string>
  <string id="characters_voice-scenario-zaton-zat_b106_gonta_hunt_great">
    <text>你做得很好！ 有没有想过成为一名奇美拉猎人？</text>
  </string>
  <string id="characters_voice-scenario-zaton-zat_b106_gonta_hunt_great_pda">
    <text>你做得很好！ 有没有想过成为一名奇美拉猎人？</text>
  </string>
  <string id="characters_voice-scenario-zaton-zat_b106_gonta_hunt_kill">
    <text>好的，就是这个地方。 野兽已经很近了，我感觉到了。 一旦你看到它，就会射中头部。 不要离得太近，否则即使在睡觉时它也会闻到你的味道。</text>
  </string>
  <string id="characters_voice-scenario-zaton-zat_b106_gonta_hunt_plan">
    <text>计划是这样的：奇美拉晚上狩猎，早上睡觉。 黎明时分，当它休息时，我们有很好的机会。 我们会趁它睡觉的时候偷偷靠近并完成它。 我们应该在 3 点在酒吧集合。</text>
  </string>
  <string id="characters_voice-scenario-zaton-zat_b106_gonta_hunt_sneak">
    <text>我们必须小心接近，这样它就不会闻到我们的味道。</text>
  </string>
  <string id="characters_voice-scenario-zaton-zat_b106_gonta_see_chimera">
    <text>你睡得好吗，野兽？ 螃蟹在打招呼呢。</text>
  </string>
  <string id="characters_voice-scenario-zaton-zat_b106_gonta_story_angry">
    <text>那个混蛋会后悔他逃走了。</text>
  </string>
  <string id="characters_voice-scenario-zaton-zat_b106_gonta_story_ask">
    <text>那么索罗卡有什么消息吗？</text>
  </string>
  <string id="characters_voice-scenario-zaton-zat_b106_gonta_story_calm">
    <text>医生说你很快就会好起来。 你现在休息一下，积蓄力量，你会需要它的。</text>
  </string>
  <string id="characters_voice-scenario-zaton-zat_b106_gonta_to_actor">
    <text>嘿跟踪者！ 我要跟你说话。</text>
  </string>
  <string id="characters_voice-scenario-zaton-zat_b14_robbery_after_pay_snd_1">
    <text>转过来！ 我说慢慢转过来，混蛋！ 趁你还有呼吸，赶紧滚出去，明白吗？！</text>
  </string>
  <string id="characters_voice-scenario-zaton-zat_b14_robbery_after_pay_snd_1_pda">
    <text>转过来！ 我说慢慢转过来，混蛋！ 趁你还有呼吸，赶紧滚出去，明白吗？！</text>
  </string>
  <string id="characters_voice-scenario-zaton-zat_b14_robbery_after_pay_snd_2">
    <text>你他妈是聋子吗？ 他妈的滚出去！</text>
  </string>
  <string id="characters_voice-scenario-zaton-zat_b14_robbery_after_pay_snd_2_pda">
    <text>你他妈是聋子吗？ 他妈的滚出去！</text>
  </string>
  <string id="characters_voice-scenario-zaton-zat_b14_robbery_after_pay_snd_3">
    <text>原来如此，你他妈就是个死混蛋！</text>
  </string>
  <string id="characters_voice-scenario-zaton-zat_b14_robbery_after_pay_snd_3_pda">
    <text>原来如此，你他妈就是个死混蛋！</text>
  </string>
  <string id="characters_voice-scenario-zaton-zat_b14_robbery_kill_actor_snd_1">
    <text>现在你要把一切都给我，贱人！</text>
  </string>
  <string id="characters_voice-scenario-zaton-zat_b14_robbery_kill_actor_snd_1_pda">
    <text>现在你要把一切都给我，贱人！</text>
  </string>
  <string id="characters_voice-scenario-zaton-zat_b14_robbery_kill_actor_snd_2">
    <text>你他妈就是个死婊子！</text>
  </string>
  <string id="characters_voice-scenario-zaton-zat_b14_robbery_kill_actor_snd_2_pda">
    <text>你他妈就是个死婊子！</text>
  </string>
  <string id="characters_voice-scenario-zaton-zat_b14_robbery_kill_actor_snd_3">
    <text>把神器给我吧，怪物！</text>
  </string>
  <string id="characters_voice-scenario-zaton-zat_b14_robbery_kill_actor_snd_3_pda">
    <text>把神器给我吧，怪物！</text>
  </string>
  <string id="characters_voice-scenario-zaton-zat_b14_robbery_punch">
    <text>你这个混蛋！</text>
  </string>
  <string id="characters_voice-scenario-zaton-zat_b14_robbery_stand_still_snd">
    <text>没错，想活命就站着别动，混蛋！</text>
  </string>
  <string id="characters_voice-scenario-zaton-zat_b14_robbery_stop_snd">
    <text>停下来，放下你的枪！ 站住，明白了吗？</text>
  </string>
  <string id="characters_voice-scenario-zaton-zat_b14_scene_1_give_item">
    <text>嘿，比尔德，看看我在旧挖泥船上发现了什么。 你怎么说？</text>
  </string>
  <string id="characters_voice-scenario-zaton-zat_b14_scene_1_linker_reply">
    <text>是的，这是一件奇怪的事情......以前从未见过这样的事情。 在这里，我买它。</text>
  </string>
  <string id="characters_voice-scenario-zaton-zat_b14_scene_1_stalker_bye">
    <text>当然。 如果你有更多的工作，你知道在哪里可以找到我。</text>
  </string>
  <string id="characters_voice-scenario-zaton-zat_b14_scene_1_stalker_offended">
    <text>对了，继续走。 你会为这样对待我的同志而感到抱歉。</text>
  </string>
  <string id="characters_voice-scenario-zaton-zat_b14_scene_1_stalker_teach_actor">
    <text>哦，是你……我和你一样非常需要面团，明白吗？</text>
  </string>
  <string id="characters_voice-scenario-zaton-zat_b18_noah_breakdown">
    <text>啊啊……来了！ 结束了！ 怪物……到处都是怪物！</text>
  </string>
  <string id="characters_voice-scenario-zaton-zat_b18_noah_gave_first_artefact">
    <text>当怪物淹没特异区时，这狗屎是救不了你得。 在这里，拿走吧！ 然后迷失吧。</text>
  </string>
  <string id="characters_voice-scenario-zaton-zat_b18_noah_gave_second_artefact">
    <text>哈！ 你认为它可以保护你免受风暴吗？ 来，拿着它，让你受惊的屁股离开这里！</text>
  </string>
  <string id="characters_voice-scenario-zaton-zat_b18_noah_go_away">
    <text>然后出去吧！ 心理...</text>
  </string>
  <string id="characters_voice-scenario-zaton-zat_b18_noah_greetings_1">
    <text>走开，该死的怪物！</text>
  </string>
  <string id="characters_voice-scenario-zaton-zat_b18_noah_greetings_2">
    <text>在我杀掉你们之前，让怪物消失吧……</text>
  </string>
  <string id="characters_voice-scenario-zaton-zat_b18_noah_greetings_3">
    <text>更多怪物……滚蛋！</text>
  </string>
  <string id="characters_voice-scenario-zaton-zat_b18_noah_no_talk_1">
    <text>离开我吧！</text>
  </string>
  <string id="characters_voice-scenario-zaton-zat_b18_noah_no_talk_2">
    <text>上路吧！</text>
  </string>
  <string id="characters_voice-scenario-zaton-zat_b18_noah_no_talk_3">
    <text>迷路！</text>
  </string>
  <string id="characters_voice-scenario-zaton-zat_b20_noah_instructions">
    <text>仔细观察我，然后跟随我的脚步。</text>
  </string>
  <string id="characters_voice-scenario-zaton-zat_b20_noah_jumped">
    <text>你做得不错！ 以后有什么需要就来找我吧。</text>
  </string>
  <string id="characters_voice-scenario-zaton-zat_b20_noah_pda">
    <text>啊哈，你就在那里，该死的怪物！...所以你爬到那里并认为诺亚抓不到你？ 呵呵！ 看来你不知道我在北村附近有一条私路……你完蛋了，混蛋！</text>
  </string>
  <string id="characters_voice-scenario-zaton-zat_b215_stalker_guide_farewell_1">
    <text>好吧，祝你好运！</text>
  </string>
  <string id="characters_voice-scenario-zaton-zat_b215_stalker_guide_farewell_2">
    <text>顺风顺水给你！</text>
  </string>
  <string id="characters_voice-scenario-zaton-zat_b215_stalker_guide_greeting_1">
    <text>你好。</text>
  </string>
  <string id="characters_voice-scenario-zaton-zat_b215_stalker_guide_greeting_2">
    <text>你好，跟踪者。</text>
  </string>
  <string id="characters_voice-scenario-zaton-zat_b22_stalker_medic_diary">
    <text>条目#12：研究很快就完成了……基地里有人已经开始怀疑某些事情了。 格鲁哈尔和丹尼拉同意去猎杀吸血鬼……我需要对血瓶进行分类，找出哪些是被污染的，然后把干净的藏起来……[很快]有人来了。  [录音机关闭/打开的声音] 条目#13...可能是我的最后一个。 一切都错了。 首先是这个愚蠢好奇的猎人，现在是格鲁哈尔。 请求原谅是天真的。 他们会来。 不过……[窃笑]有什么区别？ 血红蛋白依赖性很快就会杀死我。 与其因病慢慢死去，不如被枪杀。</text>
  </string>
  <string id="characters_voice-scenario-zaton-zat_b22_stalker_medic_farewell_1">
    <text>是啊，对了，再见。</text>
  </string>
  <string id="characters_voice-scenario-zaton-zat_b22_stalker_medic_farewell_2">
    <text>是的，再见。</text>
  </string>
  <string id="characters_voice-scenario-zaton-zat_b22_stalker_medic_greeting_1">
    <text>这次是什么？ 您受伤或受到辐射吗？</text>
  </string>
  <string id="characters_voice-scenario-zaton-zat_b22_stalker_medic_greeting_2">
    <text>现在不行……是吗？</text>
  </string>
  <string id="characters_voice-scenario-zaton-zat_b22_stalker_medic_hello">
    <text>我知道我不能隐藏太久...我想你有问题吗？ 问走吧。</text>
  </string>
  <string id="characters_voice-scenario-zaton-zat_b28_heli_3_evacuation_points">
    <text>所以，来自机载的数据……啊哈，Skat-3 的两个引擎都停止了。 好吧，还有什么？...一张标有假定疏散点 B2、B28、B205 的地图。 有趣的。</text>
  </string>
  <string id="characters_voice-scenario-zaton-zat_b29_stalker_rival_1_order_ready">
    <text>订单完成。 拿走神器。</text>
  </string>
  <string id="characters_voice-scenario-zaton-zat_b29_stalker_rival_2_order_ready">
    <text>我找到了。 这是神器。</text>
  </string>
  <string id="characters_voice-scenario-zaton-zat_b3_tech_drink_no_more">
    <text>'超级跟踪者？</text>
  </string>
  <string id="characters_voice-scenario-zaton-zat_b3_tech_drunk">
    <text>来吧，你需要什么？</text>
  </string>
  <string id="characters_voice-scenario-zaton-zat_b3_tech_drunk_discount">
    <text>什么？ 你留下了什么东西吗？</text>
  </string>
  <string id="characters_voice-scenario-zaton-zat_b3_tech_no_sleep_1">
    <text>毫米？ 什么？ 喂，让我睡吧，嗯……</text>
  </string>
  <string id="characters_voice-scenario-zaton-zat_b3_tech_no_sleep_2">
    <text>让你见鬼去吧！ 离开我吧！</text>
  </string>
  <string id="characters_voice-scenario-zaton-zat_b3_tech_no_sleep_3">
    <text>就是……我们再来一份吧！</text>
  </string>
  <string id="characters_voice-scenario-zaton-zat_b3_tech_see_produce_62">
    <text>哇啊？  62？ 不可能！...</text>
  </string>
  <string id="characters_voice-scenario-zaton-zat_b3_tech_sober">
    <text>你好...</text>
  </string>
  <string id="characters_voice-scenario-zaton-zat_b3_tech_take_first_dose">
    <text>靠双手的力量！</text>
  </string>
  <string id="characters_voice-scenario-zaton-zat_b3_tech_take_second_dose">
    <text>为了……工作顺利！</text>
  </string>
  <string id="characters_voice-scenario-zaton-zat_b3_tech_take_third_dose">
    <text>为了……更大的利益！</text>
  </string>
  <string id="characters_voice-scenario-zaton-zat_b30_owl_about_trouble">
    <text>是我，猫头鹰。 快点过来，我们需要谈谈！ 这与我们的业务有关。</text>
  </string>
  <string id="characters_voice-scenario-zaton-zat_b30_owl_stalker_trader_farewell_1">
    <text>动起来，动起来！ 这里没有什么适合你的！</text>
  </string>
  <string id="characters_voice-scenario-zaton-zat_b30_owl_stalker_trader_farewell_2">
    <text>走走走走！ 已经出去了。</text>
  </string>
  <string id="characters_voice-scenario-zaton-zat_b30_owl_stalker_trader_greeting_1">
    <text>那么，有什么新的东西吗？</text>
  </string>
  <string id="characters_voice-scenario-zaton-zat_b30_owl_stalker_trader_greeting_2">
    <text>你为什么还挂着？ 你有任何东西——带上它。 你一无所获——迷路吧。</text>
  </string>
  <string id="characters_voice-scenario-zaton-zat_b33_stalker_snag_greeting_gun">
    <text>哇，多好的枪啊！ 让我看一下好吗？</text>
  </string>
  <string id="characters_voice-scenario-zaton-zat_b38_stalker_cop_about_lair_bloodsucker">
    <text>我看到一只吸血鬼进入了这座大楼。 一定是在巢穴所在的地方。 我们检查一下怎么样？</text>
  </string>
  <string id="characters_voice-scenario-zaton-zat_b38_stalker_cop_another_one">
    <text>小心！ 另一个！</text>
  </string>
  <string id="characters_voice-scenario-zaton-zat_b38_stalker_cop_appear">
    <text>你听到了吗？……啊算了。</text>
  </string>
  <string id="characters_voice-scenario-zaton-zat_b38_stalker_cop_bloodsuckers_no_sleep">
    <text>该死，他们醒了！ 跑步！</text>
  </string>
  <string id="characters_voice-scenario-zaton-zat_b38_stalker_cop_bloodsuckers_sleep">
    <text>嘘！ 该死的，里面全是吸血鬼。 他们是在睡觉还是怎么的？ 现在小心，不要发出声音。</text>
  </string>
  <string id="characters_voice-scenario-zaton-zat_b38_stalker_cop_come_here_1">
    <text>看，这一定是通往地窖的路。</text>
  </string>
  <string id="characters_voice-scenario-zaton-zat_b38_stalker_cop_come_here_2">
    <text>那很简单。 来来来，我们一起来看看吧！</text>
  </string>
  <string id="characters_voice-scenario-zaton-zat_b38_stalker_cop_down_floor">
    <text>你没事吧？ 好吧，我们进去看看吧。</text>
  </string>
  <string id="characters_voice-scenario-zaton-zat_b38_stalker_cop_fear_end">
    <text>唷...我们真的做到了。 该死的，多么安静的一个小时啊。</text>
  </string>
  <string id="characters_voice-scenario-zaton-zat_b38_stalker_cop_find_lair_pda">
    <text>我想我找到了巢穴。 过来这里！</text>
  </string>
  <string id="characters_voice-scenario-zaton-zat_b38_stalker_cop_hit_1">
    <text>看你射击的地方！</text>
  </string>
  <string id="characters_voice-scenario-zaton-zat_b38_stalker_cop_hit_2">
    <text>妈的，你打我了！</text>
  </string>
  <string id="characters_voice-scenario-zaton-zat_b38_stalker_cop_jump_down_1">
    <text>好吧，我们得跳了……跟我来！</text>
  </string>
  <string id="characters_voice-scenario-zaton-zat_b38_stalker_cop_jump_down_2">
    <text>看起来像是一个出口！ 跳！</text>
  </string>
  <string id="characters_voice-scenario-zaton-zat_b38_stalker_cop_kill_1">
    <text>对了，抓住他了！ 但我见过其中两个，所以保持警惕。</text>
  </string>
  <string id="characters_voice-scenario-zaton-zat_b38_stalker_cop_kill_2">
    <text>好吧，这是最后一个了。</text>
  </string>
  <string id="characters_voice-scenario-zaton-zat_b38_stalker_cop_not_a_hunter">
    <text>这里没有猎人……天啊！ 仔细一看，是爪痕。 我们之前发现的那些人都没有被抓。 诡异的。</text>
  </string>
  <string id="characters_voice-scenario-zaton-zat_b38_stalker_cop_not_a_hunter_1">
    <text>嘿，看起来很奇怪。 这是爪痕。</text>
  </string>
  <string id="characters_voice-scenario-zaton-zat_b38_stalker_cop_not_a_hunter_2">
    <text>之前的尸体都不是这样的。</text>
  </string>
  <string id="characters_voice-scenario-zaton-zat_b38_stalker_cop_not_a_hunter_3">
    <text>好吧，丹尼拉不在这儿，我们离开这里吧。</text>
  </string>
  <string id="characters_voice-scenario-zaton-zat_b38_stalker_cop_notice">
    <text>仔细观察，他们可能在任何地方。</text>
  </string>
  <string id="characters_voice-scenario-zaton-zat_b38_stalker_cop_see_bloodsucker">
    <text>有……东西！ 掩护我，好吗？</text>
  </string>
  <string id="characters_voice-scenario-zaton-zat_b38_stalker_cop_sit">
    <text>下来！</text>
  </string>
  <string id="characters_voice-scenario-zaton-zat_b38_stalker_cop_tell_about_quest">
    <text>所以我们在这里找不到丹尼拉。 我想我可能知道他在哪里。 我应该检查一下，然后你去告诉其他人那些该死的傻瓜的事。 我们必须对此做点什么。</text>
  </string>
  <string id="characters_voice-scenario-zaton-zat_b38_stalker_cop_tell_stalker_about_lair">
    <text>把这件事告诉比尔德。 如果有人能找到办法对付这些混蛋的话，那就是他了。</text>
  </string>
  <string id="characters_voice-scenario-zaton-zat_b38_stalker_cop_try">
    <text>我的专业领域，我也有足够的实践，是的。</text>
  </string>
  <string id="characters_voice-scenario-zaton-zat_b39_joker_pda_record">
    <text>现在我绝对确定那件神器不在下面！ 应该是在树上吧！ 我觉得从山上爬上去是可以的。 我只希望周围没有怪物。 唉，可惜了，和巴杰和卡丹吵完之后我还要一个人跑到这里来……不过等我拿到神器，他们就会明白自己该听谁的了！</text>
  </string>
  <string id="characters_voice-scenario-zaton-zat_b40_merc_combat">
    <text>对了，杀了这个混蛋！</text>
  </string>
  <string id="characters_voice-scenario-zaton-zat_b40_merc_combat_pda">
    <text>对了，杀了这个混蛋！</text>
  </string>
  <string id="characters_voice-scenario-zaton-zat_b40_merc_go_away_1">
    <text>转身走开潜行者！ 你在这里没有什么事。</text>
  </string>
  <string id="characters_voice-scenario-zaton-zat_b40_merc_go_away_1_pda">
    <text>转身走开潜行者！ 你在这里没有什么事。</text>
  </string>
  <string id="characters_voice-scenario-zaton-zat_b40_merc_go_away_2">
    <text>趁你能走路的时候离开这里！</text>
  </string>
  <string id="characters_voice-scenario-zaton-zat_b40_merc_go_away_2_pda">
    <text>趁你能走路的时候离开这里！</text>
  </string>
  <string id="characters_voice-scenario-zaton-zat_b42_controller_warning_1">
    <text>滚出去吧伙计。</text>
  </string>
  <string id="characters_voice-scenario-zaton-zat_b42_controller_warning_2">
    <text>趁你还能离开的时候离开吧。</text>
  </string>
  <string id="characters_voice-scenario-zaton-zat_b44_stalker_barge_pda">
    <text>卡丹是个老酒鬼！ 当他喝酒的时候，他不会把屁股从椅子上抬起来——是的，对，“我们需要慢慢来”……白痴！ 他甚至还猛烈抨击Joker和我——我们太年轻，没有经验，等等……该死！ 小丑也是独一无二的：他一言不发就离开了！ 当我花时间安抚卡丹时，他却消失在了一个未知的方向。 现在我该怎么办这个老白痴，喝伏特加？ 就连这伏特加也很糟糕……唷……这一切开始得多么好！</text>
  </string>
  <string id="characters_voice-scenario-zaton-zat_b5_bandit_dealer_speak_1">
    <text>简而言之，我们已经为您提供了一些文物，而且我们还可以获得更多。 我们想要顶级的枪支之类的东西，你明白吗？</text>
  </string>
  <string id="characters_voice-scenario-zaton-zat_b5_bandits_see_actor">
    <text>嘿！ 那个混蛋是谁？！</text>
  </string>
  <string id="characters_voice-scenario-zaton-zat_b5_dealer_angry">
    <text>你带了尾巴，白痴！</text>
  </string>
  <string id="characters_voice-scenario-zaton-zat_b5_dealer_bandit_speak_1">
    <text>来吧，展示一下。</text>
  </string>
  <string id="characters_voice-scenario-zaton-zat_b5_dealer_bandit_speak_2">
    <text>兄弟们，协议是这样的：无论职责是什么，我也有。 像往常一样，您可以找到最好的枪支和装备。</text>
  </string>
  <string id="characters_voice-scenario-zaton-zat_b5_dealer_kill_bandits">
    <text>杀光他们。 我不需要任何证人。</text>
  </string>
  <string id="characters_voice-scenario-zaton-zat_b5_dealer_see_clients">
    <text>他们来了。</text>
  </string>
  <string id="characters_voice-scenario-zaton-zat_b5_dealer_to_actor_fire">
    <text>杀光他们！</text>
  </string>
  <string id="characters_voice-scenario-zaton-zat_b5_dealer_wait_clients">
    <text>我们就在这里等待客户的到来。</text>
  </string>
  <string id="characters_voice-scenario-zaton-zat_b5_dealer_want_speak_with_actor">
    <text>我需要和你谈谈，跟踪者。</text>
  </string>
  <string id="characters_voice-scenario-zaton-zat_b5_dealer_want_speak_with_actor_pda">
    <text>我需要和你谈谈，跟踪者。</text>
  </string>
  <string id="characters_voice-scenario-zaton-zat_b5_dealer_who_there">
    <text>那里还有谁？</text>
  </string>
  <string id="characters_voice-scenario-zaton-zat_b5_stalkers_all_clear_go">
    <text>好吧，现在一切都清楚了。 杀了他们！</text>
  </string>
  <string id="characters_voice-scenario-zaton-zat_b5_stalkers_all_clear_go_pda">
    <text>好吧，现在一切都清楚了。 杀了他们！</text>
  </string>
  <string id="characters_voice-scenario-zaton-zat_b5_stalkers_refuse_talk">
    <text>问领导。</text>
  </string>
  <string id="characters_voice-scenario-zaton-zat_b5_stalkers_watch_out_sentry">
    <text>不要让他们看到你。</text>
  </string>
  <string id="characters_voice-scenario-zaton-zat_b5_stalkers_watch_out_sentry_pda">
    <text>不要让他们看到你。</text>
  </string>
  <string id="characters_voice-scenario-zaton-zat_b5_sultan_angry">
    <text>潜行者？ 搞什么鬼？！</text>
  </string>
  <string id="characters_voice-scenario-zaton-zat_b5_sultan_kill_stalkers">
    <text>杀了他们，兄弟们！</text>
  </string>
  <string id="characters_voice-scenario-zaton-zat_b51_stalker_nimble_greeting_1">
    <text>问候跟踪者。 您想下订单吗？</text>
  </string>
  <string id="characters_voice-scenario-zaton-zat_b51_stalker_nimble_greeting_2">
    <text>你好！ 想订购一些东西吗？</text>
  </string>
  <string id="characters_voice-scenario-zaton-zat_b51_stalker_nimble_greeting_3">
    <text>你好。 您想购买什么？</text>
  </string>
  <string id="characters_voice-scenario-zaton-zat_b51_stalker_nimble_greeting_order_not_ready_1">
    <text>别担心，您的订单会稍后到达。</text>
  </string>
  <string id="characters_voice-scenario-zaton-zat_b51_stalker_nimble_greeting_order_not_ready_2">
    <text>等会儿再过来，货还没到。</text>
  </string>
  <string id="characters_voice-scenario-zaton-zat_b51_stalker_nimble_greeting_order_not_ready_3">
    <text>订单尚未准备好。 稍后，好吗？</text>
  </string>
  <string id="characters_voice-scenario-zaton-zat_b51_stalker_nimble_greeting_order_ready_1">
    <text>订单完成。 拿走你的东西！</text>
  </string>
  <string id="characters_voice-scenario-zaton-zat_b51_stalker_nimble_greeting_order_ready_2">
    <text>我有货，你可以拿。</text>
  </string>
  <string id="characters_voice-scenario-zaton-zat_b51_stalker_nimble_greeting_order_ready_3">
    <text>拿走你的东西跟踪者！ 我交付了。</text>
  </string>
  <string id="characters_voice-scenario-zaton-zat_b51_stalker_nimble_order">
    <text>订单已准备好，您可以领取。</text>
  </string>
  <string id="characters_voice-scenario-zaton-zat_b52_port_bandits_after_pay_snd_1">
    <text>现在，在我改变主意之前，赶紧离开这里，失败者！</text>
  </string>
  <string id="characters_voice-scenario-zaton-zat_b52_port_bandits_after_pay_snd_1_pda">
    <text>现在，在我改变主意之前，赶紧离开这里，失败者！</text>
  </string>
  <string id="characters_voice-scenario-zaton-zat_b52_port_bandits_after_pay_snd_2">
    <text>你怎么了，聋子，你为什么在这里？ 滚蛋吧！</text>
  </string>
  <string id="characters_voice-scenario-zaton-zat_b52_port_bandits_after_pay_snd_2_pda">
    <text>你怎么了，聋子，你为什么在这里？ 滚蛋吧！</text>
  </string>
  <string id="characters_voice-scenario-zaton-zat_b52_port_bandits_after_pay_snd_3">
    <text>不，我说那是胡说八道，白痴，我会打你一巴掌来证明这一点，好吗？</text>
  </string>
  <string id="characters_voice-scenario-zaton-zat_b52_port_bandits_after_pay_snd_3_pda">
    <text>不，我说那是胡说八道，白痴，我会打你一巴掌来证明这一点，好吗？</text>
  </string>
  <string id="characters_voice-scenario-zaton-zat_b52_port_bandits_kill_actor_snd_1">
    <text>留下来，稻草人，否则你会被塞满的，明白吗？</text>
  </string>
  <string id="characters_voice-scenario-zaton-zat_b52_port_bandits_kill_actor_snd_1_pda">
    <text>留下来，稻草人，否则你会被塞满的，明白吗？</text>
  </string>
  <string id="characters_voice-scenario-zaton-zat_b52_port_bandits_kill_actor_snd_2">
    <text>兄弟，他让我们失望了，所以我们也让他失望吧！</text>
  </string>
  <string id="characters_voice-scenario-zaton-zat_b52_port_bandits_kill_actor_snd_2_pda">
    <text>兄弟，他让我们失望了，所以我们也让他失望吧！</text>
  </string>
  <string id="characters_voice-scenario-zaton-zat_b52_port_bandits_kill_actor_snd_3">
    <text>兄弟们，这个混蛋坚持他的棋子，他想保留它！</text>
  </string>
  <string id="characters_voice-scenario-zaton-zat_b52_port_bandits_kill_actor_snd_3_pda">
    <text>兄弟们，这个混蛋坚持他的棋子，他想保留它！</text>
  </string>
  <string id="characters_voice-scenario-zaton-zat_b52_port_bandits_see_actor">
    <text>兄弟们看！ 这就是那个拿着那件有价值的东西的人。 听着，伙计，就停在那里，不要尝试任何事情！</text>
  </string>
  <string id="characters_voice-scenario-zaton-zat_b52_port_bandits_stand_still_snd">
    <text>嘿嘿，我说停下来！ 我来找你了！</text>
  </string>
  <string id="characters_voice-scenario-zaton-zat_b52_port_bandits_stand_still_snd_pda">
    <text>嘿嘿，我说停下来！ 我来找你了！</text>
  </string>
  <string id="characters_voice-scenario-zaton-zat_b53_artefact_hunter_2_come_on">
    <text>不要害怕！ 向前！</text>
  </string>
  <string id="characters_voice-scenario-zaton-zat_b53_artefact_hunter_2_come_on_continue">
    <text>我说过它会保护你的！ 继续。</text>
  </string>
  <string id="characters_voice-scenario-zaton-zat_b53_artefact_hunter_help">
    <text>潜行者！ 帮助！</text>
  </string>
  <string id="characters_voice-scenario-zaton-zat_b7_bandit_boss_sultan_farewell_1">
    <text>回头见。</text>
  </string>
  <string id="characters_voice-scenario-zaton-zat_b7_bandit_boss_sultan_farewell_2">
    <text>我们回聊。</text>
  </string>
  <string id="characters_voice-scenario-zaton-zat_b7_bandit_boss_sultan_greeting_1">
    <text>看看谁在这里。</text>
  </string>
  <string id="characters_voice-scenario-zaton-zat_b7_bandit_boss_sultan_greeting_2">
    <text>看看谁卷起来了。</text>
  </string>
  <string id="characters_voice-scenario-zaton-zat_b7_raider_after_bad">
    <text>我们终于杀了他们。 但你一点帮助也没有。</text>
  </string>
  <string id="characters_voice-scenario-zaton-zat_b7_raider_after_ok">
    <text>我们终于杀了他们。 伙计，你知道如何战斗！</text>
  </string>
  <string id="characters_voice-scenario-zaton-zat_b7_raider_sneak_comments_1">
    <text>准备好吧，兄弟们。</text>
  </string>
  <string id="characters_voice-scenario-zaton-zat_b7_raider_sneak_comments_2">
    <text>保持安静，兄弟们。</text>
  </string>
  <string id="characters_voice-scenario-zaton-zat_b7_raider_sneak_comments_3">
    <text>别担心...我们会为您提供支持。</text>
  </string>
  <string id="characters_voice-scenario-zaton-zat_b7_raiders_attack">
    <text>开始了！</text>
  </string>
  <string id="characters_voice-scenario-zaton-zat_b7_raiders_ready_to_go">
    <text>你在做什么，我们已经等了一百年了。</text>
  </string>
  <string id="characters_voice-scenario-zaton-zat_b7_raiders_ready_to_go_pda">
    <text>你在做什么，我们已经等了一百年了。</text>
  </string>
  <string id="characters_voice-scenario-zaton-zat_b7_raiders_sneak_confuse">
    <text>那就是他们，对吗？ 或者他们隐藏了，或者什么？</text>
  </string>
  <string id="characters_voice-scenario-zaton-zat_b7_raiders_to_boss">
    <text>听着，先生，苏丹现在想和你谈谈。</text>
  </string>
  <string id="characters_voice-scenario-zaton-zat_b7_stalker_after_bad">
    <text>这些怪物终于死了！ 我认为你不是一个实干家。</text>
  </string>
  <string id="characters_voice-scenario-zaton-zat_b7_stalker_after_ok">
    <text>这些怪物终于死了，谢谢大家的帮助！</text>
  </string>
  <string id="characters_voice-scenario-zaton-zat_b7_stalkers_attack">
    <text>抓住他们！</text>
  </string>
  <!-- Jupiter -->
  <string id="characters_voice-scenario-jupiter-jup_a10_vano_need_help">
    <text>妈的，我该怎么办？……再去找他们，我就欠债了。 如果我不去，我就等于死了……</text>
  </string>
  <string id="characters_voice-scenario-jupiter-jup_a9_actor_conservation_info">
    <text>你看…… 地下通道被封印后，里面充满了某种气体。</text>
  </string>
  <string id="characters_voice-scenario-jupiter-jup_a9_actor_power_info">
    <text>这是地下通道的入口。 启动发电机就可以打开网关。</text>
  </string>
  <string id="characters_voice-scenario-jupiter-jup_a9_actor_way_info">
    <text>这是地下通道“Pripyat-1”的地图——这是通往普里皮亚季的地下通道存在的主要证据。</text>
  </string>
  <string id="characters_voice-scenario-jupiter-jup_b15_zulus_ready">
    <text>协议是这样的：我们一起去。 如果你找到任何成员，请将他们发送给我，我将把他们组成一个小队。 等一切顺利后，向我汇报。 我们将抓住 Nitro 并前往木星。</text>
  </string>
  <string id="characters_voice-scenario-jupiter-jup_b202_bandit_pda">
    <text>苏丹，我有这只腐烂的蛆虫！ 他从我这里得到了满足！ 现在，在试图惹恼兄弟们之前，他会三思而后行！</text>
  </string>
  <string id="characters_voice-scenario-jupiter-jup_b202_snag_pda">
    <text>我需要消失，这样那些混蛋就找不到我了！ 我藏在车站后面下水道里的战利品现在应该足够了。 他们可能已经在找我了。 可惜他们永远找不到我。</text>
  </string>
  <string id="characters_voice-scenario-jupiter-jup_b217_stalker_guide_welcome">
    <text>我们到了。 这个站，亚诺夫，是木星周围唯一安全的地方。 我要把你留在这里。 如果你需要我，我就在酒吧。</text>
  </string>
  <string id="characters_voice-scenario-jupiter-jup_b217_stalker_tech_welcome">
    <text>那么这是你第一次来这里吗？ 嗯，我也是新来的。 我叫 Nitro，很高兴认识你。 我是技术方面的，可以修复你想要的任何东西。 不过，我的工具很少，所以如果你找到什么，请尽快拿过来。 如果您需要技术帮助，请随时到我们的 Duty half 拜访我。</text>
  </string>
  <string id="characters_voice-scenario-jupiter-jup_b219_actor_go">
    <text>移动！</text>
  </string>
  <string id="characters_voice-scenario-jupiter-jup_b219_actor_ready">
    <text>大家都准备好了，打开吧。</text>
  </string>
  <string id="characters_voice-scenario-jupiter-jup_b219_duty_ready">
    <text>准备好！ 队？</text>
  </string>
  <string id="characters_voice-scenario-jupiter-jup_b219_duty_to_tech">
    <text>清除！</text>
  </string>
  <string id="characters_voice-scenario-jupiter-jup_b219_黑石_ready">
    <text>我也是。 准备好。</text>
  </string>
  <string id="characters_voice-scenario-jupiter-jup_b219_soldier_ready">
    <text>哦，我不喜欢这一切。</text>
  </string>
  <string id="characters_voice-scenario-jupiter-jup_b219_stalker_ready">
    <text>一如既往地准备好！</text>
  </string>
  <string id="characters_voice-scenario-jupiter-jup_b219_tech_damn">
    <text>啊，该死！</text>
  </string>
  <string id="characters_voice-scenario-jupiter-jup_b219_tech_opening">
    <text>走吧，孩子们！</text>
  </string>
  <string id="characters_voice-scenario-jupiter-jup_b219_tech_ready">
    <text>所以？ 你准备好了吗？</text>
  </string>
  <string id="characters_voice-scenario-jupiter-jup_b219_tech_success">
    <text>这就对了！ 这对我来说很容易。</text>
  </string>
  <string id="characters_voice-scenario-jupiter-jup_b219_tech_to_duty">
    <text>祝好运小子们！</text>
  </string>
  <string id="characters_voice-scenario-jupiter-jup_b46_duty_founder_pda_diary">
    <text>……无论你去哪里，你总会回到同一个地方。 这该死的雾……根本无法适应……切普诺伊消失得无影无踪。 奇怪的。 也许他找到了出口？……第六天，我们没水了……上校已经失去了它：他射杀了两个人，然后一颗子弹射穿了自己的大脑……我现在独自一人。 独自一人在这个被遗弃的异常体内……我到底为什么要切断与中心的联系！ 他们本来可以救我的，对吧？ 退休、避暑别墅、钓鱼——而且没有义务……真的，很有趣，结果会怎样？……但这一切都该死。 特卡琴科上尉已经去世很久了……而特卡琴科值班将军现在将永远离开……到苔原上游，到盛产鹿的地方……这对你来说是正义的。</text>
  </string>
  <string id="characters_voice-scenario-jupiter-jup_b46_spatial_bubble_sos_1">
    <text>[静默]...找到出口。 请求帮助，我们几乎没有...... [静默]</text>
  </string>
  <string id="characters_voice-scenario-jupiter-jup_b46_spatial_bubble_sos_2">
    <text>[静默]...两天前食物和水都用完了。 请求帮助。 我重复一遍，请求帮助！ 求救...[静默]</text>
  </string>
  <string id="characters_voice-scenario-jupiter-jup_b46_spatial_bubble_sos_3">
    <text>[静默]...立即需要帮助！ 我们不会坚持超过三个... [静默]</text>
  </string>
  <string id="characters_voice-scenario-jupiter-jup_b9_blackbox_records">
    <text>这里是Skat-4，完毕！ 请回答，Skat-4！  Skat-4 小队，注意！ 这里是 Skat-1。 如遇紧急情况，指定疏散地点为B28。 我重复一遍，B28！</text>
  </string>
  <string id="characters_voice-scenario-jupiter-jup_b9_heli_1_blackbox">
    <text>两具尸体……看来是死在了下降的路上。 没有什么值钱的东西，全部被拿走了。 直升机计算机上的所有信息都被清除了，但黑匣子却没有受到影响。 我认为优秀的技术人员能够从中提取信息。</text>
  </string>
  <!-- Underpass -->
  <string id="characters_voice-scenario-underpass-pas_b400_sokolov_about_control_gates_1">
    <text>被挡住了，也没有按钮。 是的，这就是某种情况。 看来得有人去控制室了。</text>
  </string>
  <string id="characters_voice-scenario-underpass-pas_b400_sokolov_about_control_gates_1_pda">
    <text>被挡住了，也没有按钮。 是的，这就是某种情况。 看来得有人去控制室了。</text>
  </string>
  <string id="characters_voice-scenario-underpass-pas_b400_vano_about_control_gates_1">
    <text>呃呃，门关着，是吗？ 好吧，我不知道，听着……也许你可以从控制室打开它？</text>
  </string>
  <string id="characters_voice-scenario-underpass-pas_b400_vano_about_control_gates_1_pda">
    <text>呃呃，门关着，是吗？ 好吧，我不知道，听着……也许你可以从控制室打开它？</text>
  </string>
  <string id="characters_voice-scenario-underpass-pas_b400_vano_about_underpass">
    <text>现在怎么办，我亲爱的朋友？ 我们该走了吗？</text>
  </string>
  <string id="characters_voice-scenario-underpass-pas_b400_vano_about_underpass_pda">
    <text>现在怎么办，我亲爱的朋友？ 我们该走了吗？</text>
  </string>
  <string id="characters_voice-scenario-underpass-pas_b400_wanderer_about_control_gates_1">
    <text>门已锁。 我建议我们尝试从控制室打开它。</text>
  </string>
  <string id="characters_voice-scenario-underpass-pas_b400_wanderer_about_control_gates_1_pda">
    <text>门已锁。 我建议我们尝试从控制室打开它。</text>
  </string>
  <string id="characters_voice-scenario-underpass-pas_b400_wanderer_about_underpass">
    <text>我们走吧！</text>
  </string>
  <string id="characters_voice-scenario-underpass-pas_b400_wanderer_about_underpass_pda">
    <text>我们走吧！</text>
  </string>
  <string id="characters_voice-scenario-underpass-pas_b400_zulus_about_control_gates_1">
    <text>大门被堵住了，也没有按钮。 我们有志愿者可以去控制室检查吗？</text>
  </string>
  <string id="characters_voice-scenario-underpass-pas_b400_zulus_about_control_gates_1_pda">
    <text>大门被堵住了，也没有按钮。 我们有志愿者可以去控制室检查吗？</text>
  </string>
  <string id="characters_voice-scenario-underpass-pas_b400_zulus_about_underpass">
    <text>好吧，我们开始吧！</text>
  </string>
  <string id="characters_voice-scenario-underpass-pas_b400_zulus_about_underpass_pda">
    <text>好吧，我们开始吧！</text>
  </string>
  <!-- Pripyat -->
  <string id="characters_voice-scenario-pripyat-pri_a15_actor_introduce">
    <text>Degtyarev少校，SBU。 调查坦途行动的失败。</text>
  </string>
  <string id="characters_voice-scenario-pripyat-pri_a15_actor_introduce_squad">
    <text>跟踪者在我前往普里皮亚季的路上帮助了我。</text>
  </string>
  <string id="characters_voice-scenario-pripyat-pri_a15_actor_leave_him">
    <text>队长，让他走吧。</text>
  </string>
  <string id="characters_voice-scenario-pripyat-pri_a15_actor_need_talk_with_commander">
    <text>我有科瓦尔斯基的信息。 引导我去找他。</text>
  </string>
  <string id="characters_voice-scenario-pripyat-pri_a15_army_go">
    <text>跟我来。</text>
  </string>
  <string id="characters_voice-scenario-pripyat-pri_a15_army_go_with_me">
    <text>很好。 跟我来。</text>
  </string>
  <string id="characters_voice-scenario-pripyat-pri_a15_army_hide_weapon">
    <text>放下你的武器，现在！</text>
  </string>
  <string id="characters_voice-scenario-pripyat-pri_a15_army_joke">
    <text>那是一些混合公司。</text>
  </string>
  <string id="characters_voice-scenario-pripyat-pri_a15_army_leave">
    <text>哦，那他妈的吧。</text>
  </string>
  <string id="characters_voice-scenario-pripyat-pri_a15_army_stop">
    <text>你！ 停止！</text>
  </string>
  <string id="characters_voice-scenario-pripyat-pri_a15_army_who_a_you">
    <text>你是谁？ 为什么需要上校？</text>
  </string>
  <string id="characters_voice-scenario-pripyat-pri_a15_sokolov_conjecture">
    <text>我知道事情没那么简单。</text>
  </string>
  <string id="characters_voice-scenario-pripyat-pri_a15_sokolov_introduce">
    <text>别开枪！ 我是索科洛夫中尉，Skat-4 的副驾驶，正在前往 B28 点的途中。</text>
  </string>
  <string id="characters_voice-scenario-pripyat-pri_a15_sokolov_wonder">
    <text>你认识科瓦尔斯基吗？</text>
  </string>
  <string id="characters_voice-scenario-pripyat-pri_a15_vano_speech_one">
    <text>你认为我们来这里是为了呼吸新鲜空气，是吗？ 亲爱的朋友，为什么要拿枪指着我们，难道你看不出我们不是敌人吗？ 我和我的战友们……嗯……我们是千辛万苦才来到这里的。 这是一次长途旅行。</text>
  </string>
  <string id="characters_voice-scenario-pripyat-pri_a15_wanderer_about_actor">
    <text>我不在乎谁为谁工作。</text>
  </string>
  <string id="characters_voice-scenario-pripyat-pri_a15_zulus_go">
    <text>...还有 SBU。</text>
  </string>
  <string id="characters_voice-scenario-pripyat-pri_a15_zulus_no_business_with_army">
    <text>我和军队没有关系……</text>
  </string>
  <string id="characters_voice-scenario-pripyat-pri_a15_zulus_not_me">
    <text>没有我。</text>
  </string>
  <string id="characters_voice-scenario-pripyat-pri_a15_zulus_wonder">
    <text>SBU？...他妈的是什么？</text>
  </string>
  <string id="characters_voice-scenario-pripyat-pri_a16_base_alarm">
    <text>注意，这是科瓦尔斯基上校！ 基地受到攻击。 在消除威胁之前不允许进入。</text>
  </string>
  <string id="characters_voice-scenario-pripyat-pri_a17_黑石_preacher">
    <text>我们赞美祢，向祢的仆人揭露了我们敌人的阴谋！ 愿您的光芒照耀那些为服务而献出生命的人们的灵魂！ 战斗吧，黑石守护者，战斗吧！ 让我们为死去的兄弟报仇，祝福他们与黑石永恒团结！ 那些拒绝他神圣力量的人都得死！</text>
  </string>
  <string id="characters_voice-scenario-pripyat-pri_a17_recon_squad_actor_dont_hide">
    <text>他们可能会看到你，少校同志。</text>
  </string>
  <string id="characters_voice-scenario-pripyat-pri_a17_recon_squad_actor_dont_hide_pda">
    <text>他们可能会看到你，少校同志。</text>
  </string>
  <string id="characters_voice-scenario-pripyat-pri_a17_recon_squad_after_黑石_clear">
    <text>清除！ 移动！</text>
  </string>
  <string id="characters_voice-scenario-pripyat-pri_a17_recon_squad_after_黑石_clear_pda">
    <text>清除！ 移动！</text>
  </string>
  <string id="characters_voice-scenario-pripyat-pri_a17_recon_squad_attack_now_1">
    <text>等他们走到院子中央。</text>
  </string>
  <string id="characters_voice-scenario-pripyat-pri_a17_recon_squad_attack_now_1_pda">
    <text>等他们走到院子中央。</text>
  </string>
  <string id="characters_voice-scenario-pripyat-pri_a17_recon_squad_attack_now_2">
    <text>目标已锁定！</text>
  </string>
  <string id="characters_voice-scenario-pripyat-pri_a17_recon_squad_attack_now_2_pda">
    <text>目标已锁定！</text>
  </string>
  <string id="characters_voice-scenario-pripyat-pri_a17_recon_squad_attack_now_3">
    <text>他们要走了！</text>
  </string>
  <string id="characters_voice-scenario-pripyat-pri_a17_recon_squad_attack_now_3_pda">
    <text>他们要走了！</text>
  </string>
  <string id="characters_voice-scenario-pripyat-pri_a17_recon_squad_attack_now_4">
    <text>做好准备，他们会看到我们的！ 火！</text>
  </string>
  <string id="characters_voice-scenario-pripyat-pri_a17_recon_squad_attack_now_4_pda">
    <text>做好准备，他们会看到我们的！ 火！</text>
  </string>
  <string id="characters_voice-scenario-pripyat-pri_a17_recon_squad_commander_order_hide1">
    <text>艾斯，到屋顶上来，剩下的人跟我来。</text>
  </string>
  <string id="characters_voice-scenario-pripyat-pri_a17_recon_squad_commander_order_hide1_pda">
    <text>艾斯，到屋顶上来，剩下的人跟我来。</text>
  </string>
  <string id="characters_voice-scenario-pripyat-pri_a17_recon_squad_commander_order_hide2">
    <text>大家各就各位。</text>
  </string>
  <string id="characters_voice-scenario-pripyat-pri_a17_recon_squad_commander_order_hide2_pda">
    <text>大家各就各位。</text>
  </string>
  <string id="characters_voice-scenario-pripyat-pri_a17_recon_squad_commander_ready_to_fire">
    <text>等待少校同志的命令。</text>
  </string>
  <string id="characters_voice-scenario-pripyat-pri_a17_recon_squad_commander_ready_to_fire_pda">
    <text>等待少校同志的命令。</text>
  </string>
  <string id="characters_voice-scenario-pripyat-pri_a17_recon_squad_commander_to_prapor">
    <text>搞什么鬼！ 有人告诉他们我们的计划吗？ 是的，我们应该向科瓦尔斯基汇报。</text>
  </string>
  <string id="characters_voice-scenario-pripyat-pri_a17_recon_squad_commander_to_prapor_pda">
    <text>搞什么鬼！ 有人告诉他们我们的计划吗？ 是的，我们应该向科瓦尔斯基汇报。</text>
  </string>
  <string id="characters_voice-scenario-pripyat-pri_a17_recon_squad_黑石_ambush">
    <text>伏击！ 掩护！</text>
  </string>
  <string id="characters_voice-scenario-pripyat-pri_a17_recon_squad_黑石_ambush_pda">
    <text>伏击！ 掩护！</text>
  </string>
  <string id="characters_voice-scenario-pripyat-pri_a17_recon_squad_nice_shoot">
    <text>射得好，少校同志。</text>
  </string>
  <string id="characters_voice-scenario-pripyat-pri_a17_recon_squad_nice_shoot_pda">
    <text>射得好，少校同志。</text>
  </string>
  <string id="characters_voice-scenario-pripyat-pri_a17_recon_squad_order_to_check">
    <text>我们来搜索一下吧。 掩护我们，艾斯。</text>
  </string>
  <string id="characters_voice-scenario-pripyat-pri_a17_recon_squad_order_to_check_pda">
    <text>我们来搜索一下吧。 掩护我们，艾斯。</text>
  </string>
  <string id="characters_voice-scenario-pripyat-pri_a17_recon_squad_prapor_to_commander">
    <text>嘿，那些混蛋在等我们。</text>
  </string>
  <string id="characters_voice-scenario-pripyat-pri_a17_recon_squad_prapor_to_commander_pda">
    <text>嘿，那些混蛋在等我们。</text>
  </string>
  <string id="characters_voice-scenario-pripyat-pri_a17_recon_squad_sniper_out">
    <text>冰，你醒醒吧！</text>
  </string>
  <string id="characters_voice-scenario-pripyat-pri_a17_recon_squad_sniper_out_pda">
    <text>冰，你醒醒吧！</text>
  </string>
  <string id="characters_voice-scenario-pripyat-pri_a17_recon_squad_talk_with_commander">
    <text>你应该去问船长。</text>
  </string>
  <string id="characters_voice-scenario-pripyat-pri_a18_actor_report">
    <text>如果我知道这里发生了什么就好了，上校。 大楼里有一群黑石。 他们盯着一堆垃圾，与它交谈。 我检查过这个垃圾，我认为它是某种天线。 显然，有人正在通过它联系黑石主义者，这对他们来说就像是某种启示。</text>
  </string>
  <string id="characters_voice-scenario-pripyat-pri_a18_kovalskiy_guard">
    <text>这很奇怪。 显然有人在控制这些狂热分子。 我们稍后再讨论。</text>
  </string>
  <string id="characters_voice-scenario-pripyat-pri_a18_kovalskiy_squad">
    <text>这很奇怪。 有人在控制这些狂热分子。 我们稍后再讨论。 哨兵仍下落不明，如有发现请立即报告。 完了，走吧。</text>
  </string>
  <string id="characters_voice-scenario-pripyat-pri_a18_黑石_pray_1">
    <text>黑石，我们听不到你的声音。</text>
  </string>
  <string id="characters_voice-scenario-pripyat-pri_a18_黑石_pray_2">
    <text>你为什么离开我们，黑石？</text>
  </string>
  <string id="characters_voice-scenario-pripyat-pri_a18_黑石_pray_3">
    <text>我们正在等待您的命令，黑石。</text>
  </string>
  <string id="characters_voice-scenario-pripyat-pri_a18_shelly_hello">
    <text>斯凯利亚中尉，等待您的命令。</text>
  </string>
  <string id="characters_voice-scenario-pripyat-pri_a18_sokolov_fight">
    <text>天哪，这里有多少人？</text>
  </string>
  <string id="characters_voice-scenario-pripyat-pri_a18_sokolov_hello">
    <text>好吧，我认为和你在一起更安全。</text>
  </string>
  <string id="characters_voice-scenario-pripyat-pri_a18_sokolov_on_place">
    <text>我们到了。</text>
  </string>
  <string id="characters_voice-scenario-pripyat-pri_a18_vano_fight">
    <text>在他们醒来之前射杀他们！</text>
  </string>
  <string id="characters_voice-scenario-pripyat-pri_a18_vano_hello">
    <text>当我听说你需要帮助时，我立即自愿！ 指明道路！</text>
  </string>
  <string id="characters_voice-scenario-pripyat-pri_a20_actor_about_next_task">
    <text>侦察小队在书店发现了一群黑石。</text>
  </string>
  <string id="characters_voice-scenario-pripyat-pri_a20_actor_no_data">
    <text>侦察小队正在观察黑石的动向。 没有发现大型团体，只有一些巡逻队。</text>
  </string>
  <string id="characters_voice-scenario-pripyat-pri_a20_actor_report_about_squad">
    <text>我找到了小队。 他们被枪杀了。 无论是谁干的，都没有留下任何痕迹。</text>
  </string>
  <string id="characters_voice-scenario-pripyat-pri_a20_colonel_about_sentry">
    <text>我不明白……他们出其不意地袭击了，而且没有留下任何痕迹。 奇怪……少校，我们找到了哨兵的信标，就在杂货店附近。 检查一下，但要小心。 我指望你，少校。 完了，走吧。</text>
  </string>
  <string id="characters_voice-scenario-pripyat-pri_a20_colonel_ask_check_recon_squad">
    <text>少校，我们需要找到侦察队。 这里发生了一些奇怪的事情……小心点，少校。</text>
  </string>
  <string id="characters_voice-scenario-pripyat-pri_a20_colonel_give_next_task_1">
    <text>这是该死的狂热分子。 我们需要对付他们。</text>
  </string>
  <string id="characters_voice-scenario-pripyat-pri_a20_colonel_give_next_task_1_a21_sentry_task">
    <text>该死的狂热分子，希望他们在地狱里被烧死。 我们还有另一个问题——一名哨兵失踪了，我们失去了联系。 我们是时候反击那些混蛋了。</text>
  </string>
  <string id="characters_voice-scenario-pripyat-pri_a20_colonel_send_reinforcement">
    <text>好的，我派两个人跟你一起去，他们会在地点等你。 完了，走吧。</text>
  </string>
  <string id="characters_voice-scenario-pripyat-pri_a20_colonel_send_reinforcement_a21_about_sentry">
    <text>好的，我派两个人跟你一起去，他们会在地点等你。 还有一件事……我们已经找到了哨兵的信标。 它位于杂货店附近的某个地方。 如果可能的话检查一下。 我指望你，少校。 完了，走吧。</text>
  </string>
  <string id="characters_voice-scenario-pripyat-pri_a20_colonel_talk_in_radio">
    <text>队！ 小队，结束！ 怎么了？</text>
  </string>
  <string id="characters_voice-scenario-pripyat-pri_a20_colonel_task_done">
    <text>我不明白……他们怎么会突然袭击，而且不留痕迹？ 奇怪……我需要考虑下一步该怎么做，少校。 超过。</text>
  </string>
  <string id="characters_voice-scenario-pripyat-pri_a20_communication_with_recon_squad">
    <text>噢，侦察队正在联系我……</text>
  </string>
  <string id="characters_voice-scenario-pripyat-pri_a20_recon_squad_attacked">
    <text>不！ 搞什么鬼？！ 停止！ 停下来，他妈的！ 可恶！ 有人带他出去吧！ 不、不！ 啊! 啊...</text>
  </string>
  <string id="characters_voice-scenario-pripyat-pri_a20_sokolov_with_garick_new_way_to_pripyat_1">
    <text>这没什么特别的，需要一些技巧和一点运气。 我们很幸运，或者，也许这是特异区对我耐心的奖励。 我和科学家们浪费了足够多的时间。</text>
  </string>
  <string id="characters_voice-scenario-pripyat-pri_a20_sokolov_with_garick_new_way_to_pripyat_2">
    <text>我不敢相信你竟然全身而退到达普里皮亚季！ 我打赌你一定有一个很酷的故事要讲！</text>
  </string>
  <string id="characters_voice-scenario-pripyat-pri_a20_sokolov_with_garick_new_way_to_pripyat_3">
    <text>是的，我也受够了赫尔曼。</text>
  </string>
  <string id="characters_voice-scenario-pripyat-pri_a21_actor_to_base_find_and_terminate_controller">
    <text>哨兵死了。 他表现得很奇怪，试图向我开枪。 我已找到并摧毁了附近的一个控制器。</text>
  </string>
  <string id="characters_voice-scenario-pripyat-pri_a21_actor_to_base_find_controller">
    <text>哨兵死了。 他表现得很奇怪，试图向我开枪。 我在附近发现了一名管制员，不得不撤退。</text>
  </string>
  <string id="characters_voice-scenario-pripyat-pri_a21_actor_to_base_terminate_controller">
    <text>控制器被破坏。</text>
  </string>
  <string id="characters_voice-scenario-pripyat-pri_a21_base_to_actor_find_and_terminate_controller">
    <text>明白了，少校。 看来控制者对他动了脑筋……他是个好人。 显然，同样的事情也发生在侦察队身上，他们因为这只野兽而互相射击。 谢谢。 完了，走吧。</text>
  </string>
  <string id="characters_voice-scenario-pripyat-pri_a21_base_to_actor_terminate_controller">
    <text>明白了，少校。 看来控制者已经对他动了脑筋了……妈的，你得对这头野兽做点什么了。</text>
  </string>
  <string id="characters_voice-scenario-pripyat-pri_a21_colonel_base_about_sentry">
    <text>少校，这是科瓦尔斯基。 我们还有更多的麻烦。 回来吧，我会告诉你更多。</text>
  </string>
  <string id="characters_voice-scenario-pripyat-pri_a21_colonel_give_sentry_task">
    <text>少校，这是科瓦尔斯基。 我们遇到了更多麻烦，其中一名哨兵没有回应。 你知道以前的杂货店大楼吗？ 那就是他的灯塔所在。 如果可能的话检查一下。 完了，走吧。</text>
  </string>
  <string id="characters_voice-scenario-pripyat-pri_a21_colonel_lets_talk">
    <text>啊，是你，少校。 进来吧，进来吧。</text>
  </string>
  <string id="characters_voice-scenario-pripyat-pri_a22_actor_to_base_find_squad_member">
    <text>告诉上校我找到了你的一个人。 看来他是被自己的手榴弹炸死的。 没有任何战斗的迹象。</text>
  </string>
  <string id="characters_voice-scenario-pripyat-pri_a22_base_to_actor_has_rfi_coordinates">
    <text>科瓦尔斯基在这里。 明白了，少校，听着，我有一个改变的好消息。 我们终于找到了干扰源。 它位于幼儿园大楼内。</text>
  </string>
  <string id="characters_voice-scenario-pripyat-pri_a22_colonel_about_rfi_and_lost_suad">
    <text>无线电操作员说干扰源就在附近，他现在正在尝试确定位置。 我派了一个小队去搜索该地区，但我们失去了联系……连信标都没有……</text>
  </string>
  <string id="characters_voice-scenario-pripyat-pri_a22_colonel_about_situation">
    <text>少校，自从坠机事件发生以来，这次行动变得很糟糕。 我们被包围了，指挥权被切断，而且情况只会变得更糟。 我预计不会很快撤离，照这样下去，无论如何也不会有人活着撤离。 我失去了对局势的控制……我们需要紧急联系指挥部。</text>
  </string>
  <string id="characters_voice-scenario-pripyat-pri_a22_colonel_give_task">
    <text>少校，你的首要任务之一是恢复与总部的无线电连接。 我想这实际上是你的首要任务。 我也有一个个人要求。 你能找到我的人吗？</text>
  </string>
  <string id="characters_voice-scenario-pripyat-pri_a22_colonel_to_actor_need_talk">
    <text>少校，听着，我需要和你谈谈……一对一的。</text>
  </string>
  <string id="characters_voice-scenario-pripyat-pri_a25_actor_all_doors_locked">
    <text>我在大楼附近，但所有入口似乎都被封锁了。</text>
  </string>
  <string id="characters_voice-scenario-pripyat-pri_a25_kovalski_take_explosive">
    <text>寻找干扰源的人身上有炸药。 找到它并使用它进入建筑物。</text>
  </string>
  <string id="characters_voice-scenario-pripyat-pri_a28_actor_scene_end">
    <text>斯特洛克和斯卡特小队被杀。 准备起飞。</text>
  </string>
  <string id="characters_voice-scenario-pripyat-pri_a28_actor_scene_end_when_strelok_dead">
    <text>就这样，Strelok 死了，准备起飞。</text>
  </string>
  <string id="characters_voice-scenario-pripyat-pri_a28_actor_to_ssu_1">
    <text>捷格佳列夫少校在这里。</text>
  </string>
  <string id="characters_voice-scenario-pripyat-pri_a28_actor_to_ssu_2">
    <text>目前我已经检索到了在特异区进行的研究的文件。 另外，一位绰号为Strelok的潜行者曾访问过CNPP，与我们联系，他愿意配合。</text>
  </string>
  <string id="characters_voice-scenario-pripyat-pri_a28_actor_to_ssu_with_heli_info">
    <text>我愿意。 我有可靠的消息，这与Strelok的说法相符。 直升机受到异常现象的影响，在风暴后改变了位置。 不准确的地图是失败的原因。</text>
  </string>
  <string id="characters_voice-scenario-pripyat-pri_a28_actor_to_ssu_without_heli_info">
    <text>斯特洛克声称直升机因异常现象坠毁。 在为这次行动创建地图时，没有考虑到他们在风暴后改变位置的事实。</text>
  </string>
  <string id="characters_voice-scenario-pripyat-pri_a28_actor_to_strelok">
    <text>进入直升机！ 我希望这是值得的...</text>
  </string>
  <string id="characters_voice-scenario-pripyat-pri_a28_center_to_colonel_1">
    <text>Kovalsky，连接有什么问题吗？</text>
  </string>
  <string id="characters_voice-scenario-pripyat-pri_a28_center_to_colonel_2">
    <text>明白了。 好的，听着，Farvater 的运营现在由 SBU 控制。 杰格佳列夫少校和你在一起吗？</text>
  </string>
  <string id="characters_voice-scenario-pripyat-pri_a28_center_to_colonel_3">
    <text>从现在起他就是你的上级了。 他的命令现在就会对他说话。</text>
  </string>
  <string id="characters_voice-scenario-pripyat-pri_a28_colonel_about_heli">
    <text>他们成功了，恶魔们！ 他们终于成功了……Strelok，你是对的。</text>
  </string>
  <string id="characters_voice-scenario-pripyat-pri_a28_colonel_about_snork">
    <text>我们时间紧迫！ 大家检查一下你们的武器吧！ 随意开火！</text>
  </string>
  <string id="characters_voice-scenario-pripyat-pri_a28_colonel_actor_talk">
    <text>少校，我可以和你谈谈吗？</text>
  </string>
  <string id="characters_voice-scenario-pripyat-pri_a28_colonel_after_surge">
    <text>风暴结束了。 中尉，联系指挥部。</text>
  </string>
  <string id="characters_voice-scenario-pripyat-pri_a28_colonel_cannot_wait">
    <text>少校，我们不能再等了。</text>
  </string>
  <string id="characters_voice-scenario-pripyat-pri_a28_colonel_clear_the_deck">
    <text>准备行动！</text>
  </string>
  <string id="characters_voice-scenario-pripyat-pri_a28_colonel_close_by">
    <text>移动！ 我们就快到了！</text>
  </string>
  <string id="characters_voice-scenario-pripyat-pri_a28_colonel_evacuation">
    <text>小队出发！</text>
  </string>
  <string id="characters_voice-scenario-pripyat-pri_a28_colonel_fire_will">
    <text>士兵！ 随意开火！ 向前！</text>
  </string>
  <string id="characters_voice-scenario-pripyat-pri_a28_colonel_go_left">
    <text>士兵！ 向左移动，互相注视！</text>
  </string>
  <string id="characters_voice-scenario-pripyat-pri_a28_colonel_instructions">
    <text>好吧，孩子们，你明白了吗？ 听我的命令！ 不分散，聚在一起。 珍惜缠扰者如掌上明珠。 有什么问题吗？... 好，准备出发。</text>
  </string>
  <string id="characters_voice-scenario-pripyat-pri_a28_colonel_ok_go_here">
    <text>到拱门！</text>
  </string>
  <string id="characters_voice-scenario-pripyat-pri_a28_colonel_ready_to_go">
    <text>大家保持警惕！ 严格执行命令！ 我们就快到了。 移动！</text>
  </string>
  <string id="characters_voice-scenario-pripyat-pri_a28_colonel_see_helicopter">
    <text>他妈的这就是黑石！ 士兵！ 不要吝惜你的弹药！ 随意开火！ 继续向直升机前进！</text>
  </string>
  <string id="characters_voice-scenario-pripyat-pri_a28_colonel_strelok_out">
    <text>该死的，Strelok死了！ 我们必须奋力前行。 向前！</text>
  </string>
  <string id="characters_voice-scenario-pripyat-pri_a28_colonel_to_center_1">
    <text>将军同志，风暴了。 收音机死了。</text>
  </string>
  <string id="characters_voice-scenario-pripyat-pri_a28_colonel_to_center_2">
    <text>是的。</text>
  </string>
  <string id="characters_voice-scenario-pripyat-pri_a28_colonel_to_center_3">
    <text>罗杰.</text>
  </string>
  <string id="characters_voice-scenario-pripyat-pri_a28_colonel_wait_actor">
    <text>少校，你在哪里？ 我们必须把 Strelok 送到直升机上！</text>
  </string>
  <string id="characters_voice-scenario-pripyat-pri_a28_colonel_wait_actor_go">
    <text>少校，我们继续前进。</text>
  </string>
  <string id="characters_voice-scenario-pripyat-pri_a28_colonel_wait_actor_go_pda">
    <text>少校，我们继续前进。</text>
  </string>
  <string id="characters_voice-scenario-pripyat-pri_a28_colonel_wait_actor_long">
    <text>少校，我们等不及你了。</text>
  </string>
  <string id="characters_voice-scenario-pripyat-pri_a28_colonel_wait_actor_long_pda">
    <text>少校，我们等不及你了。</text>
  </string>
  <string id="characters_voice-scenario-pripyat-pri_a28_colonel_wait_actor_pda">
    <text>少校，你在哪里？ 我们必须把 Strelok 送到直升机上！</text>
  </string>
  <string id="characters_voice-scenario-pripyat-pri_a28_colonel_wait_actor_return">
    <text>好吧，让我们继续吧。</text>
  </string>
  <string id="characters_voice-scenario-pripyat-pri_a28_colonel_wait_actor_return_pda">
    <text>好吧，让我们继续吧。</text>
  </string>
  <string id="characters_voice-scenario-pripyat-pri_a28_colonel_we_close">
    <text>我们正在逼近！</text>
  </string>
  <string id="characters_voice-scenario-pripyat-pri_a28_colonel_will_time">
    <text>罗杰！ 我们要快点！</text>
  </string>
  <string id="characters_voice-scenario-pripyat-pri_a28_colonel_zombied_attack">
    <text>现在普里皮亚季的每个僵尸都知道我们在这里！ 我们必须行动得更快！ 队！ 在双倍！</text>
  </string>
  <string id="characters_voice-scenario-pripyat-pri_a28_colonel_zombied_first">
    <text>躲避他们！ 小队，沿着大楼向右移动！</text>
  </string>
  <string id="characters_voice-scenario-pripyat-pri_a28_continuation">
    <text>天哪，你还在吗？ 好吧，如果你需要什么，就到基地来找我。 我回来了，这次我还带来了跟踪者。</text>
  </string>
  <string id="characters_voice-scenario-pripyat-pri_a28_evac_com_cant_wait">
    <text>我们等不及了，我们有命令！ 如果受到攻击我们就会起飞！</text>
  </string>
  <string id="characters_voice-scenario-pripyat-pri_a28_evac_com_helicopter_run_time">
    <text>斯卡特！ 我们等不及了！ 一分钟后我们就要起飞了！</text>
  </string>
  <string id="characters_voice-scenario-pripyat-pri_a28_evac_com_helicopter_run_time_pda">
    <text>斯卡特！ 我们等不及了！ 一分钟后我们就要起飞了！</text>
  </string>
  <string id="characters_voice-scenario-pripyat-pri_a28_evac_com_ready">
    <text>少校，我们准备起飞了！</text>
  </string>
  <string id="characters_voice-scenario-pripyat-pri_a28_evac_com_scene_end_when_strelok_dead">
    <text>罗杰！</text>
  </string>
  <string id="characters_voice-scenario-pripyat-pri_a28_evac_com_to_helicopter">
    <text>到直升机！ 移动！</text>
  </string>
  <string id="characters_voice-scenario-pripyat-pri_a28_evac_com_to_helicopter_pda">
    <text>到直升机！ 移动！</text>
  </string>
  <string id="characters_voice-scenario-pripyat-pri_a28_evac_com_where_you">
    <text>滑板队！ 你在哪里？</text>
  </string>
  <string id="characters_voice-scenario-pripyat-pri_a28_evac_come_close">
    <text>少校同志，我们正遭受猛烈的炮火攻击！ 敌人未知！ 我们不会坚持太久！</text>
  </string>
  <string id="characters_voice-scenario-pripyat-pri_a28_evac_come_close_pda">
    <text>少校同志，我们正遭受猛烈的炮火攻击！ 敌人未知！ 我们不会坚持太久！</text>
  </string>
  <string id="characters_voice-scenario-pripyat-pri_a28_medic_about_snork">
    <text>又是他们。 我们应该绕着大楼转一圈吗？</text>
  </string>
  <string id="characters_voice-scenario-pripyat-pri_a28_signaller_after_surge_1">
    <text>是的！</text>
  </string>
  <string id="characters_voice-scenario-pripyat-pri_a28_signaller_after_surge_2">
    <text>指挥正在广播中！</text>
  </string>
  <string id="characters_voice-scenario-pripyat-pri_a28_ssu_to_actor_1">
    <text>少校，你读书吗？ 超过！</text>
  </string>
  <string id="characters_voice-scenario-pripyat-pri_a28_ssu_to_actor_2">
    <text>好的。 从现在开始，Farvater行动由你负责。 科瓦尔斯基和 Skat 小队将为您提供帮助。 报告当前情况。</text>
  </string>
  <string id="characters_voice-scenario-pripyat-pri_a28_ssu_to_actor_3">
    <text>明白了。 接受他的提议。 您有关于直升机坠毁原因的信息吗？</text>
  </string>
  <string id="characters_voice-scenario-pripyat-pri_a28_ssu_to_actor_5">
    <text>我们现在就考虑这个问题。 这意味着我们在下一次风暴之前还有时间。 您和跟踪者将在 B28 点被接走。  Skat 小队也已撤离，就在我们说话的时候，直升机正在起飞。 完了，走吧。</text>
  </string>
  <string id="characters_voice-scenario-pripyat-pri_a28_strelok_dont_stop">
    <text>不要停！ 跑步！</text>
  </string>
  <string id="characters_voice-scenario-pripyat-pri_a28_strelok_go_over_anomaly">
    <text>前方还有更多僵尸！</text>
  </string>
  <string id="characters_voice-scenario-pripyat-pri_a28_strelok_run">
    <text>跑步！</text>
  </string>
  <string id="characters_voice-scenario-pripyat-pri_b301_zulus_after_fight">
    <text>拍摄得不错！</text>
  </string>
  <string id="characters_voice-scenario-pripyat-pri_b301_zulus_after_fight_pda">
    <text>拍摄得不错！</text>
  </string>
  <string id="characters_voice-scenario-pripyat-pri_b301_zulus_hello_in_combat">
    <text>小心身后！ 他们来自四面八方！</text>
  </string>
  <string id="characters_voice-scenario-pripyat-pri_b301_zulus_hello_in_combat_pda">
    <text>小心身后！ 他们来自四面八方！</text>
  </string>
  <string id="characters_voice-scenario-pripyat-pri_b301_zulus_surrounded_1">
    <text>吃这个！</text>
  </string>
  <string id="characters_voice-scenario-pripyat-pri_b301_zulus_surrounded_2">
    <text>哈，你以为你抓住了我吗？</text>
  </string>
  <string id="characters_voice-scenario-pripyat-pri_b301_zulus_surrounded_3">
    <text>怪胎！</text>
  </string>
  <string id="characters_voice-scenario-pripyat-pri_b305_actor_ask_about_burning_antenn">
    <text>著名的潜行者……你就是关闭大脑灼烧者的人，对吗？</text>
  </string>
  <string id="characters_voice-scenario-pripyat-pri_b305_actor_check_signal">
    <text>我会看看。</text>
  </string>
  <string id="characters_voice-scenario-pripyat-pri_b305_actor_dont_see_anyone">
    <text>我没有看到任何人。</text>
  </string>
  <string id="characters_voice-scenario-pripyat-pri_b305_actor_emission_starts">
    <text>即将风暴！</text>
  </string>
  <string id="characters_voice-scenario-pripyat-pri_b305_actor_go">
    <text>好吧，我会。</text>
  </string>
  <string id="characters_voice-scenario-pripyat-pri_b305_actor_it_is_underground">
    <text>它在地下！</text>
  </string>
  <string id="characters_voice-scenario-pripyat-pri_b305_actor_need_center_to_know">
    <text>尽快向指挥部报告此事。</text>
  </string>
  <string id="characters_voice-scenario-pripyat-pri_b305_actor_understand">
    <text>明白了。</text>
  </string>
  <string id="characters_voice-scenario-pripyat-pri_b305_actor_we_have_problems">
    <text>我们出现了问题。 直升机坠毁的原因不明。</text>
  </string>
  <string id="characters_voice-scenario-pripyat-pri_b305_actor_wondered">
    <text>我懂了...</text>
  </string>
  <string id="characters_voice-scenario-pripyat-pri_b305_army_what_freezer">
    <text>哈！ 天啊！ 现在这是新的事情了。 在冰箱里！</text>
  </string>
  <string id="characters_voice-scenario-pripyat-pri_b305_kirilov_about_garik">
    <text>是的，加里克要去亚诺夫领取补给品，他说几天之内不要期待他。</text>
  </string>
  <string id="characters_voice-scenario-pripyat-pri_b305_kirilov_about_garik_vano">
    <text>是的，瓦诺和加里克一起去了亚诺夫，他说他会带着礼物回来！</text>
  </string>
  <string id="characters_voice-scenario-pripyat-pri_b305_kirilov_about_strelok_1">
    <text>感谢帮助！ 上校想见你。</text>
  </string>
  <string id="characters_voice-scenario-pripyat-pri_b305_kirilov_give_coordinates">
    <text>是的，我愿意，上校同志！ 但信号被破坏了，它的来源正在移动。</text>
  </string>
  <string id="characters_voice-scenario-pripyat-pri_b305_kirilov_give_new_coordinates">
    <text>我又有信号了！ 传输坐标。</text>
  </string>
  <string id="characters_voice-scenario-pripyat-pri_b305_kirilov_glad">
    <text>哇，那是东西！ 你回来了吗？ 我们已经放弃了再次去看医生的希望。</text>
  </string>
  <string id="characters_voice-scenario-pripyat-pri_b305_kirilov_ok">
    <text>好的...</text>
  </string>
  <string id="characters_voice-scenario-pripyat-pri_b305_kirilov_order_agree">
    <text>是的，上校同志！</text>
  </string>
  <string id="characters_voice-scenario-pripyat-pri_b305_kirilov_signal_lost">
    <text>我失去了它！</text>
  </string>
  <string id="characters_voice-scenario-pripyat-pri_b305_kirilov_signal_next_to_actor">
    <text>我得到了它！ 它就在你附近。</text>
  </string>
  <string id="characters_voice-scenario-pripyat-pri_b305_kirilov_source_is_near">
    <text>真的非常非常接近！ 向我们的基地移动。</text>
  </string>
  <string id="characters_voice-scenario-pripyat-pri_b305_kirilov_strange_signal">
    <text>上校同志！ 信号源位于离这里不远的地方。 信号是加密的，我还无法破译它。</text>
  </string>
  <string id="characters_voice-scenario-pripyat-pri_b305_kirilov_what_freezer">
    <text>什么冰箱？ 你在哪里找到冰箱的？</text>
  </string>
  <string id="characters_voice-scenario-pripyat-pri_b305_kirilov_what_happen">
    <text>那么到底发生了什么？</text>
  </string>
  <string id="characters_voice-scenario-pripyat-pri_b305_kirilov_what_next">
    <text>什么？</text>
  </string>
  <string id="characters_voice-scenario-pripyat-pri_b305_kirilov_where_you_been">
    <text>所以？ 你去哪儿了？</text>
  </string>
  <string id="characters_voice-scenario-pripyat-pri_b305_kovalskiy_about_anomaly_map">
    <text>但我们确实有一张准确的异常地图……直升机受到了尽可能的保护！</text>
  </string>
  <string id="characters_voice-scenario-pripyat-pri_b305_kovalskiy_about_deal">
    <text>除非找到原因，否则不会有直升机。 看来我们得离开这里了</text>
  </string>
  <string id="characters_voice-scenario-pripyat-pri_b305_kovalskiy_ask_coordinates">
    <text>少校，你有坐标吗？</text>
  </string>
  <string id="characters_voice-scenario-pripyat-pri_b305_kovalskiy_attack_case_prepare">
    <text>少校，这是科瓦尔斯基。 回来。 我们必须做好进攻准备。 这次他们不会让我们感到惊讶。</text>
  </string>
  <string id="characters_voice-scenario-pripyat-pri_b305_kovalskiy_let_center_know">
    <text>风暴结束后我会联系指挥部。</text>
  </string>
  <string id="characters_voice-scenario-pripyat-pri_b305_kovalskiy_news">
    <text>指挥部联系了我，我报告了目前收集到的信息。 目前不会有直升机。 我们将坚守阵地并等待进一步的命令。 现在总部有SBU观察员，你可以和他们交谈。</text>
  </string>
  <string id="characters_voice-scenario-pripyat-pri_b305_kovalskiy_order_kirilov">
    <text>中尉，尽快联系总部。</text>
  </string>
  <string id="characters_voice-scenario-pripyat-pri_b305_kovalskiy_talk_in_safe_place">
    <text>来吧，我们在避难所里谈谈。</text>
  </string>
  <string id="characters_voice-scenario-pripyat-pri_b305_kovalskiy_think_of_attack">
    <text>又是黑石？！</text>
  </string>
  <string id="characters_voice-scenario-pripyat-pri_b305_kovalskiy_who_are_you">
    <text>你是谁？！</text>
  </string>
  <string id="characters_voice-scenario-pripyat-pri_b305_kovalskiy_wondered">
    <text>怎么办？</text>
  </string>
  <string id="characters_voice-scenario-pripyat-pri_b305_medik_dont_know_what_say">
    <text>嗯。 我不知道要说什么...</text>
  </string>
  <string id="characters_voice-scenario-pripyat-pri_b305_medik_excuse">
    <text>哪里……我想看看你能找到什么。</text>
  </string>
  <string id="characters_voice-scenario-pripyat-pri_b305_medik_in_freezer">
    <text>你不会相信这个......在冰箱里。</text>
  </string>
  <string id="characters_voice-scenario-pripyat-pri_b305_medik_talk_later">
    <text>是的，有点……我稍后会告诉你。</text>
  </string>
  <string id="characters_voice-scenario-pripyat-pri_b305_strelok_about_anomaly_randomize">
    <text>你应该已经注意到这一点了。 风暴后异常会改变位置，有些会消失，但有些会产生。 在您收到地图之前，您的地图已过时。</text>
  </string>
  <string id="characters_voice-scenario-pripyat-pri_b305_strelok_about_heli">
    <text>原因其实很简单。 空中的异常现象并不比地面少，而且在特异区中心附近甚至更多。</text>
  </string>
  <string id="characters_voice-scenario-pripyat-pri_b305_strelok_about_zone_destroying">
    <text>是的，这就是计划……我来这里是为了和你的上级交谈，我有信息可以让他们控制和摧毁特异区。</text>
  </string>
  <string id="characters_voice-scenario-pripyat-pri_b305_strelok_give_up">
    <text>别拍，我要去正门了！</text>
  </string>
  <string id="characters_voice-scenario-pripyat-pri_b305_strelok_how_to_get_away">
    <text>风暴从来不会接二连三地发生。 如果您在风暴后立即扫描特异区并绘制异常情况图，那么直升机应该能够在下一次风暴发生之前疏散所有人。</text>
  </string>
  <string id="characters_voice-scenario-pripyat-pri_b305_strelok_introduse">
    <text>我是斯特雷洛克。</text>
  </string>
  <string id="characters_voice-scenario-pripyat-pri_b35_both_done_end">
    <text>两个目标都下调了！ 不错的工作。 撤退！</text>
  </string>
  <string id="characters_voice-scenario-pripyat-pri_b35_envoy_sighted">
    <text>哇，还有一个队伍！ 让我们看看谁是使者。</text>
  </string>
  <string id="characters_voice-scenario-pripyat-pri_b35_kovalski_calls_guide">
    <text>基里洛夫，这是科瓦尔斯基。 我需要你陪少校。</text>
  </string>
  <string id="characters_voice-scenario-pripyat-pri_b35_merc_leader_sighted">
    <text>靠近正门的肯定是他们的首领。</text>
  </string>
  <string id="characters_voice-scenario-pripyat-pri_b35_primary_target_down">
    <text>主要目标下降！</text>
  </string>
  <string id="characters_voice-scenario-pripyat-pri_b35_primary_target_lost_end">
    <text>主要目标丢失！ 撤退！</text>
  </string>
  <string id="characters_voice-scenario-pripyat-pri_b35_rendevous_done">
    <text>他们要走了！ 火！</text>
  </string>
  <string id="characters_voice-scenario-pripyat-pri_b35_rendevous_in_process">
    <text>目标位于主入口附近。</text>
  </string>
  <string id="characters_voice-scenario-pripyat-pri_b35_rendevous_started">
    <text>少校同志！ 雇佣兵已经到了。</text>
  </string>
  <string id="characters_voice-scenario-pripyat-pri_b35_secondary_target_down">
    <text>次要目标落下！</text>
  </string>
  <string id="characters_voice-scenario-pripyat-pri_b35_secondary_target_lost_end">
    <text>第二目标丢失！ 撤退！</text>
  </string>
  <string id="characters_voice-scenario-pripyat-pri_b35_targets_lost_end">
    <text>两个目标都落空了！ 撤退！</text>
  </string>
</string_table>