﻿<?xml version="1.0" encoding="utf-8" ?>
<string_table>
	<string id="jup_a10_bandit_leader_name">
		<text>杰克</text>
	</string>
	<string id="jup_a10_stalker_vano">
		<text>瓦诺</text>
	</string>
	<string id="jup_a6_duty_leader">
		<text>舒尔加中校</text>
	</string>
	<string id="jup_a6_freedom_leader">
		<text>洛基</text>
	</string>
	<string id="jup_a6_stalker_barmen">
		<text>哈瓦伊恩</text>
	</string>
	<string id="jup_a6_stalker_medik">
		<text>接骨师</text>
	</string>
	<string id="jup_b10_stalker_drunk">
		<text>森卡</text>
	</string>
	<string id="jup_b15_zulus">
		<text>祖鲁</text>
	</string>
	<string id="jup_b19_freedom_yar_name">
		<text>雅大叔</text>
	</string>
	<string id="jup_b1_stalker_1">
		<text>托波尔</text>
	</string>
	<string id="jup_b1_stalker_2">
		<text>梅斯</text>
	</string>
	<string id="jup_b1_stalker_3">
		<text>斯皮里特</text>
	</string>
	<string id="jup_b1_stalker_4">
		<text>斯内克</text>
	</string>
	<string id="jup_b207_merc_leader_name">
		<text>秃鹫</text>
	</string>
	<string id="jup_b217_stalker_tech">
		<text>尼特罗</text>
	</string>
	<string id="jup_b220_trapper">
		<text>特拉皮尔</text>
	</string>
	<string id="jup_b25_freedom_flint">
		<text>打火石</text>
	</string>
	<string id="jup_b46_duty_founder_name">
		<text>塔琴科将军</text>
	</string>
	<string id="jup_b46_duty_founder_squad_02_name">
		<text>邦查克中尉</text>
	</string>
	<string id="jup_b46_duty_founder_squad_03_name">
		<text>科斯马奇上校</text>
	</string>
	<string id="jup_b46_duty_founder_squad_04_name">
		<text>扎卡查克中尉</text>
	</string>
	<string id="jup_b47_merc_01">
		<text>布莱克</text>
	</string>
	<string id="jup_b47_merc_02">
		<text>杜普莱特</text>
	</string>
	<string id="jup_b47_merc_03">
		<text>外科医生</text>
	</string>
	<string id="jup_b47_merc_04">
		<text>骷髅</text>
	</string>
	<string id="jup_b47_merc_05">
		<text>斯泰克</text>
	</string>
	<string id="jup_b47_merc_06">
		<text>科希</text>
	</string>
	<string id="jup_b47_merc_07">
		<text>死尸</text>
	</string>
	<string id="jup_b4_monolith_squad_leader_name">
		<text>神行客</text>
	</string>
	<string id="jup_b4_monolith_squad_soldier_1_name">
		<text>阿莫</text>
	</string>
	<string id="jup_b4_monolith_squad_soldier_2_name">
		<text>镰刀</text>
	</string>
	<string id="jup_b4_monolith_squad_soldier_3_name">
		<text>海象</text>
	</string>
	<string id="jup_b4_monolith_squad_soldier_4_name">
		<text>老实人</text>
	</string>
	<string id="jup_b4_monolith_squad_soldier_5_name">
		<text>弗马</text>
	</string>
	<string id="jup_b6_scientist_biochemist">
		<text>奥泽斯基教授</text>
	</string>
	<string id="jup_b6_scientist_novikov">
		<text>诺维科夫</text>
	</string>
	<string id="jup_b6_scientist_nuclear_physicist">
		<text>赫尔曼教授</text>
	</string>
	<string id="jup_b9_shliachin_name">
		<text>史利亚琴中士</text>
	</string>
	<string id="pri_a15_military_recon_1_name">
		<text>谢尔盖耶夫中尉</text>
	</string>
	<string id="pri_a15_military_recon_2_name">
		<text>瓦留肖克中士</text>
	</string>
	<string id="pri_a15_military_recon_3_name">
		<text>奥斯特洛夫斯基中士</text>
	</string>
	<string id="pri_a15_military_recon_leader_name">
		<text>克里门科上尉</text>
	</string>
	<string id="pri_a15_sokolov_name">
		<text>索科洛夫中尉</text>
	</string>
	<string id="pri_a17_military_captain_tarasov">
		<text>塔拉索夫上尉</text>
	</string>
	<string id="pri_a17_military_colonel_kovalski_name">
		<text>科瓦斯基上校</text>
	</string>
	<string id="pri_a17_military_lieutenant_podorojniy">
		<text>波多洛杰尼中尉</text>
	</string>
	<string id="pri_a18_skorlupko_in_suit_name">
		<text>斯卡亚中尉</text>
	</string>
	<string id="pri_a18_vano_in_suit_reserve_name">
		<text>莫库洛夫中士</text>
	</string>
	<string id="pri_a21_sentry_lieutenant_stecenko_name">
		<text>斯坦辛科中尉</text>
	</string>
	<string id="pri_a22_military_yarmoshuk_name">
		<text>亚莫沙克中士</text>
	</string>
	<string id="pri_a25_army_medic_name">
		<text>罗格维茨中尉</text>
	</string>
	<string id="pri_a28_evac_com_name">
		<text>斯米尔诺夫中尉</text>
	</string>
	<string id="pri_b305_strelok_name">
		<text>史特列洛克</text>
	</string>
	<string id="pri_b306_envoy_name">
		<text>巴查克</text>
	</string>
	<string id="st_actor_name">
		<text>Degtyarev少校</text>
	</string>
	<string id="st_jup_a12_bandit_cashier">
		<text>矮子</text>
	</string>
	<string id="st_jup_a12_bandit_chief">
		<text>希沙克</text>
	</string>
	<string id="st_jup_a12_stalker_assaulter">
		<text>灰熊</text>
	</string>
	<string id="st_jup_a12_stalker_diplomat">
		<text>托巴</text>
	</string>
	<string id="st_jup_a12_stalker_prisoner">
		<text>米泰</text>
	</string>
	<string id="st_jup_b207_duty_security_squad_leader_name">
		<text>加夫里连科中尉</text>
	</string>
	<string id="st_jup_b207_freedom_assault_squad_leader_name">
		<text>克莱门</text>
	</string>
	<string id="st_jup_b207_freedom_recon_squad_leader_name">
		<text>盖杜克</text>
	</string>
	<string id="st_jup_b43_stalker_assistant">
		<text>加里</text>
	</string>
	<string id="st_pri_a22_army_signaller">
		<text>基里洛夫中尉</text>
	</string>
	<string id="st_pri_b35_envoy">
		<text>瑟宾</text>
	</string>
	<string id="st_pri_b35_merc_leader">
		<text>豺狼</text>
	</string>
	<string id="st_zat_a2_stalker_nimble_name">
		<text>机灵鬼</text>
	</string>
	<string id="st_zat_b106_stalker_crab_name">
		<text>螃蟹</text>
	</string>
	<string id="st_zat_b106_stalker_garmata_name">
		<text>加莫达</text>
	</string>
	<string id="st_zat_b106_stalker_gonta_name">
		<text>冈塔</text>
	</string>
	<string id="st_zat_b29_stalker_rival_1">
		<text>大锤</text>
	</string>
	<string id="st_zat_b29_stalker_rival_2">
		<text>克莱斯特</text>
	</string>
	<string id="st_zat_b30_owl_stalker_trader_name">
		<text>猫头鹰</text>
	</string>
	<string id="st_zat_b38_stalker_cop_name">
		<text>松鸡</text>
	</string>
	<string id="st_zat_b38_stalker_hunter_name">
		<text>达尼拉</text>
	</string>
	<string id="st_zat_b7_bandit_boss_sultan_name">
		<text>苏丹</text>
	</string>
	<string id="st_zat_b7_duty_illicit_dealer_name">
		<text>莫甘</text>
	</string>
	<string id="st_zat_b7_stalker_raider_leader">
		<text>纳克尔兹</text>
	</string>
	<string id="st_zat_b7_stalker_squad_leader">
		<text>斯巴达克斯</text>
	</string>
	<string id="zat_a2_stalker_barmen_name">
		<text>大胡子</text>
	</string>
	<string id="zat_a2_stalker_mechanic_name">
		<text>卡丹</text>
	</string>
	<string id="zat_b103_lost_merc_1_name">
		<text>哥布林</text>
	</string>
	<string id="zat_b103_lost_merc_2_name">
		<text>欧克</text>
	</string>
	<string id="zat_b103_lost_merc_3_name">
		<text>钢琴师</text>
	</string>
	<string id="zat_b103_lost_merc_4_name">
		<text>割草机</text>
	</string>
	<string id="zat_b103_lost_merc_5_name">
		<text>克尔扎奇</text>
	</string>
	<string id="zat_b103_lost_merc_6_name">
		<text>坦克</text>
	</string>
	<string id="zat_b103_lost_merc_7_name">
		<text>穆戈</text>
	</string>
	<string id="zat_b103_lost_merc_leader_name">
		<text>战斧</text>
	</string>
	<string id="zat_b14_stalker_1_name">
		<text>金枪鱼</text>
	</string>
	<string id="zat_b18_noah_name">
		<text>诺亚</text>
	</string>
	<string id="zat_b215_stalker_guide_name">
		<text>领航员</text>
	</string>
	<string id="zat_b22_stalker_medic_name">
		<text>威震天</text>
	</string>
	<string id="zat_b28_draper_name">
		<text>德拉佩中尉</text>
	</string>
	<string id="zat_b28_umerov_name">
		<text>乌梅洛夫准尉</text>
	</string>
	<string id="zat_b33_stalker_snag">
		<text>斯纳戈</text>
	</string>
	<string id="zat_b40_merc_squad_leader_1_name">
		<text>铁钩</text>
	</string>
	<string id="zat_b40_merc_squad_leader_2_name">
		<text>山丘</text>
	</string>
	<string id="zat_b42_mayron_name">
		<text>米隆</text>
	</string>
	<string id="zat_b44_stalker_barge_name">
		<text>巴吉</text>
	</string>
	<string id="zat_b53_artefact_hunter_1_name">
		<text>派特瑞卡</text>
	</string>
	<string id="zat_b53_artefact_hunter_2_name">
		<text>尖钻</text>
	</string>
	<string id="jup_b46_duty_founder_squad_01_name">
		<text>车普尼少校</text>
	</string>
	<string id="pri_a17_military_prapor_valentyr">
		<text>沃伦提尔准尉</text>
	</string>
	<string id="pri_a17_military_sergeant_morozov">
		<text>莫洛佐夫高级中士</text>
	</string>
	<string id="zat_b28_smoliak_name">
		<text>斯莫雅克高级中尉</text>
	</string>
	<string id="jup_b25_stalker_senya">
		<text>瘦子</text>
	</string>
	<string id="zat_b100_army_1">
		<text>加兹达中士</text>
	</string>
	<string id="zat_b100_army_2">
		<text>弗泰兹上尉</text>
	</string>
	<string id="zat_b100_army_3">
		<text>什维科高级中士</text>
	</string>
</string_table>
