﻿<?xml version="1.0" encoding="utf-8" ?>
<string_table>
	<string id="jup_b15_zulus_b301_after_fight_0">
		<text>哈!他们总算尝到我们的厉害了!谢谢你救了我.如果不是你,我很可能已经被那些混蛋吃掉了.你是个很好的潜行者...很抱歉我一怒之下离开了你们,但是你应该早点告诉我你是USS的成员.</text>
	</string>
	<string id="jup_b15_zulus_b301_after_fight_1">
		<text>没关系.为了保证安全,我们最好尽快返回军队营地.</text>
	</string>
	<string id="jup_b15_zulus_b301_after_fight_11">
		<text>说的对,在营地里待着肯定比我自己在这周围乱逛安全得多.</text>
	</string>
	<string id="jup_b15_zulus_b301_after_fight_111">
		<text>那我们现在就出发吧.</text>
	</string>
	<string id="jup_b15_zulus_b301_after_fight_112">
		<text>我还有一些事情要办,你先走一步.军方现在驻扎在一幢废弃的洗衣店里.</text>
	</string>
	<string id="jup_b15_zulus_b301_after_fight_2">
		<text>我该走了.</text>
	</string>
	<string id="jup_b15_zulus_b301_reward_dialog_0">
		<text>等等...带上这个...这是变异区里最可靠的机关枪了.</text>
	</string>
	<string id="jup_b15_zulus_b301_reward_dialog_1">
		<text>等一下,你不需要它了吗?</text>
	</string>
	<string id="jup_b15_zulus_b301_reward_dialog_11">
		<text>我总会有办法对付那些怪物的.而且我已经和加里商量好了,我很快就会回朱皮特.和我相比,你更需要它.好好使用吧.</text>
	</string>
	<string id="jup_b15_zulus_b301_reward_dialog_111">
		<text>祝你好运.</text>
	</string>
	<string id="jup_b15_zulus_b301_reward_dialog_2">
		<text>谢谢,这真是一把好枪.</text>
	</string>
	<string id="jup_b15_zulus_b301_reward_dialog_21">
		<text>哈哈!这把枪何止是"好",它可以说是变异区里最强大的武器.它被改装过,所以有点沉重.不过这并不影响你的使用.因为当你遇到敌人时你完全不需要跑,举起你的枪,让敌人逃去吧!</text>
	</string>
	<string id="jup_b15_zulus_b301_reward_dialog_211">
		<text>再见.</text>
	</string>
	<string id="jup_b15_zulus_b301_reward_dialog_3">
		<text>太好了!</text>
	</string>
	<string id="jup_b43_stalker_assistant_b301_about_zulus_0">
		<text>你知道祖鲁去哪里了吗?</text>
	</string>
	<string id="jup_b43_stalker_assistant_b301_about_zulus_1">
		<text>他走掉了...他要我把他带回朱皮特,我们在离工厂不远的地方就分手了.他没有告诉我他要去哪里.</text>
	</string>
	<string id="jup_b43_stalker_assistant_b35_about_merc_0">
		<text>等等...我要告诉你一个坏消息...不久前有一群佣兵要我带他们去普里皮亚特.他们提供的报酬很高,于是我就答应了他们.但是我不久后就意识到我陷入危险了...他们一直不让我离开他们的视线,并且用枪口威胁我.在离普里皮亚特不远时我设法逃跑了,但是我敢肯定他们已经到达了皮城,你要小心一点.</text>
	</string>
	<string id="jup_b43_stalker_assistant_b35_about_merc_1">
		<text>你有没有听到佣兵们在谈论什么?</text>
	</string>
	<string id="jup_b43_stalker_assistant_b35_about_merc_11">
		<text>多少听到了一些.那些佣兵们原本没打算让我活着,所以他们大胆地在我面前讨论他们的计划.他们谈到了一个客户,他所带来的东西将是他们整个任务的目标.</text>
	</string>
	<string id="jup_b43_stalker_assistant_b35_about_merc_111">
		<text>他们将要在哪里见面?</text>
	</string>
	<string id="jup_b43_stalker_assistant_b35_about_merc_1111">
		<text>离这不远,在复合式公寓的院子里.</text>
	</string>
	<string id="jup_b43_stalker_assistant_b35_about_merc_2">
		<text>谢谢你的消息.</text>
	</string>
	<string id="jup_b43_stalker_assistant_b35_about_merc_actor_0">
		<text>你提到了佣兵,你听到他们在谈论什么吗?</text>
	</string>
	<string id="jup_b43_stalker_assistant_b35_about_merc_actor_1">
		<text>多少听到了一些.那些佣兵们原本没打算让我活着,所以他们大胆地在我面前讨论他们的计划.他们谈到了一个客户,他所带来的东西将是他们整个任务的目标.</text>
	</string>
	<string id="jup_b43_stalker_assistant_b35_about_merc_actor_11">
		<text>他们将要在哪里见面?</text>
	</string>
	<string id="jup_b43_stalker_assistant_b35_about_merc_actor_111">
		<text>离这不远,在复合式公寓的院子里.</text>
	</string>
	<string id="pri_a15_sokolov_arranged_outfit_0">
		<text>防护服的事情我已经和科学家们商量好了,去找赫尔曼谈谈.</text>
	</string>
	<string id="pri_a15_sokolov_arranged_outfit_1">
		<text>好的...在哪里见面?</text>
	</string>
	<string id="pri_a15_sokolov_arranged_outfit_11">
		<text>在亚诺夫车站附近,祖鲁的房子里.</text>
	</string>
	<string id="pri_a15_sokolov_arranged_outfit_111">
		<text>那里全是潜行者!你带我去怎么样?因为我一个人去可能有麻烦.而他们认识你,如果我和你在一起,他们就不会向我开枪.</text>
	</string>
	<string id="pri_a15_sokolov_evacuation_point_0">
		<text>你去了哪一个撤离点?</text>
	</string>
	<string id="pri_a15_sokolov_evacuation_point_1">
		<text>对不起,这是机密,我不能告诉你.</text>
	</string>
	<string id="pri_a15_sokolov_goto_zulus_0">
		<text>让我们去见祖鲁.</text>
	</string>
	<string id="pri_a15_sokolov_goto_zulus_1">
		<text>好的.但是我们首先需要去见赫尔曼,找他要一件防护服.</text>
	</string>
	<string id="pri_a15_sokolov_goto_zulus_11">
		<text>走吧.</text>
	</string>
	<string id="pri_a15_sokolov_goto_zulus_2">
		<text>我虽然想和你一起走...但是外面正是电磁风暴.让我们再等等.</text>
	</string>
	<string id="pri_a15_sokolov_jupiter_0">
		<text>你是怎么到了这里的?</text>
	</string>
	<string id="pri_a15_sokolov_jupiter_1">
		<text>我的直升机坠毁了,掉进朱皮特工厂的车间.我是这次坠机中唯一的幸存者.然后我设法离开了朱皮特工厂,到达了最近的撤离点,但是那里一个人也没有.后来我遇到了加里,他带我来到了这个碉堡.</text>
	</string>
	<string id="pri_a15_sokolov_need_outfit_0">
		<text>要去普里皮亚特的话,你需要一件带封闭式循环呼吸系统的防护服.</text>
	</string>
	<string id="pri_a15_sokolov_occupation_0">
		<text>你在这里干什么?</text>
	</string>
	<string id="pri_a15_sokolov_occupation_1">
		<text>我是一个飞行员,不是一个战士!变异区太危险了,我的任务只是前往撤离点.所以我只需要在这里等着部队完成任务,到时候再把我救走.</text>
	</string>
	<string id="pri_a15_sokolov_pripyat_group_0">
		<text>我正在募集一只小队一起去普里皮亚特.想加入吗?</text>
	</string>
	<string id="pri_a15_sokolov_pripyat_group_1">
		<text>普里皮亚特?我当然愿意...在普里皮亚特那儿有一个撤离点,或许部队里面中有些人幸存了下来已经到了那里...那实际上也是我们最终的目的地.我自己一个人是不可能到达那里的!我愿意和你们一起试一试.</text>
	</string>
	<string id="pri_a15_sokolov_pripyat_ready_0">
		<text>你准备好出发了吗?</text>
	</string>
	<string id="pri_a15_sokolov_pripyat_ready_1">
		<text>我想应该差不多了.</text>
	</string>
	<string id="pri_a15_sokolov_start_dialog_11">
		<text>你好,潜行者.</text>
	</string>
	<string id="pri_a15_sokolov_start_dialog_12">
		<text>嘿.</text>
	</string>
	<string id="pri_a15_sokolov_start_dialog_13">
		<text>你好.</text>
	</string>
	<string id="pri_a15_sokolov_start_dialog_14">
		<text>你好,少校.</text>
	</string>
	<string id="pri_a15_sokolov_where_from_0">
		<text>你身上这件军服是从哪里来的?</text>
	</string>
	<string id="pri_a15_sokolov_where_from_1">
		<text>啊...你肯定也知道不久前军方的直升机坠毁了...我是索科洛夫中尉,直升机的副驾驶之一.</text>
	</string>
	<string id="pri_a16_colonel_a21_about_sentry_dialog_0">
		<text>那个侦查兵是怎么回事?</text>
	</string>
	<string id="pri_a16_colonel_a21_about_sentry_dialog_1">
		<text>我们发现他发送的信号来自老杂货店,但是他对我们的呼叫没有任何反应...有可能他不小心弄丢了他的无线电...这仅仅是我们的猜测.无论如何,我们现在需要马上找到他...</text>
	</string>
	<string id="pri_a16_colonel_a21_about_sentry_dialog_11">
		<text>谢谢你的消息,上校!我会处理好的.</text>
	</string>
	<string id="pri_a16_colonel_a21_about_sentry_pass_task_dialog_0">
		<text>那个侦查兵是怎么回事?</text>
	</string>
	<string id="pri_a16_colonel_a21_about_sentry_pass_task_dialog_1">
		<text>我明白了...这全是因为那个脑波怪...侦查小队的团灭很有可能也是它造成的.脑波怪控制他们,然后让他们互相开枪...这些生物是变异区里最难对付的怪物之一,更何况我没有训练过他们如何对付这些怪物.脑波怪对我的部队来说,完全是一种未知的怪物.我又因此失去了一批战友...</text>
	</string>
	<string id="pri_a16_colonel_a21_about_sentry_pass_task_dialog_11">
		<text>至少这个脑波怪已经被我解决掉了.</text>
	</string>
	<string id="pri_a16_colonel_a21_about_sentry_pass_task_dialog_111">
		<text>我希望情况能因此有所好转...很感谢你的帮助,少校.为了干掉它,我猜你一定花了很多弹药.去找基里洛夫中尉,让他给你些补给.</text>
	</string>
	<string id="pri_a16_colonel_a21_about_sentry_pass_task_dialog_1111">
		<text>谢谢你,上校!</text>
	</string>
	<string id="pri_a16_colonel_a21_about_sentry_pass_task_dialog_12">
		<text>不要担心,上校...我会处理掉那个变异怪物的.</text>
	</string>
	<string id="pri_a17_military_base_commander_actor_dialog_1_0">
		<text>你能告诉我更多关于这任务的详细信息吗?</text>
	</string>
	<string id="pri_a17_military_base_commander_actor_dialog_1_11">
		<text>他是谁?</text>
	</string>
	<string id="pri_a17_military_colonel_kovalski_a25_base_reminding_1_0">
		<text>如果我们不尽快找到干扰源,我们将什么都做不了,只能坐在这里等死.黑石的大规模进攻对一旦开始,我们一定会被打得惨败.如此一来,军方的行动肯定会失败...</text>
	</string>
	<string id="pri_a17_military_colonel_kovalski_a25_base_reminding_1_1">
		<text>我会尽快找到干扰源的.</text>
	</string>
	<string id="pri_a17_military_colonel_kovalski_a25_base_reminding_2_0">
		<text>嘿,少校?你找到干扰源了吗?</text>
	</string>
	<string id="pri_a17_military_colonel_kovalski_a25_base_reminding_2_1">
		<text>没有,我还在找...</text>
	</string>
	<string id="pri_a17_military_colonel_kovalski_b35_about_merc_start_0">
		<text>加里告诉了我一些有关佣兵的事情...</text>
	</string>
	<string id="pri_a17_military_colonel_kovalski_b35_about_merc_start_1">
		<text>是的,他也告诉了我...加里刚逃这里的时候就已经告诉我了.幸运的是佣兵并没有继续追杀他.我们正在监视佣兵和他们客户的会面地点,但是还没有任何动静.我很想知道佣兵们到底想干什么...</text>
	</string>
	<string id="pri_a17_military_colonel_kovalski_b35_actor_know_about_merc_0">
		<text>我听说了有关佣兵的消息,他们正在普里皮亚特寻找一个秘密实验室.</text>
	</string>
	<string id="pri_a17_military_colonel_kovalski_b35_actor_know_about_merc_1">
		<text>普里皮亚特的一个秘密的实验室?但是你是从哪里得到的消息?</text>
	</string>
	<string id="pri_a17_military_colonel_kovalski_b35_actor_know_about_merc_11">
		<text>从扎通的一本佣兵的笔记本中.一个叫雅大叔的潜行者告诉我的故事也证实了这一点.</text>
	</string>
	<string id="pri_a17_military_colonel_kovalski_b35_actor_know_about_merc_111">
		<text>嗯...你知道另外的事吗?</text>
	</string>
	<string id="pri_a17_military_colonel_kovalski_b35_actor_know_about_merc_1111">
		<text>他们正在寻找中心实验室.我能在调查期间找到它的坐标.</text>
	</string>
	<string id="pri_a17_military_colonel_kovalski_b35_actor_know_about_merc_11111">
		<text>如果你说的都是真的,这意味着我们有一些比僵尸和那些狂热分子更危险的敌人...我们需要马上做出新的行动方针.</text>
	</string>
	<string id="pri_a17_military_colonel_kovalski_b35_actor_know_about_merc_111111">
		<text>我们必须在他们见面之前杀死他们的客户代表,如果成功的话,这将确保至少在一段时间内没有人会进出X8实验室.</text>
	</string>
	<string id="pri_a17_military_colonel_kovalski_b35_actor_know_about_merc_1111111">
		<text>这是一个很好的解决方案,虽然我们不能找出那个实验室的所有知情者.我们至少可以保证不让佣兵们进入那里.一但动手,雇佣兵们肯定会在短时间内反应过来,这对我们来说也是一个威胁.尽可能把同时把他们全部杀死.我会让基里洛夫中尉和你一起去的.</text>
	</string>
	<string id="pri_a17_military_colonel_kovalski_b35_actor_know_about_merc_11111111">
		<text>好的.</text>
	</string>
	<string id="pri_a17_military_colonel_kovalski_b35_actor_know_about_merc_11111112">
		<text>等等,或许我们应该选择另外的目标.</text>
	</string>
	<string id="pri_a17_military_colonel_kovalski_b35_actor_know_about_merc_111111121">
		<text>你决定先杀死哪个目标.</text>
	</string>
	<string id="pri_a17_military_colonel_kovalski_b35_actor_know_about_merc_111112">
		<text>我们先杀死佣兵老大,擒贼先擒王.没有了头领,佣兵就只是一群乌合之众.</text>
	</string>
	<string id="pri_a17_military_colonel_kovalski_b35_actor_know_about_merc_1111121">
		<text>好主意.但是其他人可能会逃跑,然后把实验室的消息告诉其他人,那样佣兵最终仍会成功地到达实验室.尽量同时杀死他们.我让基里洛夫中尉和你一起去.</text>
	</string>
	<string id="pri_a17_military_colonel_kovalski_b35_actor_know_about_merc_111113">
		<text>我没有时间去做这件事.</text>
	</string>
	<string id="pri_a17_military_colonel_kovalski_b35_actor_know_about_merc_12">
		<text>从扎通的一本佣兵的笔记本中.</text>
	</string>
	<string id="pri_a17_military_colonel_kovalski_b35_actor_know_about_merc_13">
		<text>亚诺夫车站的潜行者,他叫雅大叔.这是他告诉我的.</text>
	</string>
	<string id="pri_a17_military_colonel_kovalski_b35_reward_0">
		<text>关于那些佣兵...</text>
	</string>
	<string id="pri_a17_military_colonel_kovalski_b35_reward_1">
		<text>干得好,你把他们全部都干掉了.现在佣兵不再是我们的绊脚石,至少他们不会对实验室太感兴趣了.你可以留着这把步枪,这儿还有一些弹药.</text>
	</string>
	<string id="pri_a17_military_colonel_kovalski_b35_reward_2">
		<text>很好,现在佣兵的头目死了,他们不再是我们的大麻烦.但是他们的客户却逃脱了,这意味着实验室的事情还有可能会泄露出去,我们还要保持警惕...你可以留着这把步枪,这儿还有一些弹药.</text>
	</string>
	<string id="pri_a17_military_colonel_kovalski_b35_reward_3">
		<text>很好,现在知道实验室位置的人已经死了,这样佣兵们就找不到实验室了.但是,佣兵们肯定不会就此离开普里皮亚特,这对我们来说是一个巨大的威胁.我们还要保持警惕...你可以留着这把步枪,这儿还有一些弹药.</text>
	</string>
	<string id="pri_a17_military_colonel_kovalski_b35_reward_4">
		<text>恩,没想到你在最后改变了目标.好吧,这还算是一个不错的决定.现在佣兵的头目死了,他们不再是我们的大麻烦.但是他们的客户却逃脱了,这意味着实验室的事情还有可能会泄露出去,我们还要保持警惕...你可以留着这把步枪,这儿还有一些弹药.</text>
	</string>
	<string id="pri_a17_military_colonel_kovalski_b35_reward_5">
		<text>恩,没想到你在最后改变了目标.好吧,这还算是一个不错的决定.现在知道实验室位置的人已经死了,这样佣兵们就找不到实验室了.但是,佣兵们肯定不会就此离开普里皮亚特,这对我们来说是一个巨大的威胁.我们还要保持警惕...你可以留着这把步枪,这儿还有一些弹药.</text>
	</string>
	<string id="pri_a17_military_colonel_kovalski_b35_reward_6">
		<text>太糟糕了.佣兵的老大还活着,而且他们的联系人也跑掉了.现在佣兵已经知道了我们的存在,除了黑石之外,我们还要面对他们的威胁.另外他们还知道了实验室的位置,他们进入实验室只是时间问题.我们一定要小心了...你可以留着这把步枪,这儿还有一些弹药.</text>
	</string>
	<string id="pri_a17_military_colonel_kovalski_evacuation_ready_0">
		<text>让你的队员准备好,上校.我马上要出发了.</text>
	</string>
	<string id="pri_a17_military_colonel_kovalski_evacuation_ready_1">
		<text>好的.保护好史特列洛克,少校.我们会照顾好自己的.</text>
	</string>
	<string id="pri_a17_military_colonel_kovalski_evacuation_start_11">
		<text>恩...在我们中间你和史特列洛克是特异区最有经验的战士.不同的是,史特列洛克的事情只是传闻,而你的能力是我亲眼所见的.我想说的是,少校,我更看好你的表现.保护好史特列洛克,我们已经没有多少人手了.</text>
	</string>
	<string id="pri_a17_military_colonel_kovalski_evacuation_start_12">
		<text>少校,我们都在等你,小队已经准备好出发了.</text>
	</string>
	<string id="pri_a17_military_recon_squad_after_scene_dialog_0">
		<text>看起来那些疯子已经都死了.拿好你的步枪,趁我们还能跑掉的时候,赶紧离开这个鬼地方.</text>
	</string>
	<string id="pri_a17_military_recon_squad_after_scene_dialog_1">
		<text>有道理.</text>
	</string>
	<string id="pri_a17_military_recon_squad_ambush_actor_ready_0">
		<text>我准备好了,走吧.</text>
	</string>
	<string id="pri_a17_military_recon_squad_ambush_actor_ready_1">
		<text>好的.小队已经准备好了.</text>
	</string>
	<string id="pri_a17_military_recon_squad_ambush_actor_ready_11">
		<text>出发.</text>
	</string>
	<string id="pri_a17_military_recon_squad_ambush_actor_ready_2">
		<text>我们必须等会.我可不想让我的部下死在电磁风暴中.</text>
	</string>
	<string id="pri_a17_military_recon_squad_ambush_dialog_0">
		<text>我是小分队的队长塔拉索夫上尉.少校,或许你的官职比我高,但在这里我是指挥官,你不能违反我的命令.我们不能拿队伍的生命开玩笑.下面是我们的计划:我们先到医院的西楼里埋伏好,等待黑石组织的出现.请尽快采取行动,避免引起不必要的注意.</text>
	</string>
	<string id="pri_a17_military_recon_squad_ambush_dialog_1">
		<text>明白,让我们出发吧.</text>
	</string>
	<string id="pri_a17_military_recon_squad_ambush_dialog_11">
		<text>好.小队已经准备好了.</text>
	</string>
	<string id="pri_a17_military_recon_squad_ambush_dialog_111">
		<text>出发.</text>
	</string>
	<string id="pri_a17_military_recon_squad_ambush_dialog_12">
		<text>我们必须等会.我可不想让我的部下死在电磁风暴中.</text>
	</string>
	<string id="pri_a17_military_recon_squad_ambush_dialog_2">
		<text>等等,队长.我还没准备好.</text>
	</string>
	<string id="pri_a22_army_signaller_about_rfi_source_0">
		<text>关于那个干扰源有什么新的消息吗?</text>
	</string>
	<string id="pri_a22_army_signaller_about_rfi_source_1">
		<text>这附近有许多干扰源,其中有一个离我们很近.摧毁它的话,我们就可以与总部联系了.</text>
	</string>
	<string id="pri_a22_army_signaller_about_rfi_source_2">
		<text>我找到了那个干扰源的坐标.它是某种专门用于干扰的高频微波发射器.</text>
	</string>
	<string id="pri_a22_army_signaller_about_rfi_source_3">
		<text>你摧毁的装置就是那个干扰源,虽然其他的干扰源还在工作.不过我们已经和总部联系上了.</text>
	</string>
	<string id="pri_a22_army_signaller_about_signal_0">
		<text>告诉我有关那个信号的事.</text>
	</string>
	<string id="pri_a22_army_signaller_about_signal_1">
		<text>信号时隐时现,但是每次它出现时,离我们的基地就更近一些.</text>
	</string>
	<string id="pri_a22_army_signaller_about_signal_11">
		<text>是吗?</text>
	</string>
	<string id="pri_a22_army_signaller_about_signal_111">
		<text>更奇怪的是,这个信号在很少使用的无线电通信频率上.</text>
	</string>
	<string id="pri_a22_army_signaller_about_signal_12">
		<text>明白了.</text>
	</string>
	<string id="pri_a22_army_signaller_b35_about_merc_0">
		<text>拿好这把枪和这些子弹...你现在可以出发了,我会随时监视那里的.一旦他们出现,我们马上联系你.</text>
	</string>
	<string id="pri_a22_army_signaller_b35_about_merc_1">
		<text>好的.</text>
	</string>
	<string id="pri_a22_army_signaller_start_dialog_11">
		<text>你好.我是基里洛夫中尉.我负责武器维修和弹药补给.</text>
	</string>
	<string id="pri_a22_army_signaller_start_dialog_111">
		<text>你有弹药吗?</text>
	</string>
	<string id="pri_a22_army_signaller_start_dialog_1111">
		<text>我们闯入了一个黑石仓库,那里充满了各种各样武器的弹药!我想知道他们是怎样得到这些弹药的...我猜外面一定有人在同黑石组织进行交易.</text>
	</string>
	<string id="pri_a22_army_signaller_start_dialog_112">
		<text>那么你也能修理我的武器了?</text>
	</string>
	<string id="pri_a22_army_signaller_start_dialog_1121">
		<text>当然.我受过训练,能修理各种武器.</text>
	</string>
	<string id="pri_a22_army_signaller_start_dialog_113">
		<text>我明白了.</text>
	</string>
	<string id="pri_a22_army_signaller_start_dialog_12">
		<text>你好.</text>
	</string>
	<string id="pri_a22_army_signaller_start_dialog_13">
		<text>这头痛是从哪里来的...</text>
	</string>
	<string id="pri_a22_army_signaller_start_dialog_14">
		<text>这就是原因,我不知道我们是否会成功...</text>
	</string>
	<string id="pri_a22_army_signaller_supply_ammo_0">
		<text>我需要子弹.</text>
	</string>
	<string id="pri_a22_army_signaller_supply_ammo_1">
		<text>没问题...你需要哪一种?</text>
	</string>
	<string id="pri_a22_army_signaller_supply_ammo_11">
		<text>9x18的手枪弹药...</text>
	</string>
	<string id="pri_a22_army_signaller_supply_ammo_111">
		<text>给你...还要其他的吗?</text>
	</string>
	<string id="pri_a22_army_signaller_supply_ammo_112">
		<text>给你...</text>
	</string>
	<string id="pri_a22_army_signaller_supply_ammo_12">
		<text>9x19的手枪弹药...</text>
	</string>
	<string id="pri_a22_army_signaller_supply_ammo_13">
		<text>11.43x23的手枪弹药...</text>
	</string>
	<string id="pri_a22_army_signaller_supply_ammo_14">
		<text>散弹枪弹药...</text>
	</string>
	<string id="pri_a22_army_signaller_supply_ammo_15">
		<text>5.45x39步枪弹药...</text>
	</string>
	<string id="pri_a22_army_signaller_supply_ammo_16">
		<text>5.56x45步枪弹药...</text>
	</string>
	<string id="pri_a22_army_signaller_supply_ammo_17">
		<text>9x39步枪弹药...</text>
	</string>
	<string id="pri_a22_army_signaller_supply_ammo_18">
		<text>狙击枪弹药...</text>
	</string>
	<string id="pri_a22_army_signaller_supply_ammo_19">
		<text>机枪弹药...</text>
	</string>
	<string id="pri_a22_army_signaller_supply_ammo_2">
		<text>我只能给你那么多,少校...上校有命令让我们节约弹药.</text>
	</string>
	<string id="pri_a22_army_signaller_supply_ammo_20">
		<text>好吧,当我没问.</text>
	</string>
	<string id="pri_a22_army_signaller_supply_grenade_0">
		<text>我需要榴弹.</text>
	</string>
	<string id="pri_a22_army_signaller_supply_grenade_1">
		<text>没问题...哪种榴弹?</text>
	</string>
	<string id="pri_a22_army_signaller_supply_grenade_11">
		<text>手榴弹.</text>
	</string>
	<string id="pri_a22_army_signaller_supply_grenade_111">
		<text>给你...</text>
	</string>
	<string id="pri_a22_army_signaller_supply_grenade_12">
		<text>VOG-25枪榴弹.</text>
	</string>
	<string id="pri_a22_army_signaller_supply_grenade_13">
		<text>M209枪榴弹.</text>
	</string>
	<string id="pri_a22_army_signaller_supply_grenade_14">
		<text>恩,算了吧.</text>
	</string>
	<string id="pri_a22_army_signaller_supply_grenade_2">
		<text>我只能给你那么多,少校...上校有命令让我们节约弹药.</text>
	</string>
	<string id="pri_a25_army_medic_need_health_care_0">
		<text>我需要你帮我治疗一下.</text>
	</string>
	<string id="pri_a25_army_medic_need_health_care_1">
		<text>我很乐意.让我检查一下...</text>
	</string>
	<string id="pri_a25_army_medic_need_health_care_111">
		<text>好了,你已经康复了.</text>
	</string>
	<string id="pri_a25_army_medic_rescued_0">
		<text>发生了那件事后你感觉怎么样?</text>
	</string>
	<string id="pri_a25_army_medic_rescued_1">
		<text>现在感觉还不错...我来到幼儿园之后就一直处于昏迷,但是一旦感受到焦脑电波,我就变得十分清醒...</text>
	</string>
	<string id="pri_a25_army_medic_start_dialog_12">
		<text>你好.</text>
	</string>
	<string id="pri_a25_army_medic_start_dialog_13">
		<text>现在的主要任务是到达直升机的降落地点.</text>
	</string>
	<string id="pri_a25_army_medic_supply_medicine_0">
		<text>我需要医疗补给.</text>
	</string>
	<string id="pri_a25_army_medic_supply_medicine_1">
		<text>我看看还有什么.这儿,给你...</text>
	</string>
	<string id="pri_a25_army_medic_supply_medicine_2">
		<text>对不起,我所剩无几了,所以我不能再给你了.</text>
	</string>
	<string id="pri_b305_strelok_about_base_0">
		<text>我们检测到了你的无线电信号.</text>
	</string>
	<string id="pri_b305_strelok_about_base_1">
		<text>是的.我认识一个叫做向导的潜行者.他告诉我如何通过地下通道来到这个地方.</text>
	</string>
	<string id="pri_b305_strelok_about_base_11">
		<text>向导是谁?</text>
	</string>
	<string id="pri_b305_strelok_about_base_111">
		<text>他是个传奇般的潜行者.据说他可以带你去到变异区的任何地方...很幸运,那些军队的家伙遇到了他.若非如此,他们早就死光了.</text>
	</string>
	<string id="pri_b305_strelok_about_base_12">
		<text>你是怎样知道军队在这里的?</text>
	</string>
	<string id="pri_b305_strelok_about_base_121">
		<text>向导告诉我的.是他把科瓦斯基上校和他的小队带到了这里.</text>
	</string>
	<string id="pri_b305_strelok_about_base_13">
		<text>明白了.</text>
	</string>
	<string id="pri_b305_strelok_about_information_0">
		<text>你想交给政府什么信息吗?</text>
	</string>
	<string id="pri_b305_strelok_about_information_1">
		<text>那就多了...我确信我所掌握的资料可以摧毁整个变异区.我原本以为我自己就能办到...但是后来我发现这远比我想象中的复杂.至少现在变异区的那个人无法再重新控制它了.等我们离开后我会解释所有的事情.</text>
	</string>
	<string id="pri_b305_strelok_about_station_0">
		<text>你在石棺里见到了什么?</text>
	</string>
	<string id="pri_b305_strelok_about_station_1">
		<text>黑石,许愿机,这都是假的,全是谎言,那只不过是一个能控制意志的机器...这一切的幕后主使一定还躲在某处...</text>
	</string>
	<string id="pri_b305_strelok_about_station_11">
		<text>你知道幕后主使是谁吗?</text>
	</string>
	<string id="pri_b305_strelok_about_station_111">
		<text>或许知道,或许不知道...我不知道该去相信什么...因为我知道的太多了.</text>
	</string>
	<string id="pri_b305_strelok_about_station_12">
		<text>谢谢,我知道的已经足够了.</text>
	</string>
	<string id="pri_b305_strelok_dialog_11">
		<text>我会告诉你们我所知道的一切.只要这些资料能够送到合适的人手上.</text>
	</string>
	<string id="pri_b305_strelok_note_0">
		<text>在这之前,我找到了你小组的一些藏匿物...</text>
	</string>
	<string id="pri_b305_strelok_note_1">
		<text>我想知道你是怎样找到这些东西的...里面应该有一些留言,你找到了吗?</text>
	</string>
	<string id="pri_b305_strelok_note_11">
		<text>是的,我找到了这三封信.</text>
	</string>
	<string id="pri_b305_strelok_note_111">
		<text>谢谢你...鬼魂和方是我的朋友...我们设法绕过焦脑器,到达了切尔诺贝利核电站.不幸的是,他们都死了.从中心区回来时我们分手了.因为我受了重伤,只能和医生待在沼泽里面.等我康复后,我再也没有见到他们...不久后我知道方被佣兵杀死了,鬼魂也因为太相信科学家的话也死了...不管怎样,这些都是过去的事情了...现在我知道我该做什么,我保证不会让我的朋友白白牺牲的.</text>
	</string>
	<string id="pri_b305_strelok_note_12">
		<text>是的,这是你给鬼魂的信.</text>
	</string>
	<string id="pri_b305_strelok_note_121">
		<text>谢谢你...鬼魂是我的朋友...我们设法绕过焦脑器,到达了切尔诺贝利核电站.不幸的是,他们都死了.从中心区回来时我们分手了.因为我受了重伤,只能和医生待在沼泽里面.等我康复后,我再也没有见到他们...不久后我知道方被佣兵杀死了,鬼魂也因为太相信科学家的话也死了...</text>
	</string>
	<string id="pri_b305_strelok_note_13">
		<text>是的,这是方给你的信.</text>
	</string>
	<string id="pri_b305_strelok_note_131">
		<text>谢谢你...方是我的朋友...我们设法绕过焦脑器,到达了切尔诺贝利核电站.不幸的是,他们都死了.从中心区回来时我们分手了.因为我受了重伤,只能和医生待在沼泽里面.等我康复后,我再也没有见到他们...不久后我知道方被佣兵杀死了,鬼魂也因为太相信科学家的话也死了...</text>
	</string>
	<string id="pri_b305_strelok_note_14">
		<text>是的,这是你给方的信.</text>
	</string>
	<string id="pri_b305_strelok_note_141">
		<text>谢谢你...方是我的朋友...我们设法绕过焦脑器,到达了切尔诺贝利核电站.不幸的是,他们都死了.从中心区回来时我们分手了.因为我受了重伤,只能和医生待在沼泽里面.等我康复后,我再也没有见到他们...不久后我知道方被佣兵杀死了,鬼魂也因为太相信科学家的话也死了...</text>
	</string>
	<string id="pri_b305_strelok_note_15">
		<text>是的,这是你给鬼魂的信和方给你的信.</text>
	</string>
	<string id="pri_b305_strelok_note_151">
		<text>谢谢你...鬼魂和方是我的朋友...我们设法绕过焦脑器,到达了切尔诺贝利核电站.不幸的是,他们都死了.从中心区回来时我们分手了.因为我受了重伤,只能和医生待在沼泽里面.等我康复后,我再也没有见到他们...不久后我知道方被佣兵杀死了,鬼魂也因为太相信科学家的话也死了...</text>
	</string>
	<string id="pri_b305_strelok_note_16">
		<text>是的,这是你给鬼魂的信,还有你给方的信.</text>
	</string>
	<string id="pri_b305_strelok_note_161">
		<text>谢谢你...鬼魂和方是我的朋友...我们设法绕过焦脑器,到达了切尔诺贝利核电站.不幸的是,他们都死了.从中心区回来时我们分手了.因为我受了重伤,只能和医生待在沼泽里面.等我康复后,我再也没有见到他们...不久后我知道方被佣兵杀死了,鬼魂也因为太相信科学家的话也死了...</text>
	</string>
	<string id="pri_b305_strelok_note_17">
		<text>是的,这是你给方的信和他给你的留言.</text>
	</string>
	<string id="pri_b305_strelok_note_171">
		<text>谢谢你...方是我的朋友...我们设法绕过焦脑器,到达了切尔诺贝利核电站.不幸的是,他们都死了.从中心区回来时我们分手了.因为我受了重伤,只能和医生待在沼泽里面.等我康复后,我再也没有见到他们...不久后我知道方被佣兵杀死了,鬼魂也因为太相信科学家的话也死了...</text>
	</string>
	<string id="pri_b305_strelok_note_18">
		<text>很抱歉,我没有带着那些信.</text>
	</string>
	<string id="pri_a25_army_medic_need_health_care_2">
		<text>让我检查一下...你有麻烦了,少校...我的意思是,你现在的身体状况连太空体能测试都能通过,你的身体强壮得和怪物一样!哈哈!</text>
	</string>
	<string id="pri_a17_military_recon_squad_ambush_dialog_21">
		<text>快点,少校.黑石士兵可不会等你.</text>
	</string>
	<string id="pri_a16_colonel_a21_about_sentry_start_0">
		<text>少校,我们和一个侦察兵失去了联系,他不久前离开了他的岗位.但是我们从杂货店收到了他发来的信号,无论我们如何呼叫,他都没有反应.鬼知道那里发生了什么.他可能吓坏了,直升机的坠毁对这孩子的影响很大.你能帮我调查一下这个信号的发送地点吗?</text>
	</string>
	<string id="pri_a16_colonel_a21_about_sentry_start_1">
		<text>我会的.</text>
	</string>
	<string id="pri_a16_colonel_a21_about_sentry_start_2">
		<text>我无能为力.</text>
	</string>
	<string id="pri_a16_military_colonel_a20_find_recon_squd_dialog_0">
		<text>少校,我们需要找到侦察兵.</text>
	</string>
	<string id="pri_a17_military_base_commander_actor_dialog_1_1">
		<text>我需要你和我的小队完成A17号任务,塔拉索夫上尉是小队队长.目标地点是一栋有通道相连的医院大楼.黑石士兵一般会出现在医院西侧的大楼.你们要在另一边设下埋伏.你们要找的那把枪应该在他们的头领身上.</text>
	</string>
	<string id="pri_a17_military_base_commander_actor_dialog_1_111">
		<text>他很可能是那支小队的队长.有人看见他对小队成员进行战斗布置讲话.注意小心点!没人知道他会做出什么事情来.</text>
	</string>
	<string id="pri_a17_military_base_commander_actor_dialog_1_12">
		<text>收到,上校.</text>
	</string>
	<string id="pri_a17_military_base_commander_task_dialog_0">
		<text>你好,我是科瓦斯基上校,这个小队的指挥官.</text>
	</string>
	<string id="pri_a17_military_base_commander_task_dialog_1">
		<text>我是Degtyarev少校,隶属USS.我授权调查坦途行动计划失败的原因.</text>
	</string>
	<string id="pri_a17_military_base_commander_task_dialog_11">
		<text>了解.少校,听着.我们的直升机已经全部坠毁,坦途行动计划失败了.在这次行动中,我们已经损失了一半的战士.而且现在和总部失去了联系.我和你一样也想知道坦途行动失败的原因.</text>
	</string>
	<string id="pri_a17_military_base_commander_task_dialog_111">
		<text>那你有什么头绪吗?</text>
	</string>
	<string id="pri_a17_military_base_commander_task_dialog_1111">
		<text>关于坠机我只知道一件事,我们的直升机是被一把极其强大的武器击落的.我们不知道那是什么武器.在我们第一次突击切尔诺贝利核电站的时候黑石就已经用它来对付我们了...我正计划缴获一把来研究研究.我的一个小分队已经追踪到一支携带这种武器的黑石小队,他们正等待我的信号开始行动.你想参加吗?</text>
	</string>
	<string id="pri_a17_military_base_commander_task_dialog_11111">
		<text>我同意,但条件是你得为我提供所有的信息,并且给我自由行动权.</text>
	</string>
	<string id="pri_a17_military_colonel_kovalski_a23_about_gauss_labx8_0">
		<text>我得到那把未知武器的信息了,那是把高斯枪.</text>
	</string>
	<string id="pri_a17_military_colonel_kovalski_a23_about_gauss_labx8_1">
		<text>喔!它是怎么工作的?它能把直升机击毁吗?</text>
	</string>
	<string id="pri_a17_military_colonel_kovalski_a23_about_gauss_labx8_11">
		<text>技术上可行的,按理说,那种高速度的子弹应该会在你的直升机上留下弹孔,可是我并没有发现.</text>
	</string>
	<string id="pri_a17_military_colonel_kovalski_a23_about_gauss_labx8_111">
		<text>该死...这真是太糟糕了.对此我真的一点线索都没有.我们什么都做不了,我只能呆坐在这该死的特异区中心等着总部的支援...算了,我也抱怨够了.让我们现在把注意力集中到我们能做的事情上来.谢谢你的情报,这次我们知道就算躲在掩体后面,也躲不过那种武器高速的子弹.再次谢谢你,少校.如果我得到什么新消息的话,我会联系你的.</text>
	</string>
	<string id="pri_a17_military_colonel_kovalski_a23_about_gauss_labx8_12">
		<text>技术上是可行的,但是刺鳐4号和5号是由于电子设备故障坠毁的.高速子弹不可能做到这一点.</text>
	</string>
	<string id="pri_a17_got_gauss_0">
		<text>行动进行得怎么样了?</text>
	</string>
	<string id="pri_a17_got_gauss_1">
		<text>莫洛佐夫高级中士被杀了.黑石组织牺牲了他们的一部分人把我们骗进了一个陷阱里面.</text>
	</string>
	<string id="pri_a17_got_gauss_11">
		<text>混蛋!他们不可能会知道我们的计划...我们又失去了一位最优秀的狙击手.无论如何,行动的结果怎么样?</text>
	</string>
	<string id="pri_a17_got_gauss_2">
		<text>我们失败了...黑石组织牺牲了他们的一部分人把我们骗进了一个陷阱里面.</text>
	</string>
	<string id="pri_a17_got_gauss_21">
		<text>混蛋!他们不可能会知道我们的计划...我们又失去了一些战士.无论如何,行动的结果怎么样?</text>
	</string>
	<string id="pri_a17_got_gauss_3">
		<text>小队成员全部阵亡了...黑石组织牺牲了他们的一部分人把我们骗进了一个陷阱里面.</text>
	</string>
	<string id="pri_a17_got_gauss_31">
		<text>混蛋!他们不可能会知道我们的计划...我们竟然又失去了塔拉索夫上尉和他的战士们.无论如何,行动的结果怎么样?</text>
	</string>
	<string id="pri_a17_got_gauss_4">
		<text>我得到了那把武器,但是它在战斗中完全损坏了.</text>
	</string>
	<string id="pri_a17_got_gauss_41">
		<text>那么我们就无法断定它是否能击毁直升机了.听好,少校:我要你和你认识的潜行者进行联系.他们以前很有可能遇到过这种武器,或许他们中还有人有能力修理它.你愿意帮我这个忙吗?</text>
	</string>
	<string id="pri_a17_got_gauss_411">
		<text>好的.</text>
	</string>
	<string id="pri_a17_got_gauss_4111">
		<text>好...哦,顺带一提.另一个潜行者从朱皮特来到了这里,如果你想的话,可以先和他谈一谈,.</text>
	</string>
	<string id="pri_a17_got_gauss_5">
		<text>我还在努力.</text>
	</string>
	<string id="pri_a17_got_gauss_51">
		<text>很好,少校.我们需要那种武器.我确信你也明白它对我们的重要性.</text>
	</string>
	<string id="pri_a17_got_gauss_511">
		<text>嗯.</text>
	</string>
	<string id="pri_a15_sokolov_evacuation_note_0">
		<text>我找到了你留沃尔克霍夫防空基地的笔记,给你.</text>
	</string>
	<string id="pri_a15_sokolov_evacuation_note_1">
		<text>听着,如果你在那看到...算了.我也不认为我们的人会在那个地方出现.如果你发现哪里有军队的人,请告诉我,好吗?先谢谢你了...</text>
	</string>
	<string id="pri_a25_army_medic_freezer_0">
		<text>少校...感谢上帝!我得救了!</text>
	</string>
	<string id="pri_a25_army_medic_freezer_1">
		<text>你是怎么跑到这里来的?</text>
	</string>
	<string id="pri_a25_army_medic_freezer_11">
		<text>呃...我忘了...我实在是吓坏了,我甚至不知道是什么使我如此害怕.我只是感觉我必须躲起来,马上躲起来!于是我马上跑了起来...我穿过街道,拐进了一个地方...然后我跳进这个洞里.却发现门从外面被锁上了.我真以为我要死在这里了...你是怎么找到我的?总之,我们先别管这个了.这个地方使我心里闷得慌...现在让我们马上离开这个鬼地方回营地去吧.</text>
	</string>
	<string id="pri_a25_army_medic_freezer_111">
		<text>让我们出发吧.</text>
	</string>
	<string id="pri_a25_army_medic_start_dialog_11">
		<text>你好.你需要治疗一下身体吗?虽然我不是医生,但是如果你受伤了,我可以帮你清除子弹,我还能缝合你的伤口.</text>
	</string>
	<string id="pri_a17_military_base_commander_actor_questions_dialog_0">
		<text>我需要你告诉我一些事情.</text>
	</string>
	<string id="pri_a17_military_base_commander_actor_questions_dialog_1">
		<text>你想知道什么?</text>
	</string>
	<string id="pri_a17_military_base_commander_actor_questions_dialog_11">
		<text>关于坦途行动...</text>
	</string>
	<string id="pri_a17_military_base_commander_actor_questions_dialog_111">
		<text>对此有什么疑问吗?</text>
	</string>
	<string id="pri_a17_military_base_commander_actor_questions_dialog_1111">
		<text>直升机在空中飞行时发生了什么不寻常的事情?</text>
	</string>
	<string id="pri_a17_military_base_commander_actor_questions_dialog_11111">
		<text>在直升机坠毁前一切都很正常.我们的行动一切按计划进行:直升机在电磁风暴来临前90秒起飞,然后激活保护系统并开启自动驾驶.我们沿着用变异区地图计算出的最短的安全路线飞行.虽然当时可见度几乎为0,但这不应该影响我们的任务,因为空中走廊是足够宽的.按照计划,我们应该在12分钟30秒内到达核电站.9分钟后我们和刺鳐4号失去了联系,然后其他飞机开始像苍蝇一样相继坠毁.</text>
	</string>
	<string id="pri_a17_military_base_commander_actor_questions_dialog_111111">
		<text>我对这个行动有更多的问题要问...</text>
	</string>
	<string id="pri_a17_military_base_commander_actor_questions_dialog_1112">
		<text>那些直升机发生了什么事?</text>
	</string>
	<string id="pri_a17_military_base_commander_actor_questions_dialog_11121">
		<text>我知道的不多.刺鳐2和4号的坠毁原因仍然是一个谜.我甚至不知道它们是在哪里坠毁的,也不知道飞机上的人到底遇到了什么事情.其他几架直升机活着的士兵倒带回了一些消息,但是不要指望能得到完整的信息.我们还有比这更重要的事情去做.</text>
	</string>
	<string id="pri_a17_military_base_commander_actor_questions_dialog_111211">
		<text>告诉我关于刺鳐1号的事.</text>
	</string>
	<string id="pri_a17_military_base_commander_actor_questions_dialog_11121111">
		<text>你是如何到这里的?</text>
	</string>
	<string id="pri_a17_military_base_commander_actor_questions_dialog_111211111">
		<text>我们在雷区附近遇到了一个潜行者.我想他一定是被地雷爆炸的声音吸引过来的.他是个奇怪的家伙...他自称向导.他没有问我们任何问题并承诺带我们去普里皮亚特.因为目的地正好是我们要去的地方,所以我就同意了.为了以防万一,我们把他控制在我们的视线里,但一切事情都进行得很顺利...在我们到达普里皮亚特城之前,他没有说过一句话,到了这里后他就一声不响地消失了.然后我命令我的人不要再找他了.</text>
	</string>
	<string id="pri_a17_military_base_commander_actor_questions_dialog_111212">
		<text>告诉我关于刺鳐3号的事.</text>
	</string>
	<string id="pri_a17_military_base_commander_actor_questions_dialog_1112121">
		<text>坠机的时候塔拉索夫上尉队长说直升机上的两个引擎都失灵了.他们不得不降落在B2坐标.幸运的是他们平稳地着陆,但因为他们遭到了史诺克的攻击,所以技术人员根本没有时间去查明故障,在战斗中,三名队员丢掉了生命.其他人决定尽快离开那里.他们联系到了刺鳐5号并且成功汇合了.在来这里的路上他们和一支装备精良的敌人打了起来,但是他们设法逃离了那里.</text>
	</string>
	<string id="pri_a17_military_base_commander_actor_questions_dialog_11121211">
		<text>他们是如何到达普里皮亚特的?</text>
	</string>
	<string id="pri_a17_military_base_commander_actor_questions_dialog_111212111">
		<text>刺鳐3号和5号的队员设法在坠毁点不远处的一艘破船附近见了面.他们告诉我说那里有个疯狂的傻瓜:当我的人试图抓住他的时候,他却反过来想抓住我们的人!你根本想不到,他只有一个人,却敢无视我们十一个人!不管怎样,遇到这个潜行者是他们的好运,后来我的队员成功和这名潜行者达成了协议.条件是让这个潜行者带他们安全抵达普里皮亚特.令人惊奇的是,他们几乎完好无损地到达了皮城.他们中唯一的受了伤的人是斯坦辛科中尉,那也只是在一个旋转变异点里失去了几个脚趾.</text>
	</string>
	<string id="pri_a17_military_base_commander_actor_questions_dialog_111213">
		<text>告诉我关于刺鳐5号的事.</text>
	</string>
	<string id="pri_a17_military_base_commander_actor_questions_dialog_1112131">
		<text>因为电子设备故障,刺鳐5号一头栽进了沼泽里.有5个人从坠机中幸存了下来.然后他们通过直升机上的装备与刺鳐3联系.在赶往汇合点的路上,小队队长尼波斯基少校死了.这个可怜的老家伙在雷达站附近被一只吸血怪杀死了...其他人则顺利逃脱.在到达普里皮亚特时他们还和黑石打了一仗,在这一次交火中我们失去了经验丰富的巴特伊中士,他是我们最好的狙击手之一.</text>
	</string>
	<string id="pri_a17_military_base_commander_actor_questions_dialog_11121311">
		<text>他们是如何到达普里皮亚特的?</text>
	</string>
	<string id="pri_a17_military_base_commander_actor_questions_dialog_111213111">
		<text>刺鳐3号和5号的队员设法在坠毁点不远处的一艘破船附近见了面.他们告诉我说那里有个疯狂的傻瓜:当我的人试图抓住他的时候,他却反过来想抓住我们的人!你根本想不到,他只有一个人,却敢无视我们十一个人!不管怎样,遇到这个潜行者是他们的好运,后来我的队员成功和这名潜行者达成了协议.条件是让这个潜行者带他们安全抵达普里皮亚特.令人惊奇的是,他们几乎完好无损地到达了皮城.他们中唯一的受了伤的人是斯坦辛科中尉,那也只是在一个旋转变异点里失去了几个脚趾.</text>
	</string>
	<string id="pri_a17_military_base_commander_actor_questions_dialog_11122">
		<text>我知道的不多.刺鳐2的坠毁原因仍然是一个谜.我甚至不知道它们是在哪里坠毁的,也不知道飞机上的人到底遇到了什么事情.关于刺鳐4号你知道的应该比我多.那个和你一起来的索科洛夫中尉是那架直升飞机唯一的幸存者.其他几架直升机活着的士兵倒带回了一些消息,但是不要指望能得到完整的信息.我们还有比这更重要的事情去做.</text>
	</string>
	<string id="pri_a17_military_base_commander_actor_questions_dialog_11123">
		<text>我知道的不多.刺鳐2的坠毁原因仍然是一个谜.我甚至不知道它们是在哪里坠毁的,也不知道飞机上的人到底遇到了什么事情.你可以自己去问索科洛夫中尉关于刺鳐4的事.他是那架直升飞机中唯一一个到达普里皮亚特的成员.其他几架直升机活着的士兵倒带回了一些消息,但是不要指望能得到完整的信息.我们还有比这更重要的事情去做.</text>
	</string>
	<string id="pri_a17_military_base_commander_actor_questions_dialog_1113">
		<text>我需要其他消息.</text>
	</string>
	<string id="pri_a17_military_base_commander_actor_questions_dialog_1114">
		<text>我没有别的问题了.</text>
	</string>
	<string id="pri_a17_military_base_commander_actor_questions_dialog_12">
		<text>现在普里皮亚特的形势如何?</text>
	</string>
	<string id="pri_a17_military_base_commander_actor_questions_dialog_121">
		<text>真是糟糕透了.普里皮亚特到处都是黑石的疯子和大批的僵尸.电磁风暴一次接一次的爆发,我们还要时刻小心那些变异怪物和变异点...欢迎来到地狱.</text>
	</string>
	<string id="pri_a17_military_base_commander_actor_questions_dialog_1211">
		<text>你是如何得到装备和日常用品的?</text>
	</string>
	<string id="pri_a17_military_base_commander_actor_questions_dialog_13">
		<text>告诉我有关黑石的事情.</text>
	</string>
	<string id="pri_a17_military_base_commander_actor_questions_dialog_131">
		<text>他们是十足的疯子.我不知道什么使他们如此狂热,他们总是在找我们开战.完全无视人员数量和装备上的劣势...还好他们在这一带十分罕见.看起来他们的援兵是从切尔诺贝利核电站来的.我们已经在他们的进攻中失去很多士兵...</text>
	</string>
	<string id="pri_a17_military_base_commander_actor_questions_dialog_1311">
		<text>你审问过他们吗?</text>
	</string>
	<string id="pri_a17_military_base_commander_actor_questions_dialog_13111">
		<text>这根本没用.首先,他们会一直战斗到死.我们的人曾成功用手榴弹炸伤了他们并捕获了一个活着的俘虏,但这一点用都没有.我们只是稍微走神几秒钟,他就狠狠地朝墙上撞过去,把脑袋撞得像鸡蛋一样开了花.</text>
	</string>
	<string id="pri_a17_military_base_commander_actor_questions_dialog_14">
		<text>你现在准备做什么?</text>
	</string>
	<string id="pri_a17_military_base_commander_actor_questions_dialog_141">
		<text>我认为继续进行坦途行动是不可能的了.你带来的消息更证实了这一点.我的计划是待在这里,直到援军出现.我有好几个可能的撤离计划.</text>
	</string>
	<string id="pri_a17_military_base_commander_actor_questions_dialog_1411">
		<text>在我们查明是什么使刺鳐坠毁之前,不会有援军的.</text>
	</string>
	<string id="pri_a17_military_base_commander_actor_questions_dialog_14111">
		<text>那这就是实际情况...我们不可能光靠双腿就能走到那里!天知道这有多远.而且变异区到处都是不友好的潜行者.看来我们唯一的选择就是靠我们自己完成这个调查,并保证我们不会在中途就挂掉.少校,我们的目标是相同的.</text>
	</string>
	<string id="pri_a17_military_base_commander_actor_questions_dialog_15">
		<text>现在没什么问题了.</text>
	</string>
	<string id="pri_a17_military_base_commander_start_0">
		<text>我正听着,少校.</text>
	</string>
	<string id="pri_a17_military_base_commander_actor_questions_dialog_12111">
		<text>我们仅有的装备是我们自己带过来的.对了,我们还设法抢获一些黑石的物资,主要是弹药.这意味着我们必须好好珍惜我们所有的物资.食物也是一样.我们所有的补给只有行军时带来的抗辐射药和一些从黑石仓库里抢得的食物.</text>
	</string>
	<string id="pri_a17_military_base_commander_actor_questions_dialog_12112">
		<text>我们仅有的装备是我们自己带过来的.对了,我们还设法抢获一些黑石的物资,主要是弹药.这意味着我们必须好好珍惜我们所有的物资.补给品也一样,最近我与加里做一笔交易,情况变得好多了.他提供给我们罐头食物,我们让他呆在基地里,允许他在其他地方寻找神器...除此之外我们别无他法.</text>
	</string>
	<string id="pri_a18_altar_destroyed_soldiers_start_11">
		<text>我们要为我们伙计们报仇...做完你应做的事,然后让我们一起回去.我可不喜欢在这里闲逛.</text>
	</string>
	<string id="pri_a18_altar_destroyed_soldiers_start_12">
		<text>我们不要再浪费时间了,好吗?我想尽快返回我们的大本营,越快越好...</text>
	</string>
	<string id="pri_a18_altar_destroyed_soldiers_start_111">
		<text>好吧.</text>
	</string>
	<string id="pri_a18_altar_destroyed_vano_start_11">
		<text>那里有个奇怪的东西!你猜它是用来干什么的?啊,别想那么多了.快点,伙计,赶紧办完你的事情,让我们一起返回大本营.</text>
	</string>
	<string id="pri_a18_altar_destroyed_vano_start_12">
		<text>完事了吗?我举双手赞成赶紧回基地去,然后好好吃点东西...</text>
	</string>
	<string id="pri_a18_altar_destroyed_vano_start_111">
		<text>好的.</text>
	</string>
	<string id="pri_a15_sokolov_pripyat_how_are_you_0">
		<text>你好吗?</text>
	</string>
	<string id="pri_a15_sokolov_pripyat_how_are_you_1">
		<text>糟糕极了.和你这种家伙在一起我感觉好多了,但和其他人在一起我就不会这么振作.</text>
	</string>
	<string id="pri_a15_sokolov_acquaintance_after_jorney_0">
		<text>在这之前我没有见过你.你是最近才到这的吗?</text>
	</string>
	<string id="pri_a15_sokolov_acquaintance_after_jorney_1">
		<text>是的.我是索科洛夫中尉,刺鳐4的副驾驶.</text>
	</string>
	<string id="pri_a15_sokolov_about_journey_0">
		<text>你是如何到达这里的?</text>
	</string>
	<string id="pri_a15_sokolov_about_journey_1">
		<text>我和一个叫做加里的潜行者来到这的.当他在寻找到普里皮亚特的路时,我就请他带上我.无论你相不相信,这真不是一次容易的旅途!当我刚到普里皮亚特我就迫不及待地跑向我侦察队的兄弟们.</text>
	</string>
	<string id="pri_a15_sokolov_helicopter_0">
		<text>刺鳐4号发生了什么事?</text>
	</string>
	<string id="pri_a15_sokolov_helicopter_1">
		<text>鬼才知道?对于这整次行动我一直有不好的预感...那时候我们正处于自动驾驶状态,一切都很顺利.突然一大片金属碎片飞了过来,一下子所有的电子系统都失灵了.我和飞行员尽力平稳着陆,但是我们失败了.我们的飞机砸向了朱皮特工厂的屋顶里...我是这次坠机中唯一活下来的人.</text>
	</string>
	<string id="pri_a22_army_signaller_supply_outfit_0">
		<text>我需要防弹衣.</text>
	</string>
	<string id="pri_a22_army_signaller_supply_outfit_1">
		<text>好的.首先这是头盔...然后这是防弹衣,我希望它能合你的身,我们没有其他尺寸的了.我修补了一下,它应该还能起点作用.</text>
	</string>
	<string id="pri_a17_military_base_commander_task_dialog_111111">
		<text>当然,少校...给据现在的情况,你没有其他的选择了...顺便一提,去见见基里洛夫中尉.他会给你一些装备的.</text>
	</string>
	<string id="pri_a17_military_base_commander_actor_questions_dialog_9">
		<text>有些直升机的事情我想问问...</text>
	</string>
	<string id="pri_a17_military_base_commander_actor_questions_dialog_91">
		<text>我听着.</text>
	</string>
	<string id="pri_a25_army_medic_start_dialog_14">
		<text>朋友,那太疯狂了...我想基里洛夫会受不了的,过会他就会向我要阿斯匹林了.</text>
	</string>
	<string id="pri_a17_military_colonel_kovalski_evacuation_start_21">
		<text>干等着是最糟糕的计划.它会不断的折磨你的心灵...</text>
	</string>
	<string id="pri_a17_military_colonel_kovalski_evacuation_start_1111">
		<text>好了,少校,我的伙计们都准备好了.如果你还有什么需要的话请尽快去找罗格维茨和基里洛夫.当你准备好了请马上来告诉我.</text>
	</string>
	<string id="pri_a17_military_colonel_kovalski_evacuation_start_11111">
		<text>好的.</text>
	</string>
	<string id="pri_a17_military_colonel_kovalski_evacuation_ready_11">
		<text>开始行动.</text>
	</string>
	<string id="pri_a15_sokolov_need_outfit_1">
		<text>为了以防万一我们需要一件"龟壳",就像科学家们穿的那种.我再提醒你一次,要求赫尔曼给我一套防护服可不是一件简单事情.我觉得与其让我从他的碉堡里拿走一点宝贵的衣服,他更愿意让我光着屁股跑到特异区里面去...我建议你问问奥泽斯基教授.他更友善一些,或许他会答应给我一套防护服.</text>
	</string>
	<string id="pri_a17_military_recon_squad_ambush_dialog_second_0">
		<text>事情怎么样了,少校?</text>
	</string>
	<string id="pri_a17_military_colonel_kovalski_evacuation_start_111">
		<text>[继续...]</text>
	</string>
	<string id="pri_a25_army_medic_need_health_care_11">
		<text>[继续...]</text>
	</string>
	<string id="pri_a17_military_base_commander_actor_questions_dialog_1112111">
		<text>我负责这件事.与刺鳐4号联络完毕后,我告诉了其他人我们在普里皮亚特的撤离点.我认为我们可以走着去核电站.直升机遭到攻击后我马上闻到了什么东西烧焦的味道——那是引擎着火了.飞行员成功使我们降落在了朱皮特工厂附近,但他们却在着陆时因为冲击过大死掉了.而后来在降落点附近的雷区我们又失去了史利亚琴中士...最近在从黑石手中保卫这栋建筑物时,我们又失去了一位资深的中士.</text>
	</string>
</string_table>
