﻿<?xml version="1.0" encoding="utf-8" ?>
<string_table>
	<string id="st_prop_bullet_speed">
		<text>弹道平直度</text>
	</string>
	<string id="st_prop_calibre">
		<text>口径</text>
	</string>
	<string id="st_prop_recoil">
		<text>后座力</text>
	</string>
	<string id="st_prop_reliability">
		<text>可靠性</text>
	</string>
	<string id="st_prop_scope_1.6x">
		<text>1.6倍反射式瞄准镜</text>
	</string>
	<string id="st_prop_scope_4x">
		<text>4倍光学瞄准镜</text>
	</string>
	<string id="st_prop_silencer">
		<text>消音器</text>
	</string>
	<string id="st_prop_underbarrel_slot">
		<text>枪管下方底座</text>
	</string>
	<string id="st_prop_weight">
		<text>重量</text>
	</string>
	<string id="st_up_add_a1_descr">
		<text>有外部螺纹可以安装消音器.</text>
	</string>
	<string id="st_up_add_a1_name">
		<text>安装消声器的螺纹</text>
	</string>
	<string id="st_up_add_a2_descr">
		<text>安装一个光学瞄准镜附件.</text>
	</string>
	<string id="st_up_add_a2_name">
		<text>安装光学瞄准镜底座</text>
	</string>
	<string id="st_up_add_a3_descr">
		<text>安装一个可附挂榴弹发射器的附件.</text>
	</string>
	<string id="st_up_add_a3_name">
		<text>安装枪挂式榴弹发射器</text>
	</string>
	<string id="st_up_add_a4_descr">
		<text>安装更大型的弹匣.</text>
	</string>
	<string id="st_up_add_a4_name">
		<text>增加弹匣容量</text>
	</string>
	<string id="st_up_add_b1_descr">
		<text>对武器的机械和自动化部分进行复杂而且综合的改造,这样就可以允许您在降低可靠性的同时改变它的口径.</text>
	</string>
	<string id="st_up_add_b1_name">
		<text>把口径改成5.45mm</text>
	</string>
	<string id="st_up_add_b2_descr">
		<text>对武器的机械和自动化部分进行复杂而且综合的改造,这样就可以允许您在降低可靠性的同时改变它的口径.</text>
	</string>
	<string id="st_up_add_b2_name">
		<text>把口径改成5.56mm</text>
	</string>
	<string id="st_up_add_b3_descr">
		<text>对武器的机械和自动化部分进行复杂而且综合的改造,这样就可以允许您在降低可靠性的同时改变它的口径.</text>
	</string>
	<string id="st_up_add_b3_name">
		<text>把口径改成9x18mm</text>
	</string>
	<string id="st_up_add_b4_descr">
		<text>对武器的机械和自动化部分进行复杂而且综合的改造,这样就可以允许您在降低可靠性的同时改变它的口径.</text>
	</string>
	<string id="st_up_add_b4_name">
		<text>把口径改成9x19mm</text>
	</string>
	<string id="st_up_addd_a1_descr">
		<text>在不增加武器长度的情况下增加弹夹载弹量.</text>
	</string>
	<string id="st_up_addd_a1_name">
		<text>增加弹匣载弹量</text>
	</string>
	<string id="st_up_addh_a1_descr">
		<text>一个更轻、容量更高的聚碳酸酯弹匣,可以抵消一些增加的重量.</text>
	</string>
	<string id="st_up_addh_a1_name">
		<text>增加弹匣载弹量</text>
	</string>
	<string id="st_up_arm_a1_descr">
		<text>增加大量的钛板以提高护甲的耐久性.</text>
	</string>
	<string id="st_up_arm_a1_name">
		<text>外加铝板和钛板</text>
	</string>
	<string id="st_up_arm_a2_descr">
		<text>加筋板的使用寿命更长,但不耐用.</text>
	</string>
	<string id="st_up_arm_a2_name">
		<text>凯夫拉防弹板</text>
	</string>
	<string id="st_up_arm_a3_descr">
		<text>铝钛合金可以减少纯钛制的个人防具的重量.</text>
	</string>
	<string id="st_up_arm_a3_name">
		<text>铝钛合金板</text>
	</string>
	<string id="st_up_arm_a4_descr">
		<text>钛对于个人防具来说太重了,但是有时会用于外骨骼.</text>
	</string>
	<string id="st_up_arm_a4_name">
		<text>可靠的钛部件</text>
	</string>
	<string id="st_up_arm_a5_descr">
		<text>用碳纤维取代金属在,减少护甲重量的同时又不牺牲可靠性.</text>
	</string>
	<string id="st_up_arm_a5_name">
		<text>用碳纤维来取代护甲的金属部分</text>
	</string>
	<string id="st_up_arm_a6_descr">
		<text>凯夫拉纤维是最常用的的护甲材料之一.</text>
	</string>
	<string id="st_up_arm_a6_name">
		<text>凯夫拉防弹板</text>
	</string>
	<string id="st_up_arm_a7_descr">
		<text>聚碳酸酯是有能力抵御手枪子弹,并且轻得像塑料.</text>
	</string>
	<string id="st_up_arm_a7_name">
		<text>聚碳酸酯防弹板</text>
	</string>
	<string id="st_up_arm_a8_descr">
		<text>陶瓷防弹板的寿命不太长,但是抵抗子弹冲击却比凯夫拉要好.</text>
	</string>
	<string id="st_up_arm_a8_name">
		<text>安装陶瓷防弹板</text>
	</string>
	<string id="st_up_arm_a9_descr">
		<text>把一些简单的钢板缝进强盗风衣里.</text>
	</string>
	<string id="st_up_arm_a9_name">
		<text>钢板</text>
	</string>
	<string id="st_up_arm_b1_descr">
		<text>陶瓷外层可以使穿透的子弹转向一定角度,还可以瞬间吸收穿透子弹的冲击力.</text>
	</string>
	<string id="st_up_arm_b1_name">
		<text>外覆陶瓷防弹衣</text>
	</string>
	<string id="st_up_arm_b2_descr">
		<text>安装内层护甲以防外层损坏.</text>
	</string>
	<string id="st_up_arm_b2_name">
		<text>双层保护板</text>
	</string>
	<string id="st_up_arm_b3_descr">
		<text>拥有能使大部分子弹冲击力分散内置防弹层的护甲.</text>
	</string>
	<string id="st_up_arm_b3_name">
		<text>安装抗力部分</text>
	</string>
	<string id="st_up_arm_b4_descr">
		<text>当外层装甲损坏内层结构能抵抗手枪子弹.</text>
	</string>
	<string id="st_up_arm_b4_name">
		<text>安装披甲内层</text>
	</string>
	<string id="st_up_arm_b5_descr">
		<text>给护甲增加一层抗磨油漆,以增加抗磨性.</text>
	</string>
	<string id="st_up_arm_b5_name">
		<text>分段保护</text>
	</string>
	<string id="st_up_arm_b6_descr">
		<text>更多的防弹板并不意味着更好的保护性能,但是它们保证了耐久性.</text>
	</string>
	<string id="st_up_arm_b6_name">
		<text>一个第二,备用层</text>
	</string>
	<string id="st_up_arm_b7_descr">
		<text>可移动防弹板能保护关节部分免受枪伤.</text>
	</string>
	<string id="st_up_arm_b7_name">
		<text>为关节部分安装可移动式保护层</text>
	</string>
	<string id="st_up_arm_b8_descr">
		<text>一个更轻的铝制框架,用来代替钢制框架.</text>
	</string>
	<string id="st_up_arm_b8_name">
		<text>一个更轻的铝制框架</text>
	</string>
	<string id="st_up_arm_b9_descr">
		<text>用增厚的镶嵌块来减少透过防弹衣的子弹冲击力.</text>
	</string>
	<string id="st_up_arm_b9_name">
		<text>镶嵌增厚的皮革</text>
	</string>
	<string id="st_up_arm_c10_descr">
		<text>增加硅化陶瓷层.</text>
	</string>
	<string id="st_up_arm_c10_name">
		<text>增强型陶瓷防弹板</text>
	</string>
	<string id="st_up_arm_c11_descr">
		<text>用更轻的材料来减轻防弹衣的重量.</text>
	</string>
	<string id="st_up_arm_c11_name">
		<text>安装更轻的合成纤维和聚合物部件</text>
	</string>
	<string id="st_up_arm_c12_descr">
		<text>虽然结实的钛板对于一个步兵来说太重,以致成为累赘,但是,外骨骼能用它那强大的伺服电机轻松解决搞定这些重量.</text>
	</string>
	<string id="st_up_arm_c12_name">
		<text>钛制护胸</text>
	</string>
	<string id="st_up_arm_c13_descr">
		<text>SBK-RKhZ.m.II——一个特殊的放射元素保护战斗服,二型.</text>
	</string>
	<string id="st_up_arm_c13_name">
		<text>SBK-RKhZ.m.II密封的放射性元素保护服</text>
	</string>
	<string id="st_up_arm_c1_descr">
		<text>这个耗费了大量人力物力的改进并不是很受欢迎,尽管它因能拯救生命而被大家众所周知.</text>
	</string>
	<string id="st_up_arm_c1_name">
		<text>内嵌式锁子甲衬衣</text>
	</string>
	<string id="st_up_arm_c2_descr">
		<text>由陶瓷板构成的鳞片甲可以避免穿着者被击中同一地方两次.</text>
	</string>
	<string id="st_up_arm_c2_name">
		<text>修改成偏斜的陶瓷鳞片甲</text>
	</string>
	<string id="st_up_arm_c3_descr">
		<text>一旦经过这样极有效的处理后,这件衣服就变得刀枪不入,而且不会撕裂.</text>
	</string>
	<string id="st_up_arm_c3_name">
		<text>加入极有效的支撑聚合物</text>
	</string>
	<string id="st_up_arm_c4_descr">
		<text>陶瓷能吸收子弹的冲击力还能使子弹偏转、碎裂并且弹开.</text>
	</string>
	<string id="st_up_arm_c4_name">
		<text>在防弹板外涂上一层陶瓷</text>
	</string>
	<string id="st_up_arm_c5_descr">
		<text>用加强型铍模块来代替铝,这是种方式能提供最可靠的单兵保护.</text>
	</string>
	<string id="st_up_arm_c6_descr">
		<text>陶瓷能吸收子弹的冲击力还能使子弹偏转、碎裂并且弹开.</text>
	</string>
	<string id="st_up_arm_c6_name">
		<text>防弹板外层陶瓷</text>
	</string>
	<string id="st_up_arm_c7_descr">
		<text>碳纤维是最耐用而且最抗磨的材料之一,它甚至被用在航空工业.</text>
	</string>
	<string id="st_up_arm_c8_descr">
		<text>组合型多层聚合物和陶瓷涂层.</text>
	</string>
	<string id="st_up_arm_c8_name">
		<text>外层保护组合板</text>
	</string>
	<string id="st_up_arm_c9_descr">
		<text>最新的国内个人防护领域发明——能自我修复的人工蓝宝石.</text>
	</string>
	<string id="st_up_autd_a1_descr">
		<text>可调部件允许武器能在长时间使用后不卡弹.</text>
	</string>
	<string id="st_up_autd_a1_name">
		<text>组件调整</text>
	</string>
	<string id="st_up_autd_a2_descr">
		<text>塑料部件的流行不仅非常见效,而且在改造中十分流行.</text>
	</string>
	<string id="st_up_autd_a2_name">
		<text>聚合物部件</text>
	</string>
	<string id="st_up_autd_b1_descr">
		<text>一种低后座力的击发系统,能确保比旧的版本更低后座力.</text>
	</string>
	<string id="st_up_autd_b1_name">
		<text>低后座力的击发系统</text>
	</string>
	<string id="st_up_autd_b2_descr">
		<text>由于子弹在一个稳固的部分击发,开火时子弹飞出去的时候能保持水平并飞向目标.</text>
	</string>
	<string id="st_up_autd_b2_name">
		<text>安装子弹固定单元</text>
	</string>
	<string id="st_up_autd_b3_descr">
		<text>经常会用在武器上的滚轴式枪机闭锁系统,能降低后座力并且降低连续射击时对精确度的影响.</text>
	</string>
	<string id="st_up_autd_b3_name">
		<text>带半自由枪栓的滚轴式枪机闭锁系统</text>
	</string>
	<string id="st_up_autd_b4_descr">
		<text>安装附加型的高压气筒可以减少武器的负荷,因此武器射击速度得到大大的提高.</text>
	</string>
	<string id="st_up_autd_b4_name">
		<text>安装附加型的高压气筒</text>
	</string>
	<string id="st_up_autd_b5_descr">
		<text>气动引擎可以使泵动霰弹枪进行半自动射击.</text>
	</string>
	<string id="st_up_autd_b5_name">
		<text>安装气动引擎</text>
	</string>
	<string id="st_up_autd_c1_descr">
		<text>保护性喷涂使原来会因为机件故障造成的哑弹变成不可能.</text>
	</string>
	<string id="st_up_autd_c1_name">
		<text>组件保护性喷涂</text>
	</string>
	<string id="st_up_autd_c2_descr">
		<text>开火后,其中一个组件会打开枪管上一个气孔,然后再通过一个纵向滑动的前握把作出运动来完成闭锁动作</text>
	</string>
	<string id="st_up_autd_c2_name">
		<text>枪管闭锁系统</text>
	</string>
	<string id="st_up_autd_c3_descr">
		<text>安装惯性后座系统能使泵动的军用霰弹枪被修改成半自动击发.</text>
	</string>
	<string id="st_up_autd_c3_name">
		<text>安装惯性后坐系统</text>
	</string>
	<string id="st_up_autd_c4_descr">
		<text>联合型反作用力单元最好的减少后座力的科技之一.</text>
	</string>
	<string id="st_up_autd_c4_name">
		<text>联合型反作用力单元</text>
	</string>
	<string id="st_up_autd_c5_descr">
		<text>自动传动杆能提高武器的精确度.</text>
	</string>
	<string id="st_up_autd_c5_name">
		<text>安装自动传动杆</text>
	</string>
	<string id="st_up_auth_a1_descr">
		<text>一种活动式的滑架反冲装置,可以缓冲掉部分后坐力.</text>
	</string>
	<string id="st_up_auth_a1_name">
		<text>附加活动重锤</text>
	</string>
	<string id="st_up_auth_b1_descr">
		<text>安装附加的滚动零件来减少后座力.</text>
	</string>
	<string id="st_up_auth_b1_name">
		<text>安装一个反作用滚轴加强系统</text>
	</string>
	<string id="st_up_auth_c1_descr">
		<text>一个更适合这个武器的枪栓构件,从而提高武器射速.</text>
	</string>
	<string id="st_up_auth_c1_name">
		<text>开放型枪栓射击系统</text>
	</string>
	<string id="st_up_auth_c2_descr">
		<text>当武器射击的时候,枪栓结构会向反方向快速移动来缓冲后坐,它可以让射手用机枪射击时感到更舒适.</text>
	</string>
	<string id="st_up_auth_c2_name">
		<text>安装一个反冲力自行调节</text>
	</string>
	<string id="st_up_auto_a1_descr">
		<text>给缓冲装置安装一个附加的后坐力接收构件以减少武器的后坐力.</text>
	</string>
	<string id="st_up_auto_a1_name">
		<text>增加可移动的配重</text>
	</string>
	<string id="st_up_auto_a2_descr">
		<text>一种聚合物构件,不仅时尚而且重量也轻,同时它也是一个相当热门的升级项目.</text>
	</string>
	<string id="st_up_auto_a2_name">
		<text>抗冲击型自动化聚合物元件</text>
	</string>
	<string id="st_up_auto_b1_descr">
		<text>安装一种用来保护武器不受污垢影响的特殊部件.</text>
	</string>
	<string id="st_up_auto_b1_name">
		<text>全自动双位气体减压器</text>
	</string>
	<string id="st_up_auto_b2_descr">
		<text>一种特殊密封组件,当射击的同时它会用特殊方式密封住枪管.</text>
	</string>
	<string id="st_up_auto_b2_name">
		<text>安装一种枪管密闭装置</text>
	</string>
	<string id="st_up_auto_b3_descr">
		<text>用以实现齿轮同步的好办法,用以增加弹道平直度.</text>
	</string>
	<string id="st_up_auto_b3_name">
		<text>罗德运动同步</text>
	</string>
	<string id="st_up_auto_b4_descr">
		<text>在缓冲器的背面安装一个组件来降低枪栓的速度.安装此装置的目的是为了提高武器开火的针对性.</text>
	</string>
	<string id="st_up_auto_b4_name">
		<text>惯性延迟装置</text>
	</string>
	<string id="st_up_auto_c1_descr">
		<text>一种安装在枪栓结构上的特殊组件,用来减缓枪栓的运动并且减少后坐力.</text>
	</string>
	<string id="st_up_auto_c1_name">
		<text>附加型反冲减速装置</text>
	</string>
	<string id="st_up_auto_c2_descr">
		<text>综合改善武器的各个性能,考虑到改装后武器的重量会大大的增加,此升级只用于狙击步枪.</text>
	</string>
	<string id="st_up_auto_c2_name">
		<text>内置反冲式减震系统</text>
	</string>
	<string id="st_up_auto_c3_descr">
		<text>在枪机内安装一种移动型部件用来增加弹药的进给速度和武器的射速.</text>
	</string>
	<string id="st_up_auto_c3_name">
		<text>弹药惯性自动装填</text>
	</string>
	<string id="st_up_auto_c4_descr">
		<text>升级武器的自动化组件,这需要替换掉一些原来的部件.提高武器精确度.</text>
	</string>
	<string id="st_up_auto_c4_name">
		<text>平直弹着点系统</text>
	</string>
	<string id="st_up_auto_c5_descr">
		<text>在枪栓运动区域的前部一种瞬间合成的组件,这能显著的提高武器的射击精度.</text>
	</string>
	<string id="st_up_auto_c5_name">
		<text>附加型停止装置</text>
	</string>
	<string id="st_up_auto_c6_descr">
		<text>如果枪管作出异常动作它会立即的修复相应的位置,附加的补偿孔会立即打开.</text>
	</string>
	<string id="st_up_auto_c6_name">
		<text>安装一个"智能补偿器"装置</text>
	</string>
	<string id="st_up_auts_a1_descr">
		<text>一种现代化的扳机组件,能让枪机运动更顺利,这对狙击手来说非常的重要.</text>
	</string>
	<string id="st_up_auts_a1_name">
		<text>安装一种扳机释放力度调节装置</text>
	</string>
	<string id="st_up_auts_a2_descr">
		<text>该装置可以让射手射击时承受的扳机扣力降低,能够有效的提高武器的射击精度.</text>
	</string>
	<string id="st_up_auts_a2_name">
		<text>安装扳机预警装置</text>
	</string>
	<string id="st_up_auts_b1_descr">
		<text>它常用于西方武器,闭锁式系统用来减缓后坐力并且能提高武器的集弹性.</text>
	</string>
	<string id="st_up_auts_b1_name">
		<text>活动式枪栓滚轴系统</text>
	</string>
	<string id="st_up_auts_b2_descr">
		<text>一种特殊的装置,它能汲取掉很多射击中对武器的影响,这使得射手在射击时更加的舒适.</text>
	</string>
	<string id="st_up_auts_b2_name">
		<text>射击减震系统</text>
	</string>
	<string id="st_up_auts_b3_descr">
		<text>由于狙击步枪的维修和保养费用比常规武器都要高,它可以升级三位气体调节装置.</text>
	</string>
	<string id="st_up_auts_b3_name">
		<text>安装一种自动化的三位气体调节装置</text>
	</string>
	<string id="st_up_auts_c1_descr">
		<text>防止溅射型能量分散,这能增加子弹头的冲击力.</text>
	</string>
	<string id="st_up_auts_c1_name">
		<text>使用自动化的溅射调节装置</text>
	</string>
	<string id="st_up_auts_c2_descr">
		<text>安装这样一个长行程的扳机组件就可以让狙击步枪全自动射击.</text>
	</string>
	<string id="st_up_auts_c2_name">
		<text>安装一个长行程扳机系统</text>
	</string>
	<string id="st_up_auts_c3_descr">
		<text>一种会影响到反作用装置的停止组件,能够提高射击精度.</text>
	</string>
	<string id="st_up_auts_c3_name">
		<text>安装一个停止装置</text>
	</string>
	<string id="st_up_bar_a1_descr">
		<text>换上一个较长的枪管可以提高射击精确度和弹道平直度.</text>
	</string>
	<string id="st_up_bar_a1_name">
		<text>加长型枪管</text>
	</string>
	<string id="st_up_bar_a2_descr">
		<text>改进型短导气管和增长型枪管,并且改进了包裹枪管的护木用以增加射击精确度</text>
	</string>
	<string id="st_up_bar_a2_name">
		<text>安装一个"自由浮置"式枪管</text>
	</string>
	<string id="st_up_bar_a3_descr">
		<text>这项改装是为了减少因为武器过高的射速而对枪管造成的伤害.</text>
	</string>
	<string id="st_up_bar_a3_name">
		<text>安装一个枪管散热装置</text>
	</string>
	<string id="st_up_bar_b1_descr">
		<text>换上一个更先进的枪口制退器以降低武器的后坐力</text>
	</string>
	<string id="st_up_bar_b1_name">
		<text>改进型枪口制退器</text>
	</string>
	<string id="st_up_bar_b2_descr">
		<text>安装一个附加的膛线用来提高弹头的初速和武器的精确度,但是这项升级将会导致武器的后坐力大大的增加.</text>
	</string>
	<string id="st_up_bar_b2_name">
		<text>在枪管里安装附加膛线</text>
	</string>
	<string id="st_up_bar_b3_descr">
		<text>这个膛线简化型枪管是为了增加枪械在近距离作战时的杀伤力,因此不适合进行远距离精确射击使用.因为简化掉了枪管里应有的一部分膛线,所以武器的射速也有所提高.</text>
	</string>
	<string id="st_up_bar_b3_name">
		<text>安装一个膛线简化型枪管</text>
	</string>
	<string id="st_up_bar_c1_descr">
		<text>多边形膛线通常都是用以提高武器的精确度.</text>
	</string>
	<string id="st_up_bar_c1_name">
		<text>安装一个多边形膛线型的枪管</text>
	</string>
	<string id="st_up_bar_c2_descr">
		<text>此项升级可以减少枪管的热量聚集性并且能提高射速.</text>
	</string>
	<string id="st_up_bar_c2_name">
		<text>安装一个具有正弦曲线型膛线的枪管</text>
	</string>
	<string id="st_up_bar_c3_descr">
		<text>一种可以提高武器的弹道平直度和精确度的特殊型枪管配件.</text>
	</string>
	<string id="st_up_bar_c3_name">
		<text>高精度狙击型枪管</text>
	</string>
	<string id="st_up_bard_a1_descr">
		<text>高耐久性合金材料制作的枪管,可以减缓武器的磨损.</text>
	</string>
	<string id="st_up_bard_a1_name">
		<text>高耐久合金枪管</text>
	</string>
	<string id="st_up_bard_b1_descr">
		<text>能够有效的保护枪管的内表面,并且能自行修复其内表面的机械损伤.</text>
	</string>
	<string id="st_up_bard_b1_name">
		<text>自行修复型枪管</text>
	</string>
	<string id="st_up_bard_b2_descr">
		<text>内壁整体涂层型枪管它能够显著的提高武器的集弹性.</text>
	</string>
	<string id="st_up_bard_b2_name">
		<text>枪管内壁涂层</text>
	</string>
	<string id="st_up_bard_b3_descr">
		<text>替换一个更长的枪管用于提高弹道平直度.</text>
	</string>
	<string id="st_up_bard_b3_name">
		<text>加长型枪管</text>
	</string>
	<string id="st_up_bard_b4_descr">
		<text>采用纵向导气管可以有效的防止因为枪管和枪机内堆积过多的火药残渣而导致的子弹卡壳,而且同时它也能降低部分后坐力.</text>
	</string>
	<string id="st_up_bard_b4_name">
		<text>纵向导气管</text>
	</string>
	<string id="st_up_bard_b5_descr">
		<text>替换一个更长的枪管用于提高弹道平直度.</text>
	</string>
	<string id="st_up_bard_b5_name">
		<text>加长型枪管</text>
	</string>
	<string id="st_up_bard_b6_descr">
		<text>这些涂层能够防止枪管在射击时发生过热现象,它不仅能够修复制造过程中留下的缺陷而且能够大大的增加枪管的使用寿命.</text>
	</string>
	<string id="st_up_bard_b6_name">
		<text>用以保护枪管的内部保护性涂层</text>
	</string>
	<string id="st_up_bard_c1_descr">
		<text>枪机平衡系统包括几个运动活塞,它能使武器在瞄准射击时有更好的稳定性.</text>
	</string>
	<string id="st_up_bard_c1_name">
		<text>枪机平衡系统</text>
	</string>
	<string id="st_up_bard_c2_descr">
		<text>线膛枪管型武器的射速多多少少都会受到膛线的影响,但是精确度弥补了这个缺陷.</text>
	</string>
	<string id="st_up_bard_c2_name">
		<text>线膛型枪管</text>
	</string>
	<string id="st_up_bard_c3_descr">
		<text>聚合物材料能够大大的增加枪管内的膛压,从而提高弹头的初速.</text>
	</string>
	<string id="st_up_bard_c3_name">
		<text>动能型枪管增强装置</text>
	</string>
	<string id="st_up_bard_c4_descr">
		<text>圆柱形枪管能够在不影响武器射速的情况下有效的提高武器的精确度.</text>
	</string>
	<string id="st_up_bard_c4_name">
		<text>圆柱形枪管</text>
	</string>
	<string id="st_up_bard_c5_descr">
		<text>当武器射击的时候,这种膛口装置会自动调节火药反冲力的方向,由此而降低武器的后坐力.</text>
	</string>
	<string id="st_up_bard_c5_name">
		<text>安装枪口制退器</text>
	</string>
	<string id="st_up_barp_a1_descr">
		<text>换上一个较长的枪管可以提高射击精确度和弹道平直度,但是会降低武器的射速.</text>
	</string>
	<string id="st_up_barp_a1_name">
		<text>加长型枪管</text>
	</string>
	<string id="st_up_barp_a2_descr">
		<text>枪管穿孔是一种比较特殊的降低后坐力的方式,它能让火药燃气从那个特殊气孔里排出.</text>
	</string>
	<string id="st_up_barp_a2_name">
		<text>枪管穿孔</text>
	</string>
	<string id="st_up_barp_a3_descr">
		<text>一种技术含量非常高的缩短型枪管,它能有效的提高武器的射速,并且对弹道平直度和精确度没有丝毫的影响.</text>
	</string>
	<string id="st_up_barp_a3_name">
		<text>缩短型枪管</text>
	</string>
	<string id="st_up_barp_b1_descr">
		<text>在枪管内表面镀一层铬能够有效的提高枪管的使用寿命.</text>
	</string>
	<string id="st_up_barp_b1_name">
		<text>枪管内壁镀铬</text>
	</string>
	<string id="st_up_barp_b2_descr">
		<text>橡胶隔膜可以缓冲一部分后坐力.</text>
	</string>
	<string id="st_up_barp_b2_name">
		<text>附加橡胶隔膜.</text>
	</string>
	<string id="st_up_barp_b3_descr">
		<text>这种简化型膛线枪管在近距离作战时效果非常的棒,它的侧重点是武器的射速,而不是精确度.</text>
	</string>
	<string id="st_up_barp_b3_name">
		<text>安装一个简化膛线型枪管</text>
	</string>
	<string id="st_up_barp_b4_descr">
		<text>安装一个带有附加膛线的枪管,这样能提高弹头的初速和武器的精确度,但是后坐力会大大的增加.</text>
	</string>
	<string id="st_up_barp_b4_name">
		<text>安装带有附加膛线的枪管</text>
	</string>
	<string id="st_up_barp_b5_descr">
		<text>安装枪口制退器可以大大的减少枪械的后坐力</text>
	</string>
	<string id="st_up_barp_b5_name">
		<text>枪口制退器/消焰器</text>
	</string>
	<string id="st_up_barp_c1_descr">
		<text>正弦膛线型枪管可以让枪管在射击时降低其热量聚集性并且对弹道平直度没有丝毫的影响.</text>
	</string>
	<string id="st_up_barp_c1_name">
		<text>正弦膛线型枪管</text>
	</string>
	<string id="st_up_barp_c2_descr">
		<text>多边形膛线通常都可以大大的提高狙击步枪的射击精度.</text>
	</string>
	<string id="st_up_barp_c2_name">
		<text>安装一个多边形膛线型枪管</text>
	</string>
	<string id="st_up_barp_c3_descr">
		<text>气动复进器可以利用部分后坐力来提高膛压,来增加弹头初速.</text>
	</string>
	<string id="st_up_barp_c3_name">
		<text>气动复进增压装置</text>
	</string>
	<string id="st_up_exo_a1_descr">
		<text>附加的电动型制动装置可以提高使用者的最大荷载量.</text>
	</string>
	<string id="st_up_exo_a1_name">
		<text>附加电动制动器</text>
	</string>
	<string id="st_up_exo_b1_descr">
		<text>一种自由团的技术人员研制的,用碳纤维取代金属材料来改进第一代外骨骼,以降低其巨大的重量.</text>
	</string>
	<string id="st_up_exo_b1_name">
		<text>用碳纤维来取代金属部件</text>
	</string>
	<string id="st_up_exo_b2_descr">
		<text>在外骨骼的关键部位加装保护型装甲板可以有效的防御敌方的精确火力打击.</text>
	</string>
	<string id="st_up_exo_b2_name">
		<text>装甲驱动保护装置</text>
	</string>
	<string id="st_up_exo_c1_descr">
		<text>这种简单运动辅助系统是采用强化型弹簧和加强型链条连接关节部位,它可以让穿戴着在运动的时候降低体能的消耗.</text>
	</string>
	<string id="st_up_exo_c1_name">
		<text>运动辅助系统</text>
	</string>
	<string id="st_up_exo_c2_descr">
		<text>第四代外骨骼和第三代的主要区别是它安装有一个液压助推传动器.它可以让穿戴者在装备上外骨骼的情况下进行奔跑.</text>
	</string>
	<string id="st_up_exo_c2_name">
		<text>安装液压助推传动装置</text>
	</string>
	<string id="st_up_kom_a1_descr">
		<text>将防具的内衬面料加厚可以让穿戴着在与硬物碰撞的时候保护其软组织不受损失.</text>
	</string>
	<string id="st_up_kom_a1_name">
		<text>面料织物减震内衬层</text>
	</string>
	<string id="st_up_kom_a2_descr">
		<text>硅胶加强内衬在缓冲撞击力方面比普通的橡胶更优秀,它可以给穿戴着提供更好的保护性.</text>
	</string>
	<string id="st_up_kom_a2_name">
		<text>加强型硅胶减震内衬层</text>
	</string>
	<string id="st_up_kom_a3_descr">
		<text>将护甲防具内的织物,防弹板和加强涂层内衬等替换为更轻便的聚合物材料,以降低护甲防具的重量.</text>
	</string>
	<string id="st_up_kom_a3_name">
		<text>高分子聚合物材料</text>
	</string>
	<string id="st_up_kom_a4_descr">
		<text>橡胶内衬可以降低由于硬物冲撞造成的人体软组织损失.</text>
	</string>
	<string id="st_up_kom_a4_name">
		<text>橡胶减震内衬层</text>
	</string>
	<string id="st_up_kom_a5_descr">
		<text>当防具的外层主体结构受到损失时,该内衬垫层会起到保护作用.</text>
	</string>
	<string id="st_up_kom_a6_descr">
		<text>当主装甲被击穿时,内部还有多层聚酯保护层,硅胶内衬和碳纤维保护层</text>
	</string>
	<string id="st_up_kom_a6_name">
		<text>高分子聚合物保护内衬层</text>
	</string>
	<string id="st_up_kom_a7_descr">
		<text>自由团潜行者的封闭式紧身防具,一般都是在变异区里探寻神器时专用.</text>
	</string>
	<string id="st_up_kom_a7_name">
		<text>特异点封闭式紧身防护服</text>
	</string>
	<string id="st_up_kom_a8_descr">
		<text>在外层主护甲破损的情况下,内部的聚合物合成材料密封内衬还可以起到保护作用.</text>
	</string>
	<string id="st_up_kom_a8_name">
		<text>聚合物合成材料内衬</text>
	</string>
	<string id="st_up_kom_b10_descr">
		<text>一种非常符合人体工程学的可调整型高灵活型橡胶构紧身服,即使穿着笨重的盔甲防具它也丝毫不会影响穿戴者的灵活性.</text>
	</string>
	<string id="st_up_kom_b10_name">
		<text>高灵活性橡胶紧身服</text>
	</string>
	<string id="st_up_kom_b11_descr">
		<text>康铜合金材料完全不导电而且它的熔点非常的高.</text>
	</string>
	<string id="st_up_kom_b11_name">
		<text>康铜合金热绝缘内衬层</text>
	</string>
	<string id="st_up_kom_b12_descr">
		<text>铅可以完全的吸收三大类型的辐射,可以说用它来防御辐射非常的可靠.</text>
	</string>
	<string id="st_up_kom_b12_name">
		<text>附加的铅材料紧身服</text>
	</string>
	<string id="st_up_kom_b1_descr">
		<text>它可以起到一些基本的防护作用,可以防雨和一些对人类皮肤有腐蚀性的物质.</text>
	</string>
	<string id="st_up_kom_b1_name">
		<text>帆布防护服</text>
	</string>
	<string id="st_up_kom_b2_descr">
		<text>经过特殊方法处理后的防护服,它的耐火性较高,它在喜欢在火焰变异点周围收集神器的潜行者中非常受欢迎.</text>
	</string>
	<string id="st_up_kom_b2_name">
		<text>特殊耐高温合成材料</text>
	</string>
	<string id="st_up_kom_b3_descr">
		<text>镁板内衬层可以保护穿戴者不受高温的伤害.</text>
	</string>
	<string id="st_up_kom_b3_name">
		<text>镁板内衬层</text>
	</string>
	<string id="st_up_kom_b4_descr">
		<text>虽然它是一层简单的塑料保护内衬,但是它可以保护穿戴者免受化学物质和电的威胁.</text>
	</string>
	<string id="st_up_kom_b4_name">
		<text>密闭式塑料保护层</text>
	</string>
	<string id="st_up_kom_b5_descr">
		<text>将护甲防具内的织物,防弹板和加强涂层内衬等替换为更轻便的聚合物材料,以降低护甲防具的重量.</text>
	</string>
	<string id="st_up_kom_b5_name">
		<text>高分子聚合物材料</text>
	</string>
	<string id="st_up_kom_b6_descr">
		<text>有机玻璃虽然只能吸收两大类型的辐射,但是它比铅要轻很多.</text>
	</string>
	<string id="st_up_kom_b6_name">
		<text>有机玻璃放辐射内衬层</text>
	</string>
	<string id="st_up_kom_b7_descr">
		<text>它能够有效的防护化学物质和电造成的威胁.</text>
	</string>
	<string id="st_up_kom_b7_name">
		<text>弹性封闭式塑料保护层</text>
	</string>
	<string id="st_up_kom_b8_descr">
		<text>虽然它是薄薄的一层康铜保护层,但它绝对能够保护穿戴者不受电的威胁.</text>
	</string>
	<string id="st_up_kom_b8_name">
		<text>基本型康铜隔离内衬层</text>
	</string>
	<string id="st_up_kom_b9_descr">
		<text>玻璃纤维紧身防护服是自然灾害应急小组的基本装备.</text>
	</string>
	<string id="st_up_kom_b9_name">
		<text>玻璃纤维热绝缘防护服</text>
	</string>
	<string id="st_up_kom_c1_descr">
		<text>特殊药剂浸泡后的织物可以保护穿戴者不受化学物质的侵害.</text>
	</string>
	<string id="st_up_kom_c1_name">
		<text>药剂浸泡后的防具面料</text>
	</string>
	<string id="st_up_kom_c2_descr">
		<text>橡胶防护服是一种比较基本的防护服,如果穿戴者完全暴露在辐射区中,它只能提供短暂的保护.</text>
	</string>
	<string id="st_up_kom_c2_name">
		<text>橡胶面料紧身型防护服</text>
	</string>
	<string id="st_up_kom_c3_descr">
		<text>用于提高潜行者服装的耐久性.</text>
	</string>
	<string id="st_up_kom_c3_name">
		<text>高耐久防护盾组件</text>
	</string>
	<string id="st_up_kom_c4_descr">
		<text>镍因为有很棒的耐火性,它可以当护具的内衬使用</text>
	</string>
	<string id="st_up_kom_c4_name">
		<text>镍内衬的高耐火紧身护具</text>
	</string>
	<string id="st_up_kom_c5_descr">
		<text>这种镍和镁合金附加在防具上后,防具的放电性能会非常的棒.</text>
	</string>
	<string id="st_up_kom_c5_name">
		<text>含有锰铜内衬层的绝缘紧身防护服</text>
	</string>
	<string id="st_up_kom_c6_descr">
		<text>带有凯夫拉装甲外层和防腐蚀保护层的封闭式紧身防护服.</text>
	</string>
	<string id="st_up_kom_c6_name">
		<text>双层防护型装甲紧身综合防护服</text>
	</string>
	<string id="st_up_kom_c7_descr">
		<text>由基辅研究所研制的一种采用新一代未知的合成材料外表面,铋填充内衬层的生态学家防护服.</text>
	</string>
	<string id="st_up_kom_c7_name">
		<text>铋填充内衬层的生态学家防护服</text>
	</string>
	<string id="st_up_kom_c8_descr">
		<text>外层镶嵌的铅网可以让穿戴者丝毫不受辐射和化学物质的伤害,同时它还丝毫的不会影响到穿戴者的灵活性.</text>
	</string>
	<string id="st_up_kom_c8_name">
		<text>表面覆盖有柔韧的铅网和有机玻璃内衬层的救援人员防护服</text>
	</string>
	<string id="st_up_kom_c9_descr">
		<text>这种乌克兰国产的改进型防具出现在切尔诺贝利事件发生之后.主要装备在外骨骼上防止其出现电子故障.</text>
	</string>
	<string id="st_up_kom_c9_name">
		<text>带有铅防护内衬层的防水型防护服</text>
	</string>
	<string id="st_up_opt_a1_descr">
		<text>安装适用于近距离作战的瞄准镜.</text>
	</string>
	<string id="st_up_opt_a1_name">
		<text>1.6x 反射式瞄准镜</text>
	</string>
	<string id="st_up_opt_a2_descr">
		<text>安装适用于中远距离作战的光学瞄准镜.</text>
	</string>
	<string id="st_up_opt_a2_name">
		<text>4.0x 光学瞄准镜</text>
	</string>
	<string id="st_up_opt_a3_descr">
		<text>安装适用于远距离作战的光学瞄准镜.</text>
	</string>
	<string id="st_up_opt_a3_name">
		<text>5.0x 光学瞄准镜</text>
	</string>
	<string id="st_up_opt_a4_descr">
		<text>安装适用于远距离作战的光学瞄准镜.</text>
	</string>
	<string id="st_up_opt_a4_name">
		<text>6.0x 光学瞄准镜</text>
	</string>
	<string id="st_up_opt_b1_descr">
		<text>这项改装是为突击步枪加装一个使用高对比镜片的反射式瞄准镜,这项简单的改装可以提高目标和周围物体在瞄准镜里的对比度.它在黄昏和黎明,或是光线昏暗的建筑物内作战特别有效.</text>
	</string>
	<string id="st_up_opt_b1_name">
		<text>改装高对比瞄准镜</text>
	</string>
	<string id="st_up_opt_c1_descr">
		<text>一种热源探测瞄准镜,可以让使用者探测并且识别到带有热源的有生目标.</text>
	</string>
	<string id="st_up_opt_c1_name">
		<text>目标自动捕获辨别型瞄准镜</text>
	</string>
	<string id="st_up_opt_c2_descr">
		<text>自从夜视仪进入到变异区后,它为狙击手帮了大忙.</text>
	</string>
	<string id="st_up_opt_c2_name">
		<text>安装夜视设备</text>
	</string>
	<string id="st_up_opt_c3_descr">
		<text>这项改装可以让你调节瞄准镜的倍数到你与目标间的最佳距离,从而方便快速的作出射击方位调整.</text>
	</string>
	<string id="st_up_opt_c3_name">
		<text>可变倍式瞄准镜</text>
	</string>
	<string id="st_up_pri_a1_descr">
		<text>这种气垫枪托可以有效的降低三发点射时的后坐力.</text>
	</string>
	<string id="st_up_pri_a1_name">
		<text>气垫枪托</text>
	</string>
	<string id="st_up_pri_b1_descr">
		<text>这种可移动型减震抵肩枪托可以大大的减少后坐力的影响.</text>
	</string>
	<string id="st_up_pri_b1_name">
		<text>安装一个肩部减震装置</text>
	</string>
	<string id="st_up_pri_b2_descr">
		<text>一种更加现代化的枪托,它充分考虑并且利用到了人体工程学和人类生物学方面的设计.</text>
	</string>
	<string id="st_up_pri_b2_name">
		<text>人体工程学枪托</text>
	</string>
	<string id="st_up_pri_c1_descr">
		<text>当武器射击时产生的火药燃气通过导气管进入到枪机的后部,能够显著的提高枪栓运动的平稳性.</text>
	</string>
	<string id="st_up_pri_c1_name">
		<text>安装一个气动行枪栓制退配件</text>
	</string>
	<string id="st_up_pri_c2_descr">
		<text>把部分机匣框架延长进枪托可以起到平整弹道平直度的作用,但是代价是武器的后坐力将会增加.</text>
	</string>
	<string id="st_up_pri_c2_name">
		<text>延长机匣框架</text>
	</string>
	<string id="st_up_pri_c3_descr">
		<text>在枪托里安装一套滑动部件,当武器射击的时候它会立即向反方向瞬间撞击以缓冲武器的后坐力.</text>
	</string>
	<string id="st_up_pri_c3_name">
		<text>滑动制退部件</text>
	</string>
	<string id="st_up_prih_a1_descr">
		<text>改进后的扳机可以提高武器精确度.</text>
	</string>
	<string id="st_up_prih_a1_name">
		<text>改装扳机尺寸</text>
	</string>
	<string id="st_up_prih_b1_descr">
		<text>安装一个减震弹簧可以缓冲掉部分后坐力,以减轻手持型机枪射击时给手部造成的不适感.</text>
	</string>
	<string id="st_up_prih_b1_name">
		<text>内置弹簧缓冲装置</text>
	</string>
	<string id="st_up_prih_c1_descr">
		<text>在枪托里安装一套制退装置可以缓冲掉大部分后坐力.</text>
	</string>
	<string id="st_up_prih_c1_name">
		<text>附加气动型枪栓缓冲装置</text>
	</string>
	<string id="st_up_pris_a1_descr">
		<text>这种橡胶反冲软化装置往往都是在工厂里生产的大口径狙击步枪的枪托上用到.</text>
	</string>
	<string id="st_up_pris_a1_name">
		<text>枪托减震部件</text>
	</string>
	<string id="st_up_pris_b1_descr">
		<text>这种带有可调式腮垫的枪托可以大大的增加射手射击时的舒适度.</text>
	</string>
	<string id="st_up_pris_b1_name">
		<text>可调式枪托腮垫</text>
	</string>
	<string id="st_up_pris_c1_descr">
		<text>这种安装在枪托里的减震部件是专门为大口径武器缓冲强大的后坐力而研制的.</text>
	</string>
	<string id="st_up_pris_c1_name">
		<text>枪托内置液压型缓冲器</text>
	</string>
	<string id="st_up_res_a1_descr">
		<text>有源滤波器可以完全过滤掉腐蚀性化学物质.</text>
	</string>
	<string id="st_up_res_a1_name">
		<text>有源滤波器</text>
	</string>
	<string id="st_up_res_a2_descr">
		<text>这种钢材料密封式隔离层经论证可以在PSY风暴出现时给穿戴者提供保护免受其伤害.</text>
	</string>
	<string id="st_up_res_a2_name">
		<text>对PSY风暴有保护作用的钢材料密封隔离层</text>
	</string>
	<string id="st_up_res_a3_descr">
		<text>这种面罩都是在空气严重污染或是临界温度条件下使用的,比如过低或是过高的温度下保证穿戴者可以正常呼吸.</text>
	</string>
	<string id="st_up_res_b1_descr">
		<text>安装过滤涂层</text>
	</string>
	<string id="st_up_res_b1_name">
		<text>安装过滤涂层</text>
	</string>
	<string id="st_up_res_b2_descr">
		<text>一种带有加强型防腐蚀保护层和防毒面具的呼吸过滤器</text>
	</string>
	<string id="st_up_res_b2_name">
		<text>在污染地区使用的呼吸过滤器</text>
	</string>
	<string id="st_up_res_b3_descr">
		<text>这种有机玻璃面罩的防辐射效果比较有限</text>
	</string>
	<string id="st_up_res_b3_name">
		<text>有机玻璃保护层</text>
	</string>
	<string id="st_up_res_b4_descr">
		<text>这种有机玻璃面罩的防辐射效果比较有限</text>
	</string>
	<string id="st_up_res_b4_name">
		<text>有机玻璃呼吸面罩</text>
	</string>
	<string id="st_up_res_b5_descr">
		<text>呼吸过滤口罩可以过滤掉毒气</text>
	</string>
	<string id="st_up_res_b5_name">
		<text>呼吸过滤口罩</text>
	</string>
	<string id="st_up_res_c1_descr">
		<text>这种铍和铝合成材料的保护层只会增加一点点头盔的重量,但是它的防护效果非常的优秀.</text>
	</string>
	<string id="st_up_res_c1_name">
		<text>铍和铝材料的合金板</text>
	</string>
	<string id="st_up_res_c2_descr">
		<text>这种铍和钛合成材料的保护层在确保防具重量不会大大增加的前提下可以让防具的防护性大幅度增加.</text>
	</string>
	<string id="st_up_res_c2_name">
		<text>铍和钛合金板</text>
	</string>
	<string id="st_up_res_c3_descr">
		<text>这种改进型的过滤器不管在任何等级的污染区域都能保证给穿戴者提供正常的氧气供给.</text>
	</string>
	<string id="st_up_res_c3_name">
		<text>安装改进型科研用途过滤器</text>
	</string>
	<string id="st_up_res_c4_descr">
		<text>这种高科技的PSY防护层据说是一位被称为萨哈罗夫的科学家发明的.</text>
	</string>
	<string id="st_up_res_c4_name">
		<text>安装PSY半球形防护层</text>
	</string>
	<string id="st_up_res_c5_descr">
		<text>合金框架防护层可以阻挡热能和电对穿戴者造成的伤害.</text>
	</string>
	<string id="st_up_res_c5_name">
		<text>雷鸟康铜装甲合金外壳</text>
	</string>
	<string id="st_up_res_c6_descr">
		<text>附加装甲外壳可以提高头盔的耐久性.</text>
	</string>
	<string id="st_up_res_c6_name">
		<text>增强型装甲头盔</text>
	</string>
	<string id="st_up_res_c7_descr">
		<text>一种内置了空气净化涂层和有毒物质自动分解系统的呼吸过滤器.</text>
	</string>
	<string id="st_up_res_c7_name">
		<text>在极端恶劣条件下使用的增强型呼吸过滤器</text>
	</string>
	<string id="st_up_resp_a1_descr">
		<text>安装一个夜视装置在夜间和光线不足的条件下使用.</text>
	</string>
	<string id="st_up_resp_a1_name">
		<text>第一代夜视仪</text>
	</string>
	<string id="st_up_resp_a2_descr">
		<text>这种智能系统在探测到周围空气中的放射性物质和化学粒子会威胁到使用者时会自动的切换到封闭式循环呼吸模式.</text>
	</string>
	<string id="st_up_resp_a2_name">
		<text>放射性和化学物质智能探测系统</text>
	</string>
	<string id="st_up_resp_a3_name">
		<text>空气净化型呼吸面罩</text>
	</string>
	<string id="st_up_resp_b1_descr">
		<text>安装一个更为先进的夜视设备以帮助穿戴者可以在完全黑暗的条件下行动.</text>
	</string>
	<string id="st_up_resp_b1_name">
		<text>第二代夜视仪</text>
	</string>
	<string id="st_up_resp_b2_descr">
		<text>这种热源探测设备可以让佩戴者探测并且识别发出热源的有生目标.</text>
	</string>
	<string id="st_up_resp_b2_name">
		<text>目标自动识别系统</text>
	</string>
	<string id="st_up_resp_b3_descr">
		<text>科学波段设备是为在PSY风暴异常区工作而专门研制的.</text>
	</string>
	<string id="st_up_resp_b3_name">
		<text>PSY放射性物质预警仪</text>
	</string>
	<string id="st_up_resp_c1_descr">
		<text>安装一个更为先进的夜视设备以帮助穿戴者可以在完全黑暗的条件下行动.</text>
	</string>
	<string id="st_up_resp_c1_name">
		<text>第三代夜视仪</text>
	</string>
	<string id="st_up_resp_c2_descr">
		<text>电离子和空气粒子在这种系统里反复的扭转并且反向运动,用来制造离子风暴.</text>
	</string>
	<string id="st_up_resp_c2_name">
		<text>离子风暴冷却系统</text>
	</string>
	<string id="st_up_resp_c3_descr">
		<text>这种红外线扫描设备可以探测到附近的人类目标.</text>
	</string>
	<string id="st_up_resp_c3_name">
		<text>红外扫描仪</text>
	</string>
	<string id="st_up_resp_c4_descr">
		<text>SPB——VPZ.m.IV第四代PSY辐射波段保护系统.</text>
	</string>
	<string id="st_up_resp_c4_name">
		<text>SPB——VPZ.m.IV战斗系统</text>
	</string>
	<string id="st_up_ret_a1_descr">
		<text>加强型钢复进弹簧可以提高弹头的初速.</text>
	</string>
	<string id="st_up_ret_a1_name">
		<text>加强钢复进簧</text>
	</string>
	<string id="st_up_ret_a2_descr">
		<text>安装一个加强型移动部件在机匣结构上,可以确保武器在射击的时候指向方位不会偏离目标.</text>
	</string>
	<string id="st_up_ret_a2_name">
		<text>复进减震器</text>
	</string>
	<string id="st_up_ret_a3_descr">
		<text>安装一个附加的螺旋复进簧可以在丝毫不影响弹道平直度的情况下降低武器的后坐力.</text>
	</string>
	<string id="st_up_ret_a3_name">
		<text>附加型复进簧</text>
	</string>
	<string id="st_up_ret_b1_descr">
		<text>保护型涂层可以提高武器的可靠性,更重要的是可以确保枪膛的气密性以防止火药能量泄漏.</text>
	</string>
	<string id="st_up_ret_b1_name">
		<text>复进机构保护型涂层</text>
	</string>
	<string id="st_up_ret_b2_descr">
		<text>钛合金击针能承受的武器射速要远远高于普通的击针.</text>
	</string>
	<string id="st_up_ret_b2_name">
		<text>钛合金击针装置</text>
	</string>
	<string id="st_up_ret_b3_descr">
		<text>安装一个合成材料击发装置在复进机构上,确保其更加的可靠,并且能提高武器的精确度.</text>
	</string>
	<string id="st_up_ret_b3_name">
		<text>附加型平衡构件</text>
	</string>
	<string id="st_up_ret_c1_descr">
		<text>加厚型套筒涂层可以增加膛压,并且提高弹头初速.</text>
	</string>
	<string id="st_up_ret_c1_name">
		<text>复进结构套筒涂层</text>
	</string>
	<string id="st_up_ret_c2_descr">
		<text>一个连接导气组件和闭锁机构自身的连接装置,它可以让火药燃气通过该装置来操作复进机构.</text>
	</string>
	<string id="st_up_ret_c2_name">
		<text>安装一个分配连接装置</text>
	</string>
	<string id="st_up_ret_c3_descr">
		<text>替换一个更强劲的复进机构包括两个击发装置和一个复进簧.提高武器的射速.</text>
	</string>
	<string id="st_up_ret_c3_name">
		<text>转换为双重击发系统</text>
	</string>
	<string id="st_up_roun_a1_descr">
		<text>一种特殊的火药燃气利用装置,它可以减少一部分武器的后坐力.</text>
	</string>
	<string id="st_up_roun_a1_name">
		<text>气动制退器</text>
	</string>
	<string id="st_up_roun_a2_descr">
		<text>附加型对角线凸轮插槽可以提高武器上膛组件的旋转速度.</text>
	</string>
	<string id="st_up_roun_a2_name">
		<text>安装对角线凸轮插槽</text>
	</string>
	<string id="st_up_stk_a1_descr">
		<text>这种以欧洲标准为改进方案的好处是,在丝毫不影响可靠性的前提下降低武器的重量.</text>
	</string>
	<string id="st_up_stk_a1_name">
		<text>抗冲击聚合物枪托</text>
	</string>
	<string id="st_up_stk_a2_descr">
		<text>这种特殊机匣可以大大的提高武器的耐久性,让其可以可靠的在高频率全天候下战斗使用.</text>
	</string>
	<string id="st_up_stk_a2_name">
		<text>高耐久合金机匣</text>
	</string>
	<string id="st_up_stk_a3_descr">
		<text>一种用安装附加重物在机匣前端的简单方法来减低武器的后坐力.</text>
	</string>
	<string id="st_up_stk_a3_name">
		<text>加重机匣前端</text>
	</string>
	<string id="st_up_stk_b1_descr">
		<text>安装一个特殊冷却型机匣外壳以提高武器射速,它可以控制机匣温度的上升程度.</text>
	</string>
	<string id="st_up_stk_b1_name">
		<text>附加的冷却型机匣</text>
	</string>
	<string id="st_up_stk_b2_descr">
		<text>一种更符合人体工程学的握把外形,它能提高使用者一边移动一边射击时的手感.</text>
	</string>
	<string id="st_up_stk_b2_name">
		<text>更符合人体工程学的握把</text>
	</string>
	<string id="st_up_stk_c1_descr">
		<text>把枪管结构改装为无托式步枪专用枪管,它可以让武器的维修保养更容易.</text>
	</string>
	<string id="st_up_stk_c1_name">
		<text>模块化机匣组件</text>
	</string>
	<string id="st_up_stk_c2_descr">
		<text>这种特殊涂层可以有效的防止枪管过热,它可以修复枪管在生产过程中造成的一些缺陷,大大的增加的枪管的使用寿命.</text>
	</string>
	<string id="st_up_stk_c2_name">
		<text>精密工艺机匣槽和枪管内涂层</text>
	</string>
	<string id="st_up_stk_c3_descr">
		<text>安装一种轻型制退组件在空心握把内,它可以有效降低武器射击时的后坐力.</text>
	</string>
	<string id="st_up_stk_c3_name">
		<text>改装型握把</text>
	</string>
	<string id="st_up_stvd_a1_descr">
		<text>空心的武器握把可以降低武器的整体重量.</text>
	</string>
	<string id="st_up_stvd_a1_name">
		<text>改装型握把</text>
	</string>
	<string id="st_up_stvd_a2_descr">
		<text>比标准型枪托更轻的轻型枪托.</text>
	</string>
	<string id="st_up_stvd_a2_name">
		<text>轻型枪托</text>
	</string>
	<string id="st_up_stvd_a3_descr">
		<text>一种更轻的聚合物材料可以降低武器的重量.</text>
	</string>
	<string id="st_up_stvd_a3_name">
		<text>抗冲击聚合物枪托</text>
	</string>
	<string id="st_up_stvd_b1_descr">
		<text>附加一些大重量配件以降低一部分武器的后坐力.</text>
	</string>
	<string id="st_up_stvd_b1_name">
		<text>附加制退组件</text>
	</string>
	<string id="st_up_stvd_b2_descr">
		<text>一种更现代化并且手感更好的武器握把.</text>
	</string>
	<string id="st_up_stvd_b2_name">
		<text>符合人体工程学的握把</text>
	</string>
	<string id="st_up_stvd_b3_descr">
		<text>这种减震型握把可以降低后坐力.</text>
	</string>
	<string id="st_up_stvd_b3_name">
		<text>减震型握把</text>
	</string>
	<string id="st_up_stvd_b4_descr">
		<text>一种外形更现代化,更舒适的枪托.它可以增加武器的手感.</text>
	</string>
	<string id="st_up_stvd_b4_name">
		<text>人体工学枪托</text>
	</string>
	<string id="st_up_stvd_b5_descr">
		<text>这种特殊的保护涂层可以保护武器的各个组件.</text>
	</string>
	<string id="st_up_stvd_b5_name">
		<text>防腐蚀涂层</text>
	</string>
	<string id="st_up_stvd_c1_descr">
		<text>安装这种水银减震制退器在枪托里,可以降低武器射击时的后坐力.</text>
	</string>
	<string id="st_up_stvd_c1_name">
		<text>水银减震制退器</text>
	</string>
	<string id="st_up_stvd_c2_descr">
		<text>这种自由浮置式减震组件,当武器射击时它能吸收掉枪栓运动产生的后坐力.</text>
	</string>
	<string id="st_up_stvd_c2_name">
		<text>附加反冲减震装置</text>
	</string>
	<string id="st_up_stvh_a1_descr">
		<text>替换一种特殊材料制成的枪管以减少枪管在射击时的热量分布不均匀,它可以提高武器的射速.</text>
	</string>
	<string id="st_up_stvh_a1_name">
		<text>高耐久,高耐热合金</text>
	</string>
	<string id="st_up_stvh_b1_descr">
		<text>这项关键的改装可以让武器射击时不受任何空气湿度和温度的影响</text>
	</string>
	<string id="st_up_stvh_b1_name">
		<text>附加自动温控型机匣</text>
	</string>
	<string id="st_up_stvh_b2_descr">
		<text>这种高科技的散热改装需要极高的制作工艺,它可以有效的防止武器射击时枪管过热.</text>
	</string>
	<string id="st_up_stvh_b2_name">
		<text>枪管表面散热装置</text>
	</string>
	<string id="st_up_stvh_c1_descr">
		<text>替换一个更加现代化的新版本枪管,武器的精确度会大大的增加.</text>
	</string>
	<string id="st_up_stvh_c1_name">
		<text>更换新型枪管</text>
	</string>
	<string id="st_up_stvp_a1_descr">
		<text>这种昂贵的机匣框架可以大大的延长武器的使用寿命.</text>
	</string>
	<string id="st_up_stvp_a1_name">
		<text>钛合金框架</text>
	</string>
	<string id="st_up_stvp_a2_descr">
		<text>这种机匣材料比复合材料更加的可靠.</text>
	</string>
	<string id="st_up_stvp_a2_name">
		<text>实钢机匣</text>
	</string>
	<string id="st_up_stvp_b1_descr">
		<text>这是一种专门升级手枪机匣的配件,可以在毫不影响武器可靠性的前提下替换为轻型的机匣框架.</text>
	</string>
	<string id="st_up_stvp_b1_name">
		<text>聚合物手枪机匣</text>
	</string>
	<string id="st_up_stvp_b2_descr">
		<text>一个更加现代化,手感更佳的握把,可以提高武器的手感.</text>
	</string>
	<string id="st_up_stvp_b2_name">
		<text>人体工程学握把</text>
	</string>
	<string id="st_up_stvp_b3_descr">
		<text>这种减震型握把可以降低后坐力.</text>
	</string>
	<string id="st_up_stvp_b3_name">
		<text>减震型握把</text>
	</string>
	<string id="st_up_stvp_b4_descr">
		<text>这种增厚型防护垫圈可以保护武器不会堆积火药残渣,并且受其影响.</text>
	</string>
	<string id="st_up_stvp_b4_name">
		<text>密封防护机构</text>
	</string>
	<string id="st_up_stvp_b5_descr">
		<text>将握把的后部改装成更符合人体工程学的外形.</text>
	</string>
	<string id="st_up_stvp_b5_name">
		<text>改装为直尾部握把</text>
	</string>
	<string id="st_up_stvp_b6_descr">
		<text>改装为长度可调式握把,让其可以调节长度更符合人体工程学外形.</text>
	</string>
	<string id="st_up_stvp_b6_name">
		<text>伸缩式握把</text>
	</string>
	<string id="st_up_stvp_c1_descr">
		<text>这种改装是唯一一种可能把复进簧装进握把里方法.</text>
	</string>
	<string id="st_up_stvp_c1_name">
		<text>安装一个复进簧减震装置</text>
	</string>
	<string id="st_up_stvp_c2_descr">
		<text>可调式镶板可以让使用者选择握把的外形以更符合人体工程学.</text>
	</string>
	<string id="st_up_stvp_c2_name">
		<text>替换一种可调式镶板形握把</text>
	</string>
	<string id="st_up_stvs_a1_descr">
		<text>这种经常用于保护武器机匣外壳的部件可以防止武器过早的出现磨损.</text>
	</string>
	<string id="st_up_stvs_a1_name">
		<text>安装一个穿孔钢型机匣壳</text>
	</string>
	<string id="st_up_stvs_b1_descr">
		<text>这种更高技术含量的制退器大多都是用在自动武器上.</text>
	</string>
	<string id="st_up_stvs_b1_name">
		<text>高效能枪口制退器</text>
	</string>
	<string id="st_up_stvs_b2_descr">
		<text>一种针对狙击步枪超远程射击的现代化枪管改装.</text>
	</string>
	<string id="st_up_stvs_b2_name">
		<text>安装具备多边形膛线的重型枪管</text>
	</string>
	<string id="st_up_stvs_b3_descr">
		<text>枪管内的纵向来复线可以防止射击时枪管过热或是枪管内堆积火药残渣导致的子弹卡壳.</text>
	</string>
	<string id="st_up_stvs_b3_name">
		<text>纵向来复线枪管</text>
	</string>
	<string id="st_up_stvs_c1_descr">
		<text>整体型消音器和消焰器是隐秘行动必不可少的装备.</text>
	</string>
	<string id="st_up_stvs_c1_name">
		<text>安装一个整体型消音器</text>
	</string>
	<string id="st_up_stvs_c2_descr">
		<text>正弦型膛线通常都是用来提高突击型武器的射速.</text>
	</string>
	<string id="st_up_stvs_c2_name">
		<text>正弦型膛线枪膛</text>
	</string>
	<string id="st_up_tch_a1_descr">
		<text>这种第一代注射器是基辅的一个研究机构研发的,它会给人体的血液中注射小量的肾上腺素,这可能对人体有些伤害,但在紧急情况下可以挽救人的生命.</text>
	</string>
	<string id="st_up_tch_a1_name">
		<text>"暴君"肾上腺注射器</text>
	</string>
	<string id="st_up_tch_a2_descr">
		<text>净化或冷冻有毒物质的净化呼吸过滤系统.</text>
	</string>
	<string id="st_up_tch_a2_name">
		<text>有毒物质净化系统</text>
	</string>
	<string id="st_up_tch_a3_descr">
		<text>晴空组织的科学家研制的短波发射器,它可以安装在防具的背面,当装备者受伤出血时它会有效加快伤口处的血液凝结速度.</text>
	</string>
	<string id="st_up_tch_a3_name">
		<text>射线止血装置</text>
	</string>
	<string id="st_up_tch_a4_descr">
		<text>一种防护服的表层供电系统,它可以屏蔽放射性物质和化学粒子.</text>
	</string>
	<string id="st_up_tch_a4_name">
		<text>内置型放射性尘埃防护系统</text>
	</string>
	<string id="st_up_tch_b1_descr">
		<text>B型注射器,当穿戴者的血压显著下降时它会为其注射凝血剂在其血液中.</text>
	</string>
	<string id="st_up_tch_b1_name">
		<text>"水螅"血红蛋白注射器</text>
	</string>
	<string id="st_up_tch_b2_descr">
		<text>这个系统可以防止使用者体力虚脱,让其一直在保持最佳的身体温度.</text>
	</string>
	<string id="st_up_tch_b2_name">
		<text>安装一个热量调节系统</text>
	</string>
	<string id="st_up_tch_b3_descr">
		<text>这种微波发射器安装在使用者的胸部位置,它可以显著的提高伤口的愈合速度和使用者的免疫系统,但是长期使用之后一旦使用者停止使用时,可能会有些不适.</text>
	</string>
	<string id="st_up_tch_b3_name">
		<text>"太阳神"生物刺激仪</text>
	</string>
	<string id="st_up_tch_b4_descr">
		<text>这种科学波段设备是为在PSY风暴异常区工作而专门研制的.</text>
	</string>
	<string id="st_up_tch_b4_name">
		<text>PSY放射性物质预警仪</text>
	</string>
	<string id="st_up_tch_c1_descr">
		<text>C型注射器可以干掉一切进入到使用者血液里的可以物质,改善受损组织的再生并且能够消除疼痛感.</text>
	</string>
	<string id="st_up_tch_c1_name">
		<text>"凤凰"复苏系统</text>
	</string>
	<string id="st_up_tch_c2_descr">
		<text>这是一种可以监测穿戴者的健康状况,维生素供应和肾上腺素以及合成代谢物质需求量的综合系统.</text>
	</string>
	<string id="st_up_tch_c2_name">
		<text>安装一个生命维护系统</text>
	</string>
	<string id="st_up_tch_c3_descr">
		<text>这种波段发射器安装在使用者的脖子上,虽然还不清楚它的机理和操作方法,它能给穿戴者很强的镇静作用.</text>
	</string>
	<string id="st_up_tch_c3_name">
		<text>反射型神经刺激仪</text>
	</string>
	<string id="st_up_usm_a1_descr">
		<text>这个部件可以缓冲掉射击时枪栓带来的后坐力,提高全自动射击时的精确度.</text>
	</string>
	<string id="st_up_usm_a1_name">
		<text>枪栓制退器</text>
	</string>
	<string id="st_up_usm_a2_descr">
		<text>这项改装比较简单实用而且也很流行,它能降低扳机的阻力.既简单又方便.</text>
	</string>
	<string id="st_up_usm_a2_name">
		<text>轻阻力扳机</text>
	</string>
	<string id="st_up_usm_b1_descr">
		<text>这种特殊的组件是由特定材料制成可以在各种武器上通用,它可不便宜,但它可以增加你的武器的使用寿命.</text>
	</string>
	<string id="st_up_usm_b1_name">
		<text>合成材料火控组件</text>
	</string>
	<string id="st_up_usm_b2_descr">
		<text>这项改装可以提高武器的射速,但是武器的精确度和可靠性会降低.</text>
	</string>
	<string id="st_up_usm_b2_name">
		<text>强制型扳机延迟装置</text>
	</string>
	<string id="st_up_usm_b3_descr">
		<text>拿掉弹簧可以让你在战斗中第一枪快出半秒开火,这可能不是太多,但是有可能会救你一命.</text>
	</string>
	<string id="st_up_usm_b3_name">
		<text>拿掉弹簧</text>
	</string>
	<string id="st_up_usm_c1_descr">
		<text>保护涂层可以避免由于击发装置的故障而造成的子弹卡壳.</text>
	</string>
	<string id="st_up_usm_c1_name">
		<text>击发装置保护涂层</text>
	</string>
	<string id="st_up_usm_c2_descr">
		<text>自动装填装置可以提高武器的装填速度,同时能大大的提高武器的射速.</text>
	</string>
	<string id="st_up_usm_c2_name">
		<text>自动装填装置</text>
	</string>
	<string id="st_up_usm_c3_descr">
		<text>这种无后坐力系统并没有在供弹系统上做文章,它是采用了一种特殊的击针装置,这使得射击时的后坐力相当的平软.</text>
	</string>
	<string id="st_up_usm_c3_name">
		<text>安装一个无后坐力击发系统</text>
	</string>
	<string id="st_up_usmp_a1_descr">
		<text>扳机在开第一枪后处于待发状态,于其他自动武器一样的扳机结构.</text>
	</string>
	<string id="st_up_usmp_a1_name">
		<text>双动式扳机结构</text>
	</string>
	<string id="st_up_usmp_b1_descr">
		<text>这项改装比较简单实用而且也很流行,它能降低扳机的阻力.既简单又方便.</text>
	</string>
	<string id="st_up_usmp_b1_name">
		<text>轻阻力扳机</text>
	</string>
	<string id="st_up_usmp_b2_descr">
		<text>这种单动式扳机可以提高武器的射击精度.</text>
	</string>
	<string id="st_up_usmp_b2_name">
		<text>击发装置前半部改装</text>
	</string>
	<string id="st_up_usmp_b3_descr">
		<text>这项改装可以让扳机在发射第一个子弹一直到最后一颗子弹时始终保持在同一扳机压力上,这既简单又实用.</text>
	</string>
	<string id="st_up_usmp_b3_name">
		<text>安全型击发装置</text>
	</string>
	<string id="st_up_usmp_b4_descr">
		<text>这种现代化的改装可以防止枪栓结构分离导致的卡壳.</text>
	</string>
	<string id="st_up_usmp_b4_name">
		<text>强化型扳机头</text>
	</string>
	<string id="st_up_usmp_b5_descr">
		<text>模块化的击发机构可以更方便的维修或是更换部件,可以让武器的使用和维护更加的容易.</text>
	</string>
	<string id="st_up_usmp_b5_name">
		<text>模块化击发机构</text>
	</string>
	<string id="st_up_usmp_c1_descr">
		<text>这个组件可以大大的降低扣动扳机所需的压力,提高武器精确度.</text>
	</string>
	<string id="st_up_usmp_c1_name">
		<text>安装扳机组件</text>
	</string>
	<string id="st_up_usmp_c2_descr">
		<text>这种新技术改装可以让击发机构更加的简单,以此改善武器的射击模式——让武器向更人性化的方向改进,校准武器也更加的简单.</text>
	</string>
	<string id="st_up_usmp_c2_name">
		<text>"双发点射"模式</text>
	</string>
	<string id="st_up_usmp_c3_descr">
		<text>一旦开火后,接下来只要扣下一半的扳机行程武器就会射击.</text>
	</string>
	<string id="st_up_usmp_c3_name">
		<text>短行程击发机构</text>
	</string>
	<string id="st_up_uti_a1_descr">
		<text>附加运动助力装置可以增加穿戴者的最大荷载量.</text>
	</string>
	<string id="st_up_uti_a1_name">
		<text>附加电动助力装置</text>
	</string>
	<string id="st_up_uti_a2_descr">
		<text>这个药品供应系统可以治疗破伤风,并且给伤口消炎和给穿戴者提供抗感染药品.</text>
	</string>
	<string id="st_up_uti_a2_name">
		<text>内置型医疗系统</text>
	</string>
	<string id="st_up_uti_a3_descr">
		<text>为在受污染区工作而研制的带有过滤器的通风型紧身防护服系统.</text>
	</string>
	<string id="st_up_uti_a3_name">
		<text>内部热量调节系统</text>
	</string>
	<string id="st_up_uti_a4_descr">
		<text>这项改装非常符合人体工程学:将一种特殊的装置安装在紧身防护服上,可以让穿戴者感觉整体重量非常的轻.</text>
	</string>
	<string id="st_up_uti_a4_name">
		<text>重量分配背心</text>
	</string>
	<string id="st_up_uti_a5_descr">
		<text>一个氧气罐是进入充满放射性物质和化学粒子区域里工作的必备物品.</text>
	</string>
	<string id="st_up_uti_a5_name">
		<text>安装一个氧气罐</text>
	</string>
	<string id="st_up_uti_b1_descr">
		<text>安装一个额外的神器槽.</text>
	</string>
	<string id="st_up_uti_b1_name">
		<text>额外的神器槽</text>
	</string>
	<string id="st_up_uti_b2_descr">
		<text>安装一个重量分配系统可以让穿戴者携带的所有装备的重量分配的更均匀合理.</text>
	</string>
	<string id="st_up_uti_b2_name">
		<text>一个重量分配系统</text>
	</string>
	<string id="st_up_uti_b3_descr">
		<text>一个背部减重支架可以让穿戴者的肩部承受的重量更轻,它可以增加穿戴者的最大荷载量.</text>
	</string>
	<string id="st_up_uti_b3_name">
		<text>安装背部减重支架</text>
	</string>
	<string id="st_up_uti_b4_descr">
		<text>这套系统可以为穿戴者自动消毒,而且可以注射兴奋剂和破伤风药物,虽然都是国产的,但似乎不会给穿戴者身体造成不良影响.</text>
	</string>
	<string id="st_up_uti_b4_name">
		<text>内置式护理系统</text>
	</string>
	<string id="st_up_uti_b5_descr">
		<text>这个系统是一个特殊的电场屏蔽装置,它可以瞬间产生和特异点相同的电力来减少其对穿戴者造成的伤害.</text>
	</string>
	<string id="st_up_uti_b5_name">
		<text>"电鳐"静电反制系统</text>
	</string>
	<string id="st_up_uti_b6_descr">
		<text>药物内衬可以防止穿戴者化学中毒.</text>
	</string>
	<string id="st_up_uti_b6_name">
		<text>化学防护内衬层</text>
	</string>
	<string id="st_up_uti_b7_descr">
		<text>目前处于试验阶段的一个马拉松运动辅助系统,由于其价格非常昂贵,而且系统也不是很稳定,所以目前它还只在特异区里使用.</text>
	</string>
	<string id="st_up_uti_b7_name">
		<text>内置运动辅助系统</text>
	</string>
	<string id="st_up_uti_b8_descr">
		<text>这个系统可以清除掉停留在防毒面具虑毒罐里的有毒冷凝水.</text>
	</string>
	<string id="st_up_uti_b8_name">
		<text>有毒物质清除系统</text>
	</string>
	<string id="st_up_uti_c1_descr">
		<text>安装额外的神器槽.</text>
	</string>
	<string id="st_up_uti_c1_name">
		<text>安装两个额外的神器槽</text>
	</string>
	<string id="st_up_uti_c2_descr">
		<text>安装在作战服里的战斗支援系统.它主要装备给特种部队使用.它内部预装的有肾上腺素和凝血系统.</text>
	</string>
	<string id="st_up_uti_c2_name">
		<text>"瓦戈"战斗支援系统</text>
	</string>
	<string id="st_up_uti_c3_descr">
		<text>这是战斗支援系统的原型样式,设计者放弃了对人体有害的肾上腺素注射器,替换上了带有药物愈合型的凝血系统.</text>
	</string>
	<string id="st_up_uti_c3_name">
		<text>西凯夫战斗支援系统</text>
	</string>
	<string id="st_up_zat_a1_descr">
		<text>这种价格相当高的改装其实在新一代武器上其实是非常普遍的.</text>
	</string>
	<string id="st_up_zat_a1_name">
		<text>安装强化枪栓组件</text>
	</string>
	<string id="st_up_zat_a2_descr">
		<text>增厚枪栓机构部件可以防止火药燃气外泄,从而提高弹道平直度.</text>
	</string>
	<string id="st_up_zat_a2_name">
		<text>合成材料增厚型枪栓机构</text>
	</string>
	<string id="st_up_zat_a3_descr">
		<text>它还没有被命名,它可以替换枪栓里的部件,它的结构强度很高,可以大幅度提高武器射速.</text>
	</string>
	<string id="st_up_zat_a3_name">
		<text>高强度快慢机</text>
	</string>
	<string id="st_up_zat_b1_descr">
		<text>气动制退块可以用相同的速度反向运动,同时可以抵消掉一部分后坐力.</text>
	</string>
	<string id="st_up_zat_b1_name">
		<text>安装气体闭塞装置</text>
	</string>
	<string id="st_up_zat_b2_descr">
		<text>安装一个双重反冲活塞制退器,可以降低枪栓运动时造成的后坐力.</text>
	</string>
	<string id="st_up_zat_b2_name">
		<text>安装附加燃气活塞</text>
	</string>
	<string id="st_up_zat_b3_descr">
		<text>保护涂层可以提高可靠性,更重要的是它能保证枪机气密性,防止燃气能量泄露.</text>
	</string>
	<string id="st_up_zat_b3_name">
		<text>枪栓保护涂层</text>
	</string>
	<string id="st_up_zat_b4_descr">
		<text>滑动机构里的凹槽是为了减少内部部件之间的摩擦,并且能够清楚微小颗粒的火药残渣,防止枪栓结构污染.</text>
	</string>
	<string id="st_up_zat_b4_name">
		<text>附加纵向凹槽</text>
	</string>
	<string id="st_up_zat_b5_descr">
		<text>合成材料涂层可以减少导气室末端的直径,同时可以提高弹头初速.</text>
	</string>
	<string id="st_up_zat_b5_name">
		<text>定向导气装置</text>
	</string>
	<string id="st_up_zat_b6_descr">
		<text>当枪栓运动到起始位置时,枪膛气流定向装置会通过空气来冷却它.</text>
	</string>
	<string id="st_up_zat_b6_name">
		<text>强制冷却器</text>
	</string>
	<string id="st_up_zat_c1_descr">
		<text>武器的枪栓会沿着枪管滑动,可以防止射击时的枪口上跳.</text>
	</string>
	<string id="st_up_zat_c1_name">
		<text>安装滑动型枪栓</text>
	</string>
	<string id="st_up_zat_c2_descr">
		<text>将手枪的导气制动装置安装到枪栓框架内,这可以大大降低武器受火药残渣的污染程度.</text>
	</string>
	<string id="st_up_zat_c2_name">
		<text>安装气动活塞装置</text>
	</string>
	<string id="st_up_zat_c3_descr">
		<text>该系统可以聚集火药燃气用来提高枪栓运动速度.</text>
	</string>
	<string id="st_up_zat_c3_name">
		<text>火药燃气聚集系统</text>
	</string>
	<string id="st_up_zat_c4_descr">
		<text>使用改进型的燃气助推活塞来替换掉之前的快慢机,可以大大的提高武器的射速.</text>
	</string>
	<string id="st_up_zat_c4_name">
		<text>短行程气体活塞</text>
	</string>
	<string id="st_up_zat_c5_descr">
		<text>这种枪机闭锁式减震系统被广泛的用于现代武器,它能减少后坐力并且提高集弹性.</text>
	</string>
	<string id="st_up_zat_c5_name">
		<text>改装为半自由式闭锁系统</text>
	</string>
	<string id="st_up_zath_a1_descr">
		<text>这种组件可以吸收一些热量,防止由于持续全自动射击导致的武器过热.</text>
	</string>
	<string id="st_up_zath_a1_name">
		<text>热量吸收部件</text>
	</string>
	<string id="st_up_zath_b1_descr">
		<text>一种会略微的增加武器长度的长行程导气活塞装置,但它可以显著的改善武器的弹道平直度.</text>
	</string>
	<string id="st_up_zath_b1_name">
		<text>长行程气动活塞装置</text>
	</string>
	<string id="st_up_zath_b2_descr">
		<text>这种移动缓冲部件可以在武器射击的时候均匀的分布后坐力,从而使其后坐力降低.</text>
	</string>
	<string id="st_up_zath_b2_name">
		<text>安装一个特殊的制退部件</text>
	</string>
	<string id="st_up_zath_c1_descr">
		<text>对称型强制冷却装置可以通过其均匀的冷却枪管,从而保证武器不会过热.</text>
	</string>
	<string id="st_up_zath_c1_name">
		<text>强制冷却系统</text>
	</string>
	<string id="st_up_zatp_a1_descr">
		<text>在提高武器射速的情况下不会让枪械的其他部件受损,但会增加武器的后坐力.</text>
	</string>
	<string id="st_up_zatp_a1_name">
		<text>滑动型枪栓组件</text>
	</string>
	<string id="st_up_zatp_b1_descr">
		<text>由于提高了弹头的初速和冲击力,所以弹道平直度也相应的有所改善.</text>
	</string>
	<string id="st_up_zatp_b1_name">
		<text>枪机结构密闭系统</text>
	</string>
	<string id="st_up_zatp_b2_descr">
		<text>通过减缓枪栓机构的运动速度来平缓武器的后坐力.</text>
	</string>
	<string id="st_up_zatp_b2_name">
		<text>减缓枪机运动速度</text>
	</string>
	<string id="st_up_zatp_b3_descr">
		<text>保护涂层可以防止武器过快的磨损.</text>
	</string>
	<string id="st_up_zatp_b3_name">
		<text>枪栓保护涂层</text>
	</string>
	<string id="st_up_zatp_b4_descr">
		<text>由于提高了弹头的初速和冲击力,所以弹道平直度也相应的有所改善.</text>
	</string>
	<string id="st_up_zatp_b4_name">
		<text>枪管密闭系统</text>
	</string>
	<string id="st_up_zatp_b5_descr">
		<text>一个重型密闭枪栓可以防止手枪的枪栓机构出故障.</text>
	</string>
	<string id="st_up_zatp_b5_name">
		<text>增强型密闭枪栓</text>
	</string>
	<string id="st_up_zatp_b6_descr">
		<text>小型制退器可以降低一些后坐力.</text>
	</string>
	<string id="st_up_zatp_b6_name">
		<text>聚合物制退器</text>
	</string>
	<string id="st_up_zatp_b7_descr">
		<text>安装一个螺旋钢制衬垫可以减少武器的后坐力.</text>
	</string>
	<string id="st_up_zatp_b7_name">
		<text>安装一个螺旋密闭衬垫</text>
	</string>
	<string id="st_up_zatp_b8_descr">
		<text>通过增加枪栓运动速率和加强复进机构强度,来提高武器的弹道平直度.</text>
	</string>
	<string id="st_up_zatp_b8_name">
		<text>增加枪栓速率</text>
	</string>
	<string id="st_up_zatp_c1_descr">
		<text>短行程枪栓可以在毫不影响弹道平直度的前提下提高武器的射速.</text>
	</string>
	<string id="st_up_zatp_c1_name">
		<text>安装短行程枪栓组件</text>
	</string>
	<string id="st_up_zatp_c2_descr">
		<text>长行程枪栓可以加大弹头的冲击力.</text>
	</string>
	<string id="st_up_zatp_c2_name">
		<text>安装长行程枪栓加长枪管</text>
	</string>
	<string id="st_up_zatp_c3_descr">
		<text>使用改进型的燃气助推活塞来替换掉之前的快慢机,可以大大的提高武器的射速.</text>
	</string>
	<string id="st_up_zatp_c3_name">
		<text>安装一个短行程后坐能量利用系统</text>
	</string>
	<string id="st_up_zatp_c4_descr">
		<text>安装这个模组能大幅提高射击精度,而且不用牺牲武器的射速.</text>
	</string>
	<string id="st_up_zatp_c4_name">
		<text>双弹簧复位模组</text>
	</string>
	<string id="st_up_zatp_c5_descr">
		<text>采用可以显著减少后座力的附加孔.</text>
	</string>
	<string id="st_up_zatp_c5_name">
		<text>整合式枪管上跳抵消器</text>
	</string>
	<string id="st_up_zatp_c6_descr">
		<text>改造手枪的自动机,能让手枪适合进行全自动射击.</text>
	</string>
	<string id="st_up_zatp_c6_name">
		<text>全自动射击模式</text>
	</string>
	<string id="st_up_zatp_c7_descr">
		<text>修改手枪的自动部件,使它适合于3连发模式.</text>
	</string>
	<string id="st_up_zatp_c7_name">
		<text>3发点射模式</text>
	</string>
	<string id="st_upgr_cost">
		<text>花费</text>
	</string>
	<string id="st_upgr_disable">
		<text>不能安装</text>
	</string>
	<string id="st_upgr_installed">
		<text>已经安装</text>
	</string>
	<string id="st_upgrade_install">
		<text>你确定要安装吗:</text>
	</string>
	<string id="st_prop_autolock">
		<text>自动目标搜寻系统</text>
	</string>
	<string id="st_prop_autolockscope">
		<text>自动目标搜寻系统</text>
	</string>
	<string id="st_prop_scope_5x">
		<text>5倍光学瞄准镜</text>
	</string>
	<string id="st_prop_scope_6x">
		<text>6倍光学瞄准镜</text>
	</string>
	<string id="st_prop_scanner">
		<text>红外扫描器</text>
	</string>
	<string id="st_prop_weightoutfit">
		<text>防弹衣重量</text>
	</string>
	<string id="st_prop_night_vision_2">
		<text>第二代夜视设备</text>
	</string>
	<string id="st_prop_night_vision_3">
		<text>第三代夜视设备</text>
	</string>
	<string id="st_prop_scope_attach">
		<text>增加光学瞄准镜</text>
	</string>
	<string id="st_int_silencer">
		<text>整合式消声器</text>
	</string>
	<string id="st_prop_grenade_launcher">
		<text>枪挂式榴弹发射器</text>
	</string>
	<string id="st_prop_restore_bleeding">
		<text>治疗伤口</text>
	</string>
	<string id="st_prop_restore_health">
		<text>生命恢复</text>
	</string>
	<string id="st_prop_night_vision">
		<text>第一代夜视设备</text>
	</string>
	<string id="st_prop_scope">
		<text>可调式瞄准镜</text>
	</string>
	<string id="st_prop_contrast">
		<text>高反差准镜</text>
	</string>
	<string id="st_prop_sprint">
		<text>加大伺服电机功率</text>
	</string>
	<string id="st_prop_durability">
		<text>防具耐久度</text>
	</string>
	<string id="st_gauss_cannot_be_repaired">
		<text>不清楚这把武器的工作原理.在没有关于这把枪设计信息的情况下不能进行维修.</text>
	</string>
	<string id="st_upgr_cant_do">
		<text>技工无法进行此项改进.</text>
	</string>
	<string id="st_upgr_group">
		<text>该部件已升级</text>
	</string>
	<string id="st_upgr_enough_money">
		<text>资金不足</text>
	</string>
	<string id="st_no_buck">
		<text>无法使用霰弹弹药</text>
	</string>
	<string id="st_auto_fire">
		<text>自动模式</text>
	</string>
	<string id="st_semi_auto_fire">
		<text>3发点射模式</text>
	</string>
	<string id="st_prop_artefact">
		<text>容器数</text>
	</string>
	<string id="st_upgr_vodka">
		<text>技师需要伏特加</text>
	</string>
	<string id="st_upgr_toolkit_1">
		<text>技师需要工具来做基本工作</text>
	</string>
	<string id="st_upgr_toolkit_2">
		<text>技师需要工具来做精细工作</text>
	</string>
	<string id="st_upgr_toolkit_3">
		<text>技师需要工具来校准</text>
	</string>
	<string id="st_upgr_condlist">
		<text>技师需要额外的信息</text>
	</string>
	<string id="st_upgr_parents">
		<text>需要先前部分的修改</text>
	</string>
	<string id="st_up_arm_c9_name">
		<text>基于蓝宝石晶体的"犰狳"保护覆盖层</text>
	</string>
	<string id="st_up_arm_c5_name">
		<text>增强型钛铍合金</text>
	</string>
	<string id="st_up_arm_c7_name">
		<text>额外的碳纤维覆盖层</text>
	</string>
	<string id="st_up_kom_a5_name">
		<text>橡胶布底层</text>
	</string>
</string_table>
