﻿<?xml version="1.0" encoding="utf-8" ?>
<string_table>
	<string id="zat_a1_cutscene_phrase_1">
		<text>1986年4月26日凌晨,切尔诺贝利核电站的4号反应堆由于过热而发生了爆炸事故,放射性粉尘随风扩散到了苏联全境,欧洲地区也受到了辐射粉尘的影响,甚至连北美的海滩上都有发现放射性粉尘的报告.</text>
	</string>
	<string id="zat_a1_cutscene_phrase_2">
		<text>由于事故所造成的后果极其严重,以至于苏维埃联盟政府立即对发生地周围的居民点进行了紧急疏散.</text>
	</string>
	<string id="zat_a1_cutscene_phrase_3">
		<text>以核电站为中心,30千米为半径的地区被这次事故严重污染,变成了无人区,也就是现在的特异区.</text>
	</string>
	<string id="zat_a1_cutscene_phrase_4">
		<text>直到现在,在毁坏的四号反应堆上建造石棺,借以控制辐射拯救切尔诺贝利的行动仍在进行.由于特异区蕴含着巨大能量来源,加之这里再也无法让人类居住,许多科学家被吸引前来建造秘密实验室.</text>
	</string>
	<string id="zat_a1_cutscene_phrase_5">
		<text>2006年6月10日,特异区被一道炫目的闪光照亮.爆炸的闪光之后紧接着的是如蒸发般散去的云层和死一样的寂静.随后雷声大作,地动山摇.几乎所有守卫特异区的士兵瞬间就被杀死了.</text>
	</string>
	<string id="zat_a1_cutscene_phrase_6">
		<text>直到2007年,科学家们还是无法解释当年在特异区到底发生了什么事.少数前往特异区的探险活动也都是以悲剧告终.仅有少数人能从变异怪物们不可思议的超能力中幸存下来,向外人讲述特异区可怕的故事.</text>
	</string>
	<string id="zat_a1_cutscene_phrase_7">
		<text>2009年,情报表明大约有将近300名的不明人员在特异区内活动,这些人自称为潜行者,并且靠寻找值钱的神器来维持生活.</text>
	</string>
	<string id="zat_a1_cutscene_phrase_8">
		<text>时间来到2010年.尽管军队在特异区周围建立了封锁线,潜行者们的数量仍然在不断增加.不过到目前为止,潜行者们只探索了特异区的外围,所有企图深入探究特异区的尝试都以失败告终.</text>
	</string>
	<string id="zat_a1_cutscene_phrase_9">
		<text>2012年,一个叫做史特列洛克的潜行者揭开了"焦脑器"的神秘面纱并成功关闭了它,"焦脑器"是一台强大的能够破坏人类的大脑的发射器.在此之后,潜行者们蜂拥到特异区的中心,有的是为了寻找价值连城的神器,还有的是为了寻找著名的许愿机.</text>
	</string>
	<string id="zat_a1_cutscene_phrase_10">
		<text>在这样变幻莫测的形势下,乌克兰国家安全防卫委员会商议决定立刻进行一项代号为"坦途"的特殊行动.在先前绘制的特异区地图的导航下,许多直升机前往核电站,但是由于缺乏事先的精心准备,行动最终以失败告终,所有派遣的直升机无一返航.</text>
	</string>
	<string id="zat_a1_cutscene_phrase_11">
		<text>USS特工Degtyarev少校,拥有资深的战斗经验,被派往特异区以调查行动失败的缘由.</text>
	</string>
	<string id="zat_a1_cutscene_phrase_12">
		<text>带着一把突击步枪、两周的补给和与总部通讯的电台,他开始了向特异区中心进军的旅程.</text>
	</string>
	<string id="zat_a1_cutscene_phrase_13">
		<text>和潜行者们交谈是无济于事的,他们不是一无所知就是根本懒得理你.</text>
	</string>
	<string id="zat_a1_cutscene_phrase_14">
		<text>特异区时刻无情地提醒少校,在这里没有依靠.Degtyarev每天都要被变异生物袭击,更糟的是,有时候他甚至会被人类袭击.</text>
	</string>
	<string id="zat_a1_cutscene_phrase_15">
		<text>和总部联系没有丝毫帮助,唯一有用的就是关于坠落直升机方位的信息.而在距离核电站几公里的地方,就连电台也坏了.</text>
	</string>
	<string id="zat_a1_cutscene_phrase_16">
		<text>Degtyarev感到非常孤独.</text>
	</string>
	<string id="pri_a28_outro_phrase_1">
		<text>Degtyarev少校由于成功实施了调查行动而被晋升为上校.但他拒绝了这个垂手可得的职位.取而代之的是,他要求自己以安全局常任观测员的身份前往特异区.</text>
	</string>
	<string id="pri_a28_outro_phrase_2">
		<text>Degtyarev获得的有关于psy设备的信息引起了他极高的警惕.所有有从代号"X-实验室"获取的资料都从军队档案馆被调走而后被列为最高机密.在特异区工作的USS工作人员被命令不惜一切代价对在这些"X-实验室"里进行的实验保密.</text>
	</string>
	<string id="pri_a28_outro_phrase_3">
		<text>一些基于实验室技术资料生产的试验样本被用于62号项目的开发.在经过一系列测试之后,这个项目被终止进一步的实施,因为弹药成本过高.但是,有证据表明,还有进一步发展高斯枪的机密项目正在进行之中.</text>
	</string>
	<string id="pri_a28_outro_phrase_4_a">
		<text>苏丹和他的同伙在企图攻占斯卡多夫斯克号失败之后就离开了.当地的潜行者们得到了相对的安宁.这使得大胡子收买的神器也越来越多,生意越做越红火.现在斯卡多夫斯克的名气已经和100辐射酒吧不相上下了.</text>
	</string>
	<string id="pri_a28_outro_phrase_4_b">
		<text>苏丹的团伙还是回到斯卡多夫斯克并且稳固地驻扎下来.这艘船成为了强盗的基地.为了不再向强盗交保护费,大胡子带着一队潜行者去探索特异区地图上没有标注的区域.潜行者们急切地想重新夺回对船舶的控制权.但是一些不守规矩的家伙因为不听命令被扔出货船,最后死在了电磁风暴里.</text>
	</string>
	<string id="pri_a28_outro_phrase_4_c">
		<text>只要你够幸运能到达斯卡多夫斯克,这里还是你理想的栖身之所,强盗们始终对货船虎视眈眈,但是潜行者们的守卫无懈可击.货船上就这样维持着脆弱的和平.</text>
	</string>
	<string id="pri_a28_outro_phrase_5_a">
		<text>不幸的是,这种脆弱的安宁没有持续太久.栖息于斯卡多夫斯克附近的吸血怪不断地骚扰大船.吸血怪的进攻非常猖獗,就连大白天他们也敢现身,潜行者们努力回击.不过,清剿吸血怪巢穴的行动失败了,这些食肉动物不久便将潜行者们从斯卡多夫斯克赶了出去.</text>
	</string>
	<string id="pri_a28_outro_phrase_5_b">
		<text>在吸血怪的巢穴被破坏之后,其他的变异生物对于斯卡多夫斯克地区安危的影响少之又少.在一段时间内,这艘老船成为了在这个变化莫测的特异区里相对稳定的中心.</text>
	</string>
	<string id="pri_a28_outro_phrase_6_a">
		<text>自由团经过努力终于在亚诺夫车站博得了潜行者们的信任,纪律团组织了一场偷袭来收复失地,不过舒尔加中校在激烈的战斗中被流弹打死.群龙无首的纪律团小队很快便溃散了.</text>
	</string>
	<string id="pri_a28_outro_phrase_6_b">
		<text>依靠纪律团在特异区的知名度加之新生血液不断加入纪律团,让纪律团有足够的实力把自由团从亚诺夫车站赶出去.在激烈的交战之后洛基和他的小队全军覆没.</text>
	</string>
	<string id="pri_a28_outro_phrase_6_c">
		<text>在亚诺夫车站,纪律团与自由团之间形成了一种脆弱的平衡关系.双方的战士早已疲倦了这种无谓的争斗纷纷离开自己的阵营成为自由的潜行者.</text>
	</string>
	<string id="pri_a28_outro_phrase_7_a">
		<text>赫尔曼和奥泽斯基教授组织的科学探险队的研究非常成功.他们收集的资料帮助他们研发了很多独特设备和药品.由于受到这些成功事例的激励,在特异区进行研究的资金支持也大大增加.</text>
	</string>
	<string id="pri_a28_outro_phrase_7_b">
		<text>赫尔曼和奥泽斯基教授组织的科学探险队没有获得足够的资料,研究被迫中止.两位教授随后回国参与其他方面的研究.</text>
	</string>
	<string id="pri_a28_outro_phrase_8_a">
		<text>加里诉说的有关于军队在普里皮亚特与险峻的环境艰苦抗争的故事吸引了很多潜行者,有很多人组成小队开始探索这座鬼城.潜行者们不顾黑石组织持续不断的袭击,历尽千辛万苦终于在先前废弃的军事基地里驻扎下来,他们以此作为落脚点向城市深处稳步进发.</text>
	</string>
	<string id="pri_a28_outro_phrase_8_b">
		<text>加里透露的故事吓坏了潜行者们.其中一些大胆的人由于遇到了诡异的可怕现象再也不敢到城里探险,更为这一座已近非常慎人的鬼城平添一份阴霾.</text>
	</string>
	<string id="pri_a28_outro_phrase_9">
		<text>绿洲的传说现在已经不再是一个传奇了.那些成功找到变异点的潜行者们的大名已经越来越多地成为其他潜行者们的话题,谈论者中也不乏许多试图效仿前辈的人——强盗们也抓住机会不断从他们身上获利.他们们谎称可以带探险者到绿洲,然而强盗其实是想把这些可怜虫带离潜行者的大部队,而后杀人抢劫.</text>
	</string>
	<string id="pri_a28_outro_phrase_10">
		<text>佣兵团在特异区的活动仍然非常活跃.他们对在秘密实验室里活动的兴趣与日俱增.这引起了USS的极大关注.尽管如此,USS企图以客户身份在佣兵阵营里暗插卧底的行动并不成功.</text>
	</string>
	<string id="pri_a28_outro_phrase_11_a">
		<text>亚诺夫车站一带持续吸引着大量潜行者们的到来.由于此地没有太多危险的变异生物和变异点,潜行者们越来越多地称此地为"藏宝库".</text>
	</string>
	<string id="pri_a28_outro_phrase_11_b">
		<text>亚诺夫车站一带地区获得了"变异区里最危险之处"的称号.越来越少的潜行者能够从探险活动中安全返回,许多人差一步就能回到营地但最终还是没能逃脱变异生物的魔爪.其中失踪的人里就有兹沃洛博伊.他出发去跟踪一头奇美拉,但是再也没有回来.</text>
	</string>
	<string id="pri_a28_outro_phrase_12_a">
		<text>祖鲁回到了位于大荒野的纪律团基地.没人知道他对纪律团首领沃洛宁上将说了些什么,不过几天之后有人看见他带领一大队的纪律团战士向特异区中心进发了.</text>
	</string>
	<string id="pri_a28_outro_phrase_12_b">
		<text>有关于祖鲁遇难的传闻漏进了纪律团领导沃洛宁上将的耳朵里.出乎所有人意料的是,沃洛宁上将决定授予祖鲁纪律团的最高荣誉——银盾奖章.</text>
	</string>
	<string id="pri_a28_outro_phrase_13_a">
		<text>瓦诺去了由自由团控制的军方仓库.在那里,他乐观开朗的性格很快就赢得了很多人的欢迎.最后,他成为了一个研究、调查变异地区小队的负责人.</text>
	</string>
	<string id="pri_a28_outro_phrase_13_b">
		<text>住在亚诺夫车站的潜行者们常常想念他们的开心果瓦诺,谈论他的乐观开朗和天才般的技能.大家都认为瓦诺是个走运的家伙,不过这次他在前往普里皮亚特的路线选择上犯了重大错误.</text>
	</string>
	<string id="pri_a28_outro_phrase_14_a">
		<text>特异区出现了一个新兴的潜行者组织,他们的成员个个身经百战,不过没人知道他们目的.据不可靠消息称,他们都是一些前黑石组织成员,头领是一个被称做神行客的人.</text>
	</string>
	<string id="pri_a28_outro_phrase_14_b">
		<text>几乎没有人注意到神行客失踪了.他是唯一了解那些受黑石组织控制的潜行者究竟发生了什么事,并帮助他们的人.</text>
	</string>
	<string id="pri_a28_outro_phrase_15_a">
		<text>索科洛夫中尉在飞跃特异区时在里曼斯克被佣兵击落.两周之后他在封锁线被巡逻的士兵搭救,他的幸存真是一个小小的奇迹.索科洛夫不久之后便离开了空军,到民用航空公司工作去了.</text>
	</string>
	<string id="pri_a28_outro_phrase_15_b">
		<text>在坦途行动中伤亡士兵的资料被修改了,新加入了一个人:"高级中尉索科洛夫,因为执行任务阵亡."</text>
	</string>
	<string id="pri_a28_outro_phrase_16">
		<text>猫头鹰与特异区之外的客户们建立了密切的联络.他靠买卖情报为生,如果传言属实,他最大的客户就是USS.</text>
	</string>
	<string id="pri_a28_outro_phrase_17">
		<text>一群潜行者为了躲避一场异常强大的电磁风暴逃进了诺亚的旧船.这艘船随后又被一大群史诺克围攻,潜行者们很快发现这艘船虽小但还算一个强大的堡垒,更让人吃惊的是,诺亚收养的一群地狱犬幼仔也加入了他们与史诺克的战斗之中.</text>
	</string>
	<string id="pri_a28_outro_phrase_18_a">
		<text>鉴于他朋友们不幸的遭遇,卡丹打消了他继续成为一名潜行者的念头.他戒了酒,然后搬到了亚诺夫车站.在那里他和尼特罗合伙办了一家综合修理店,两位技师都很乐于把自己的空闲时间用于打造一辆适用于特异区,无视特异区恶劣环境的越野车.</text>
	</string>
	<string id="pri_a28_outro_phrase_18_b">
		<text>戒酒之后,卡丹离开了斯卡多夫斯克.潜行者们猜测他应该是去寻找先前失去联系的伙伴了.几天之后他带着满身的伤痕和严重的辐射伤害回到斯卡多夫斯克.养好伤后,他便永远地离开了特异区.</text>
	</string>
	<string id="pri_a28_outro_phrase_19_a">
		<text>史特列洛克向上级传送了他在切尔诺贝利核电站所获得的资料.这些资料促使政府创建了一个有关切尔诺贝利特异区的科学研究所.史特列洛克任职此研究所的首席科学顾问.</text>
	</string>
	<string id="pri_a28_outro_phrase_19_b">
		<text>史特列洛克的秘密伴随他一起留在了特异区的泥土中.他在切尔诺贝利核电站获得的信息本应可以用于解释特异区的谜团,但是由于史特列洛克的死去,线索便就此中断了.特异区又一次成功守护住了它的秘密.</text>
	</string>
	<string id="pri_a28_outro_phrase_20_a">
		<text>刺鳐大队的队长科瓦斯基上校从特异区归来后便立即向上级汇报了坦途行动失败的缘由.经过漫长的调查,上司始终还是不忍加罪于他,最后上校得到了光荣退役.</text>
	</string>
	<string id="pri_a28_outro_phrase_20_b">
		<text>刺鳐大队的队长科瓦斯基上校在离他自己主力部队不远的地方找到了他的长眠之地.他们的遗骨被留在特异区,最后只在专门军事博物馆里留下一些退色的老照片,提醒后人他们为国家作出的牺牲.</text>
	</string>
</string_table>
