﻿<?xml version="1.0" encoding="utf-8" ?>
<string_table>
	<string id="kb_active_jobs">
		<text>PDA</text>
	</string>
	<string id="kb_alife_command">
		<text>进攻命令</text>
	</string>
	<string id="kb_always_run">
		<text>静音走</text>
	</string>
	<string id="kb_artefact">
		<text>神器</text>
	</string>
	<string id="kb_backward">
		<text>向后</text>
	</string>
	<string id="kb_binoculars">
		<text>望远镜</text>
	</string>
	<string id="kb_buy_menu">
		<text>购买菜单</text>
	</string>
	<string id="kb_chat">
		<text>全体聊天</text>
	</string>
	<string id="kb_chat_team">
		<text>队内聊天</text>
	</string>
	<string id="kb_console">
		<text>控制台</text>
	</string>
	<string id="kb_contacts">
		<text>PDA联系人</text>
	</string>
	<string id="kb_crouch">
		<text>蹲下</text>
	</string>
	<string id="kb_crouch_toggle">
		<text>保持蹲下</text>
	</string>
	<string id="kb_detector">
		<text>神器探测器</text>
	</string>
	<string id="kb_down">
		<text>下</text>
	</string>
	<string id="kb_drop">
		<text>丢弃</text>
	</string>
	<string id="kb_fire">
		<text>开火</text>
	</string>
	<string id="kb_firemode_next">
		<text>下一个射击模式</text>
	</string>
	<string id="kb_firemode_prev">
		<text>前一个射击模式</text>
	</string>
	<string id="kb_forward">
		<text>向前</text>
	</string>
	<string id="kb_func">
		<text>附挂的榴弹发射器</text>
	</string>
	<string id="kb_grp_common">
		<text>一般</text>
	</string>
	<string id="kb_grp_direction">
		<text>方向</text>
	</string>
	<string id="kb_grp_inventory">
		<text>物品</text>
	</string>
	<string id="kb_grp_movement">
		<text>移动</text>
	</string>
	<string id="kb_grp_multiplayer">
		<text>多人游戏</text>
	</string>
	<string id="kb_grp_weapons">
		<text>武器</text>
	</string>
	<string id="kb_inventory">
		<text>物品栏</text>
	</string>
	<string id="kb_jump">
		<text>跳跃</text>
	</string>
	<string id="kb_left">
		<text>左</text>
	</string>
	<string id="kb_left_lookout">
		<text>向左探头</text>
	</string>
	<string id="kb_left_strafe">
		<text>向左</text>
	</string>
	<string id="kb_map">
		<text>PDA地图</text>
	</string>
	<string id="kb_next_slot">
		<text>下一个武器</text>
	</string>
	<string id="kb_night_vision">
		<text>夜视仪</text>
	</string>
	<string id="kb_pause">
		<text>暂停游戏</text>
	</string>
	<string id="kb_pda">
		<text>PDA</text>
	</string>
	<string id="kb_prev_slot">
		<text>前一个武器</text>
	</string>
	<string id="kb_quit">
		<text>退出</text>
	</string>
	<string id="kb_reload">
		<text>装填子弹</text>
	</string>
	<string id="kb_repair">
		<text>修理</text>
	</string>
	<string id="kb_right">
		<text>右</text>
	</string>
	<string id="kb_right_lookout">
		<text>向右探头</text>
	</string>
	<string id="kb_right_strafe">
		<text>向右</text>
	</string>
	<string id="kb_scores">
		<text>分数</text>
	</string>
	<string id="kb_screenshot">
		<text>截图</text>
	</string>
	<string id="kb_skin_menu">
		<text>角色选择菜单</text>
	</string>
	<string id="kb_sprint">
		<text>冲刺</text>
	</string>
	<string id="kb_team_menu">
		<text>队伍选择菜单</text>
	</string>
	<string id="kb_torch">
		<text>手电筒</text>
	</string>
	<string id="kb_turn_engine">
		<text>激活</text>
	</string>
	<string id="kb_up">
		<text>上</text>
	</string>
	<string id="kb_use">
		<text>使用</text>
	</string>
	<string id="kb_use_bandage">
		<text>快速使用绷带</text>
	</string>
	<string id="kb_use_medkit">
		<text>快速使用药箱</text>
	</string>
	<string id="kb_vote_begin">
		<text>开始投票</text>
	</string>
	<string id="kb_vote_menu">
		<text>投票</text>
	</string>
	<string id="kb_vote_no">
		<text>投反对票</text>
	</string>
	<string id="kb_vote_yes">
		<text>投赞成票</text>
	</string>
	<string id="kb_weapon1">
		<text>1号武器栏</text>
	</string>
	<string id="kb_weapon2">
		<text>2号武器栏</text>
	</string>
	<string id="kb_weapon3">
		<text>3号武器栏</text>
	</string>
	<string id="kb_weapon4">
		<text>4号武器栏</text>
	</string>
	<string id="kb_weapon5">
		<text>5号武器栏</text>
	</string>
	<string id="kb_weapon6">
		<text>6号武器栏</text>
	</string>
	<string id="kb_wpn_next">
		<text>改变弹药种类</text>
	</string>
	<string id="kb_wpn_prev">
		<text>前一个这类武器</text>
	</string>
	<string id="kb_zoom">
		<text>瞄准</text>
	</string>
	<string id="speech_menu_group">
		<text>语音通信(1)</text>
	</string>
	<string id="speech_menu_personal">
		<text>语音通信(2)</text>
	</string>
	<string id="kb_quick_use_1">
		<text>快速使用1</text>
	</string>
	<string id="kb_quick_use_2">
		<text>快速使用2</text>
	</string>
	<string id="kb_quick_use_3">
		<text>快速使用3</text>
	</string>
	<string id="kb_quick_use_4">
		<text>快速使用4</text>
	</string>
</string_table>
