﻿<?xml version="1.0" encoding="utf-8" ?>
<string_table>
	<string id="not_enough_money_actor">
		<text>金钱不足</text>
	</string>
	<string id="not_enough_money_partner">
		<text>对方的金钱不足</text>
	</string>
	<string id="quick_use_str_1">
		<text>$$ACTION_QUICK_USE_1$$</text>
	</string>
	<string id="quick_use_str_2">
		<text>$$ACTION_QUICK_USE_2$$</text>
	</string>
	<string id="quick_use_str_3">
		<text>$$ACTION_QUICK_USE_3$$</text>
	</string>
	<string id="quick_use_str_4">
		<text>$$ACTION_QUICK_USE_4$$</text>
	</string>
	<string id="st_activate_artefact">
		<text>激活神器</text>
	</string>
	<string id="st_attach_gl_to_rifle">
		<text>安装榴弹发射器到</text>
	</string>
	<string id="st_attach_scope_to_pistol">
		<text>安装瞄准镜到</text>
	</string>
	<string id="st_attach_silencer_to_pistol">
		<text>安装消音器到</text>
	</string>
	<string id="st_base_cost">
		<text>价格</text>
	</string>
	<string id="st_community">
		<text>小组:</text>
	</string>
	<string id="st_condition">
		<text>状态</text>
	</string>
	<string id="st_detach_gl">
		<text>卸下榴弹发射器</text>
	</string>
	<string id="st_detach_scope">
		<text>卸下瞄准镜</text>
	</string>
	<string id="st_detach_silencer">
		<text>卸下消音器</text>
	</string>
	<string id="st_dress_outfit">
		<text>穿上防护服</text>
	</string>
	<string id="st_drop">
		<text>扔掉</text>
	</string>
	<string id="st_drop_all">
		<text>扔掉全部</text>
	</string>
	<string id="st_eat">
		<text>吃掉</text>
	</string>
	<string id="st_kg">
		<text>公斤</text>
	</string>
	<string id="st_move_on_belt">
		<text>装备神器</text>
	</string>
	<string id="st_move_to_bag">
		<text>移入背包</text>
	</string>
	<string id="st_move_to_slot">
		<text>移入装备栏</text>
	</string>
	<string id="st_no_trade_tip_1">
		<text>商人对这件东西不感兴趣.</text>
	</string>
	<string id="st_no_trade_tip_2">
		<text>这件物品损毁严重无法交易.</text>
	</string>
	<string id="st_play">
		<text>游戏</text>
	</string>
	<string id="st_sell_item">
		<text>出售物品</text>
	</string>
	<string id="st_ui_armor_static">
		<text>护甲状态</text>
	</string>
	<string id="st_ui_main_sensor">
		<text>放射性污染</text>
	</string>
	<string id="st_undress_outfit">
		<text>脱下防护服</text>
	</string>
	<string id="st_unload_magazine">
		<text>退出子弹</text>
	</string>
	<string id="st_use">
		<text>使用</text>
	</string>
	<string id="st_weight">
		<text>重量.</text>
	</string>
	<string id="ui_ammo_count">
		<text>弹匣容量</text>
	</string>
	<string id="ui_inv_accuracy">
		<text>精准度</text>
	</string>
	<string id="ui_inv_ammo_pistol">
		<text>购买手枪弹药(Q)</text>
	</string>
	<string id="ui_inv_ammo_rifle">
		<text>购买步枪弹药(W)</text>
	</string>
	<string id="ui_inv_bleeding">
		<text>治疗伤口</text>
	</string>
	<string id="ui_inv_cancel">
		<text>取消</text>
	</string>
	<string id="ui_inv_cant_buy_item">
		<text>无法购买武器</text>
	</string>
	<string id="ui_inv_count_restr">
		<text>数量限制</text>
	</string>
	<string id="ui_inv_damage">
		<text>伤害</text>
	</string>
	<string id="ui_inv_default(F5)">
		<text>默认(F5)</text>
	</string>
	<string id="ui_inv_exit">
		<text>返回</text>
	</string>
	<string id="ui_inv_granadelauncher_rifle">
		<text>为步枪购买榴弹发射器(D)</text>
	</string>
	<string id="ui_inv_granades_rifle">
		<text>购买枪榴弹(E)</text>
	</string>
	<string id="ui_inv_handling">
		<text>操作性</text>
	</string>
	<string id="ui_inv_has">
		<text>目前状况</text>
	</string>
	<string id="ui_inv_health">
		<text>健康值</text>
	</string>
	<string id="ui_inv_heavy_weapons">
		<text>超重</text>
	</string>
	<string id="ui_inv_last_buy">
		<text>购买最后买的装备</text>
	</string>
	<string id="ui_inv_last_buy(F4)">
		<text>以前的(F4)</text>
	</string>
	<string id="ui_inv_money">
		<text>金钱</text>
	</string>
	<string id="ui_inv_need">
		<text>必需的</text>
	</string>
	<string id="ui_inv_not_enought_money">
		<text>金钱不足</text>
	</string>
	<string id="ui_inv_ok">
		<text>确定</text>
	</string>
	<string id="ui_inv_outfit_additional_weight">
		<text>负重</text>
	</string>
	<string id="ui_inv_outfit_burn_protection">
		<text>阻燃</text>
	</string>
	<string id="ui_inv_outfit_chemical_burn_protection">
		<text>防毒及抗化学腐蚀</text>
	</string>
	<string id="ui_inv_outfit_fire_wound_protection">
		<text>防弹</text>
	</string>
	<string id="ui_inv_outfit_radiation_protection">
		<text>抗辐射</text>
	</string>
	<string id="ui_inv_outfit_shock_protection">
		<text>绝缘能力</text>
	</string>
	<string id="ui_inv_outfit_telepatic_protection">
		<text>抗电磁辐射.</text>
	</string>
	<string id="ui_inv_outfit_wound_protection">
		<text>防撕咬</text>
	</string>
	<string id="ui_inv_power">
		<text>耐力恢复</text>
	</string>
	<string id="ui_inv_preset1(F1)">
		<text>快捷键1(F1)</text>
	</string>
	<string id="ui_inv_preset2(F2)">
		<text>快捷键2(F2)</text>
	</string>
	<string id="ui_inv_preset3(F3)">
		<text>快捷键3(F3)</text>
	</string>
	<string id="ui_inv_radiation">
		<text>辐射</text>
	</string>
	<string id="ui_inv_rank_restr">
		<text>等级限制</text>
	</string>
	<string id="ui_inv_rate_of_fire">
		<text>射击速率</text>
	</string>
	<string id="ui_inv_reset_items(C)">
		<text>清除(C)</text>
	</string>
	<string id="ui_inv_rifles">
		<text>突击步枪</text>
	</string>
	<string id="ui_inv_satiety">
		<text>腹满度</text>
	</string>
	<string id="ui_inv_scope_rifle">
		<text>为步枪购买瞄准镜(S)</text>
	</string>
	<string id="ui_inv_sell_items(X)">
		<text>卖掉背包中的所有物品(X)</text>
	</string>
	<string id="ui_inv_shotguns">
		<text>步枪</text>
	</string>
	<string id="ui_inv_silencer_pistol">
		<text>为手枪买消音器(A)</text>
	</string>
	<string id="ui_inv_silencer_rifle">
		<text>为步枪买消音器(F)</text>
	</string>
	<string id="ui_inv_sniper_rifles">
		<text>狙击步枪</text>
	</string>
	<string id="ui_inv_time">
		<text>时间</text>
	</string>
	<string id="ui_inv_you_already_have">
		<text>已经有一个了</text>
	</string>
	<string id="ui_st_err_gs_not_available">
		<text>无法进入在线S.T.A.L.K.E.R.游戏.</text>
	</string>
	<string id="ui_st_err_sb_master_server_conn_fail">
		<text>无法进入主机服务器.</text>
	</string>
	<string id="ui_st_outfit_protect">
		<text>保护:</text>
	</string>
	<string id="ui_st_preset_def">
		<text>默认</text>
	</string>
	<string id="ui_st_preset_stored_to">
		<text>将购买的组合储存为</text>
	</string>
	<string id="ui_total_weight">
		<text>总重量:</text>
	</string>
	<string id="st_drink">
		<text>喝掉</text>
	</string>
	<string id="ui_inv_outfit_power_restore">
		<text>耐力恢复</text>
	</string>
	<string id="st_ui_bleeding_sensor">
		<text>正在流血</text>
	</string>
	<string id="ui_inv_weight">
		<text>最大负重</text>
	</string>
	<string id="st_ui_health_sensor">
		<text>健康</text>
	</string>
	<string id="ui_ammo_types">
		<text>弹药</text>
	</string>
	<string id="ui_inv_effect_time">
		<text>持续时间</text>
	</string>
	<string id="ui_inv_seconds_short">
		<text>秒</text>
	</string>
	<string id="ui_inv_survive_surge">
		<text>允许你抵抗一场电磁风暴</text>
	</string>
	<string id="st_undress_helmet">
		<text>摘下头盔</text>
	</string>
	<string id="st_dress_helmet">
		<text>戴上头盔</text>
	</string>
</string_table>
